event_type,timestamp,node_id,node_addr,packet_id,source,dest,data_value,next_hop,routing_option,previous_hop
SEND,622.587893,44,"[3,1]",44_12,"[3,1]","[33,1]",20.912887,,,
ROUTE,622.587893,44,"[3,1]",44_12,"[3,1]","[33,1]",20.912887,"[3,254]",Up Tree,44
SEND,693.525523,1,"[12,3]",1_0,"[12,3]","[25,1]",29.358192,,,
ROUTE,693.525523,1,"[12,3]",1_0,"[12,3]","[25,1]",29.358192,"[12,254]",Up Tree,1
ROUTE,693.525618,2,"[12,2]",1_0,"[12,3]","[25,1]",29.358192,"[6,3]",Up Tree,2
ROUTE,693.525698,13,"[6,3]",1_0,"[12,3]","[25,1]",29.358192,"[6,254]",Cluster Routing Router Gateway,2
ROUTE,693.525798,22,"[6,1]",1_0,"[12,3]","[25,1]",29.358192,"[1,4]",Up Tree,22
ROUTE,693.525893,23,"[1,4]",1_0,"[12,3]","[25,1]",29.358192,"[1,254]",Cluster Routing Router Gateway,22
ROUTE,693.525981,24,"[1,1]",1_0,"[12,3]","[25,1]",29.358192,"[1,3]",Down Tree,24
ROUTE,693.526094,26,"[1,3]",1_0,"[12,3]","[25,1]",29.358192,"[2,1]",Cluster Routing Router Gateway 2,24
ROUTE,693.526211,37,"[2,1]",1_0,"[12,3]","[25,1]",29.358192,"[2,5]",Down Tree,37
ROUTE,693.526308,38,"[2,5]",1_0,"[12,3]","[25,1]",29.358192,"[10,1]",Cluster Routing Router Gateway 2,37
ROUTE,693.526411,48,"[10,1]",1_0,"[12,3]","[25,1]",29.358192,"[10,3]",Down Tree,48
ROUTE,693.526498,59,"[10,3]",1_0,"[12,3]","[25,1]",29.358192,"[17,1]",Cluster Routing Router Gateway 2,48
ROUTE,693.526572,69,"[17,1]",1_0,"[12,3]","[25,1]",29.358192,"[25,254]",Cluster Routing Cluster,69
ROUTE,693.526690,79,"[17,4]",1_0,"[12,3]","[25,1]",29.358192,"[25,1]",Cluster Routing Cluster,79
RECEIVE,693.526807,98,"[25,1]",1_0,"[12,3]","[25,1]",29.358192,,,79
SEND,697.652008,36,"[3,8]",36_2,"[3,8]","[3,1]",33.964672,,,
ROUTE,697.652008,36,"[3,8]",36_2,"[3,8]","[3,1]",33.964672,"[3,2]",Cluster Routing Cluster,36
SEND,704.330119,10,"[18,2]",10_0,"[18,2]","[3,2]",46.366296,,,
SEND,726.589419,8,"[5,4]",8_0,"[5,4]","[6,7]",47.509376,,,
ROUTE,726.589419,8,"[5,4]",8_0,"[5,4]","[6,7]",47.509376,"[5,254]",Up Tree,8
ROUTE,726.589468,18,"[5,2]",8_0,"[5,4]","[6,7]",47.509376,"[2,4]",Up Tree,18
ROUTE,726.589552,28,"[2,4]",8_0,"[5,4]","[6,7]",47.509376,"[2,254]",Cluster Routing Router Gateway,18
ROUTE,726.589666,37,"[2,1]",8_0,"[5,4]","[6,7]",47.509376,"[1,3]",Up Tree,37
ROUTE,726.589783,26,"[1,3]",8_0,"[5,4]","[6,7]",47.509376,"[1,254]",Cluster Routing Router Gateway,37
ROUTE,726.589895,24,"[1,1]",8_0,"[5,4]","[6,7]",47.509376,"[1,4]",Cluster Routing Cluster,24
ROUTE,726.589984,23,"[1,4]",8_0,"[5,4]","[6,7]",47.509376,"[6,7]",Cluster Routing Cluster,23
RECEIVE,726.590096,12,"[6,7]",8_0,"[5,4]","[6,7]",47.509376,,,23
SEND,764.073535,51,"[14,3]",51_0,"[14,3]","[29,3]",23.606624,,,
ROUTE,764.073535,51,"[14,3]",51_0,"[14,3]","[29,3]",23.606624,"[14,254]",Up Tree,51
ROUTE,764.073616,40,"[14,2]",51_0,"[14,3]","[29,3]",23.606624,"[6,4]",Up Tree,40
ROUTE,764.073708,31,"[6,4]",51_0,"[14,3]","[29,3]",23.606624,"[6,254]",Cluster Routing Router Gateway,40
ROUTE,764.073807,22,"[6,1]",51_0,"[14,3]","[29,3]",23.606624,"[1,4]",Up Tree,22
ROUTE,764.073901,23,"[1,4]",51_0,"[14,3]","[29,3]",23.606624,"[1,254]",Cluster Routing Router Gateway,22
ROUTE,764.073990,24,"[1,1]",51_0,"[14,3]","[29,3]",23.606624,"[1,3]",Down Tree,24
ROUTE,764.074102,26,"[1,3]",51_0,"[14,3]","[29,3]",23.606624,"[2,1]",Cluster Routing Router Gateway 2,24
ROUTE,764.074219,37,"[2,1]",51_0,"[14,3]","[29,3]",23.606624,"[2,5]",Down Tree,37
ROUTE,764.074317,38,"[2,5]",51_0,"[14,3]","[29,3]",23.606624,"[10,1]",Cluster Routing Router Gateway 2,37
ROUTE,764.074420,48,"[10,1]",51_0,"[14,3]","[29,3]",23.606624,"[10,3]",Down Tree,48
ROUTE,764.074507,59,"[10,3]",51_0,"[14,3]","[29,3]",23.606624,"[17,1]",Cluster Routing Router Gateway 2,48
ROUTE,764.074580,69,"[17,1]",51_0,"[14,3]","[29,3]",23.606624,"[17,3]",Down Tree,69
ROUTE,764.074696,78,"[17,3]",51_0,"[14,3]","[29,3]",23.606624,"[24,3]",Cluster Routing Cluster,78
ROUTE,764.074796,87,"[24,3]",51_0,"[14,3]","[29,3]",23.606624,"[29,3]",Cluster Routing Cluster,87
RECEIVE,764.074886,86,"[29,3]",51_0,"[14,3]","[29,3]",23.606624,,,87
SEND,774.765962,17,"[5,3]",17_3,"[5,3]","[31,2]",34.562436,,,
SEND,779.608117,45,"[3,2]",45_5,"[3,2]","[18,2]",44.085167,,,
ROUTE,779.608117,45,"[3,2]",45_5,"[3,2]","[18,2]",44.085167,"[3,254]",Up Tree,45
SEND,801.332763,58,"[10,5]",58_0,"[10,5]","[6,7]",20.156429,,,
ROUTE,801.332763,58,"[10,5]",58_0,"[10,5]","[6,7]",20.156429,"[10,254]",Up Tree,58
ROUTE,801.332822,48,"[10,1]",58_0,"[10,5]","[6,7]",20.156429,"[2,5]",Up Tree,48
ROUTE,801.332924,38,"[2,5]",58_0,"[10,5]","[6,7]",20.156429,"[2,254]",Cluster Routing Router Gateway,48
ROUTE,801.333022,37,"[2,1]",58_0,"[10,5]","[6,7]",20.156429,"[1,3]",Up Tree,37
ROUTE,801.333139,26,"[1,3]",58_0,"[10,5]","[6,7]",20.156429,"[1,254]",Cluster Routing Router Gateway,37
ROUTE,801.333251,24,"[1,1]",58_0,"[10,5]","[6,7]",20.156429,"[1,4]",Cluster Routing Cluster,24
ROUTE,801.333340,23,"[1,4]",58_0,"[10,5]","[6,7]",20.156429,"[6,7]",Cluster Routing Cluster,23
RECEIVE,801.333451,12,"[6,7]",58_0,"[10,5]","[6,7]",20.156429,,,23
SEND,808.526902,89,"[24,2]",89_0,"[24,2]","[5,4]",15.209075,,,
ROUTE,808.526902,89,"[24,2]",89_0,"[24,2]","[5,4]",15.209075,"[24,254]",Up Tree,89
ROUTE,808.527021,78,"[17,3]",89_0,"[24,2]","[5,4]",15.209075,"[17,254]",Up Tree,78
ROUTE,808.527137,69,"[17,1]",89_0,"[24,2]","[5,4]",15.209075,"[10,3]",Up Tree,69
ROUTE,808.527210,59,"[10,3]",89_0,"[24,2]","[5,4]",15.209075,"[10,254]",Cluster Routing Router Gateway,69
ROUTE,808.527297,48,"[10,1]",89_0,"[24,2]","[5,4]",15.209075,"[2,5]",Up Tree,48
ROUTE,808.527400,38,"[2,5]",89_0,"[24,2]","[5,4]",15.209075,"[2,254]",Cluster Routing Router Gateway,48
ROUTE,808.527497,37,"[2,1]",89_0,"[24,2]","[5,4]",15.209075,"[2,4]",Down Tree,37
ROUTE,808.527611,28,"[2,4]",89_0,"[24,2]","[5,4]",15.209075,"[5,1]",Cluster Routing Cluster,28
SEND,808.736413,15,"[19,2]",15_0,"[19,2]","[10,5]",36.333161,,,
SEND,809.401087,49,"[10,2]",49_0,"[10,2]","[6,7]",21.501221,,,
ROUTE,809.401087,49,"[10,2]",49_0,"[10,2]","[6,7]",21.501221,"[10,254]",Up Tree,49
ROUTE,809.401144,48,"[10,1]",49_0,"[10,2]","[6,7]",21.501221,"[2,5]",Up Tree,48
ROUTE,809.401246,38,"[2,5]",49_0,"[10,2]","[6,7]",21.501221,"[2,254]",Cluster Routing Router Gateway,48
ROUTE,809.401344,37,"[2,1]",49_0,"[10,2]","[6,7]",21.501221,"[1,3]",Up Tree,37
ROUTE,809.401461,26,"[1,3]",49_0,"[10,2]","[6,7]",21.501221,"[1,254]",Cluster Routing Router Gateway,37
ROUTE,809.401573,24,"[1,1]",49_0,"[10,2]","[6,7]",21.501221,"[1,4]",Cluster Routing Cluster,24
ROUTE,809.401662,23,"[1,4]",49_0,"[10,2]","[6,7]",21.501221,"[6,7]",Cluster Routing Cluster,23
RECEIVE,809.401774,12,"[6,7]",49_0,"[10,2]","[6,7]",21.501221,,,23
SEND,822.494368,75,"[31,3]",75_0,"[31,3]","[3,10]",11.657832,,,
ROUTE,822.494368,75,"[31,3]",75_0,"[31,3]","[3,10]",11.657832,"[31,254]",Up Tree,75
ROUTE,822.494412,76,"[31,1]",75_0,"[31,3]","[3,10]",11.657832,"[24,5]",Up Tree,76
ROUTE,822.494502,77,"[24,5]",75_0,"[31,3]","[3,10]",11.657832,"[24,254]",Cluster Routing Router Gateway,76
ROUTE,822.494583,78,"[17,3]",75_0,"[31,3]","[3,10]",11.657832,"[17,254]",Up Tree,78
ROUTE,822.494698,69,"[17,1]",75_0,"[31,3]","[3,10]",11.657832,"[10,3]",Up Tree,69
ROUTE,822.494772,59,"[10,3]",75_0,"[31,3]","[3,10]",11.657832,"[10,254]",Cluster Routing Router Gateway,69
ROUTE,822.494859,48,"[10,1]",75_0,"[31,3]","[3,10]",11.657832,"[2,5]",Up Tree,48
ROUTE,822.494962,38,"[2,5]",75_0,"[31,3]","[3,10]",11.657832,"[2,254]",Cluster Routing Router Gateway,48
ROUTE,822.495059,37,"[2,1]",75_0,"[31,3]","[3,10]",11.657832,"[1,3]",Up Tree,37
ROUTE,822.495176,26,"[1,3]",75_0,"[31,3]","[3,10]",11.657832,"[3,10]",Cluster Routing Cluster,26
SEND,836.390089,33,"[6,6]",33_0,"[6,6]","[16,4]",25.586657,,,
ROUTE,836.390089,33,"[6,6]",33_0,"[6,6]","[16,4]",25.586657,"[16,4]",Cluster Routing Cluster,33
RECEIVE,836.390169,42,"[16,4]",33_0,"[6,6]","[16,4]",25.586657,,,33
SEND,849.884812,29,"[10,2]",29_0,"[10,2]","[4,4]",41.521787,,,
SEND,851.843994,85,"[31,2]",85_0,"[31,2]","[14,1]",39.257782,,,
ROUTE,851.843994,85,"[31,2]",85_0,"[31,2]","[14,1]",39.257782,"[31,254]",Up Tree,85
ROUTE,851.844099,76,"[31,1]",85_0,"[31,2]","[14,1]",39.257782,"[24,5]",Up Tree,76
ROUTE,851.844190,77,"[24,5]",85_0,"[31,2]","[14,1]",39.257782,"[24,254]",Cluster Routing Router Gateway,76
ROUTE,851.844270,78,"[17,3]",85_0,"[31,2]","[14,1]",39.257782,"[17,254]",Up Tree,78
ROUTE,851.844386,69,"[17,1]",85_0,"[31,2]","[14,1]",39.257782,"[10,3]",Up Tree,69
ROUTE,851.844459,59,"[10,3]",85_0,"[31,2]","[14,1]",39.257782,"[10,254]",Cluster Routing Router Gateway,69
ROUTE,851.844546,48,"[10,1]",85_0,"[31,2]","[14,1]",39.257782,"[2,5]",Up Tree,48
ROUTE,851.844649,38,"[2,5]",85_0,"[31,2]","[14,1]",39.257782,"[2,254]",Cluster Routing Router Gateway,48
ROUTE,851.844747,37,"[2,1]",85_0,"[31,2]","[14,1]",39.257782,"[1,3]",Up Tree,37
ROUTE,851.844864,26,"[1,3]",85_0,"[31,2]","[14,1]",39.257782,"[1,254]",Cluster Routing Router Gateway,37
ROUTE,851.844976,24,"[1,1]",85_0,"[31,2]","[14,1]",39.257782,"[1,4]",Down Tree,24
ROUTE,851.845065,23,"[1,4]",85_0,"[31,2]","[14,1]",39.257782,"[6,5]",Cluster Routing Cluster,23
ROUTE,851.845150,32,"[6,5]",85_0,"[31,2]","[14,1]",39.257782,"[14,1]",Cluster Routing Cluster,32
RECEIVE,851.845264,41,"[14,1]",85_0,"[31,2]","[14,1]",39.257782,,,32
SEND,852.942459,55,"[4,4]",55_0,"[4,4]","[10,5]",40.055487,,,
ROUTE,852.942459,55,"[4,4]",55_0,"[4,4]","[10,5]",40.055487,"[4,254]",Up Tree,55
ROUTE,852.942539,56,"[4,3]",55_0,"[4,4]","[10,5]",40.055487,"[2,3]",Cluster Routing Cluster,56
ROUTE,852.942631,47,"[2,3]",55_0,"[4,4]","[10,5]",40.055487,"[10,5]",Cluster Routing Cluster,47
RECEIVE,852.942706,58,"[10,5]",55_0,"[4,4]","[10,5]",40.055487,,,47
SEND,903.626999,75,"[31,3]",75_1,"[31,3]","[12,3]",16.973225,,,
ROUTE,903.626999,75,"[31,3]",75_1,"[31,3]","[12,3]",16.973225,"[31,254]",Up Tree,75
ROUTE,903.627043,76,"[31,1]",75_1,"[31,3]","[12,3]",16.973225,"[24,5]",Up Tree,76
ROUTE,903.627133,77,"[24,5]",75_1,"[31,3]","[12,3]",16.973225,"[24,254]",Cluster Routing Router Gateway,76
ROUTE,903.627214,78,"[17,3]",75_1,"[31,3]","[12,3]",16.973225,"[17,254]",Up Tree,78
ROUTE,903.627330,69,"[17,1]",75_1,"[31,3]","[12,3]",16.973225,"[10,3]",Up Tree,69
ROUTE,903.627403,59,"[10,3]",75_1,"[31,3]","[12,3]",16.973225,"[10,254]",Cluster Routing Router Gateway,69
ROUTE,903.627490,48,"[10,1]",75_1,"[31,3]","[12,3]",16.973225,"[2,5]",Up Tree,48
ROUTE,903.627593,38,"[2,5]",75_1,"[31,3]","[12,3]",16.973225,"[2,254]",Cluster Routing Router Gateway,48
ROUTE,903.627690,37,"[2,1]",75_1,"[31,3]","[12,3]",16.973225,"[1,3]",Up Tree,37
ROUTE,903.627808,26,"[1,3]",75_1,"[31,3]","[12,3]",16.973225,"[1,254]",Cluster Routing Router Gateway,37
ROUTE,903.627920,24,"[1,1]",75_1,"[31,3]","[12,3]",16.973225,"[1,4]",Down Tree,24
ROUTE,903.628009,23,"[1,4]",75_1,"[31,3]","[12,3]",16.973225,"[6,7]",Cluster Routing Cluster,23
SEND,905.606721,57,"[4,2]",57_12,"[4,2]","[16,4]",19.711163,,,
SEND,906.807163,67,"[24,4]",67_0,"[24,4]","[10,2]",14.288057,,,
ROUTE,906.807163,67,"[24,4]",67_0,"[24,4]","[10,2]",14.288057,"[24,254]",Up Tree,67
ROUTE,906.807262,78,"[17,3]",67_0,"[24,4]","[10,2]",14.288057,"[17,254]",Up Tree,78
ROUTE,906.807378,69,"[17,1]",67_0,"[24,4]","[10,2]",14.288057,"[10,3]",Cluster Routing Cluster,69
ROUTE,906.807451,59,"[10,3]",67_0,"[24,4]","[10,2]",14.288057,"[10,2]",Cluster Routing Cluster,59
RECEIVE,906.807503,49,"[10,2]",67_0,"[24,4]","[10,2]",14.288057,,,59
SEND,944.635530,46,"[2,2]",46_6,"[2,2]","[12,3]",37.976808,,,
ROUTE,944.635530,46,"[2,2]",46_6,"[2,2]","[12,3]",37.976808,"[2,254]",Up Tree,46
ROUTE,944.635597,37,"[2,1]",46_6,"[2,2]","[12,3]",37.976808,"[1,3]",Up Tree,37
ROUTE,944.635714,26,"[1,3]",46_6,"[2,2]","[12,3]",37.976808,"[1,254]",Cluster Routing Router Gateway,37
ROUTE,944.635827,24,"[1,1]",46_6,"[2,2]","[12,3]",37.976808,"[1,4]",Down Tree,24
ROUTE,944.635915,23,"[1,4]",46_6,"[2,2]","[12,3]",37.976808,"[6,7]",Cluster Routing Cluster,23
SEND,951.496785,95,"[29,3]",95_0,"[29,3]","[17,2]",42.664495,,,
ROUTE,951.496785,95,"[29,3]",95_0,"[29,3]","[17,2]",42.664495,"[29,254]",Up Tree,95
ROUTE,951.496878,96,"[29,2]",95_0,"[29,3]","[17,2]",42.664495,"[24,3]",Up Tree,96
ROUTE,951.496997,87,"[24,3]",95_0,"[29,3]","[17,2]",42.664495,"[24,254]",Cluster Routing Cluster,87
ROUTE,951.497097,78,"[17,3]",95_0,"[29,3]","[17,2]",42.664495,"[17,2]",Cluster Routing Cluster,78
RECEIVE,951.497149,68,"[17,2]",95_0,"[29,3]","[17,2]",42.664495,,,78
SEND,956.109171,90,"[32,1]",90_0,"[32,1]","[23,1]",21.015213,,,
ROUTE,956.109171,90,"[32,1]",90_0,"[32,1]","[23,1]",21.015213,"[32,254]",Up Tree,90
ROUTE,956.109268,80,"[26,2]",90_0,"[32,1]","[23,1]",21.015213,"[26,254]",Up Tree,80
ROUTE,956.109337,70,"[26,1]",90_0,"[32,1]","[23,1]",21.015213,"[21,1]",Up Tree,70
ROUTE,956.109405,60,"[21,1]",90_0,"[32,1]","[23,1]",21.015213,"[21,254]",Cluster Routing Router Gateway,70
ROUTE,956.109466,50,"[14,4]",90_0,"[32,1]","[23,1]",21.015213,"[14,254]",Up Tree,50
ROUTE,956.109564,40,"[14,2]",90_0,"[32,1]","[23,1]",21.015213,"[6,4]",Up Tree,40
ROUTE,956.109657,31,"[6,4]",90_0,"[32,1]","[23,1]",21.015213,"[6,254]",Cluster Routing Router Gateway,40
ROUTE,956.109756,22,"[6,1]",90_0,"[32,1]","[23,1]",21.015213,"[6,5]",Down Tree,22
ROUTE,956.109822,32,"[6,5]",90_0,"[32,1]","[23,1]",21.015213,"[16,1]",Cluster Routing Router Gateway 2,22
ROUTE,956.109939,43,"[16,1]",90_0,"[32,1]","[23,1]",21.015213,"[16,2]",Cluster Routing Cluster,43
SEND,966.202455,44,"[3,1]",44_13,"[3,1]","[6,6]",29.229566,,,
ROUTE,966.202455,44,"[3,1]",44_13,"[3,1]","[6,6]",29.229566,"[6,6]",Cluster Routing Cluster,44
RECEIVE,966.202565,33,"[6,6]",44_13,"[3,1]","[6,6]",29.229566,,,44
SEND,978.250388,20,"[11,1]",20_2,"[11,1]","[10,4]",20.501017,,,
SEND,981.929002,34,"[3,10]",34_0,"[3,10]","[3,2]",40.994239,,,
ROUTE,981.929002,34,"[3,10]",34_0,"[3,10]","[3,2]",40.994239,"[3,2]",Cluster Routing Cluster,34
RECEIVE,981.929110,45,"[3,2]",34_0,"[3,10]","[3,2]",40.994239,,,34
SEND,984.125442,66,"[4,2]",66_27,"[4,2]","[5,3]",42.815612,,,
ROUTE,984.125442,66,"[4,2]",66_27,"[4,2]","[5,3]",42.815612,"[4,254]",Up Tree,66
ROUTE,984.125517,56,"[4,3]",66_27,"[4,2]","[5,3]",42.815612,"[2,3]",Up Tree,56
ROUTE,984.125608,47,"[2,3]",66_27,"[4,2]","[5,3]",42.815612,"[2,254]",Cluster Routing Router Gateway,56
ROUTE,984.125700,37,"[2,1]",66_27,"[4,2]","[5,3]",42.815612,"[2,4]",Cluster Routing Cluster,37
ROUTE,984.125814,28,"[2,4]",66_27,"[4,2]","[5,3]",42.815612,"[5,3]",Cluster Routing Cluster,28
RECEIVE,984.125894,17,"[5,3]",66_27,"[4,2]","[5,3]",42.815612,,,28
SEND,993.422654,73,"[28,1]",73_0,"[28,1]","[14,1]",41.348778,,,
SEND,995.566877,36,"[3,8]",36_3,"[3,8]","[12,1]",49.250733,,,
ROUTE,995.566877,36,"[3,8]",36_3,"[3,8]","[12,1]",49.250733,"[3,254]",Up Tree,36
SEND,1005.323949,10,"[18,2]",10_1,"[18,2]","[24,4]",17.083472,,,
SEND,1008.628559,10,"[18,2]",10_2,"[18,2]","[22,5]",26.510731,,,
SEND,1008.797145,53,"[16,2]",53_0,"[16,2]","[5,4]",33.579142,,,
ROUTE,1008.797145,53,"[16,2]",53_0,"[16,2]","[5,4]",33.579142,"[16,254]",Up Tree,53
ROUTE,1008.797242,43,"[16,1]",53_0,"[16,2]","[5,4]",33.579142,"[6,5]",Up Tree,43
ROUTE,1008.797359,32,"[6,5]",53_0,"[16,2]","[5,4]",33.579142,"[6,254]",Cluster Routing Router Gateway,43
ROUTE,1008.797425,22,"[6,1]",53_0,"[16,2]","[5,4]",33.579142,"[1,4]",Up Tree,22
ROUTE,1008.797520,23,"[1,4]",53_0,"[16,2]","[5,4]",33.579142,"[1,254]",Cluster Routing Router Gateway,22
ROUTE,1008.797608,24,"[1,1]",53_0,"[16,2]","[5,4]",33.579142,"[1,3]",Down Tree,24
ROUTE,1008.797721,26,"[1,3]",53_0,"[16,2]","[5,4]",33.579142,"[5,3]",Cluster Routing Cluster,26
SEND,1012.284416,39,"[10,4]",39_0,"[10,4]","[11,1]",45.218765,,,
ROUTE,1012.284416,39,"[10,4]",39_0,"[10,4]","[11,1]",45.218765,"[10,254]",Up Tree,39
ROUTE,1012.284510,48,"[10,1]",39_0,"[10,4]","[11,1]",45.218765,"[2,5]",Up Tree,48
ROUTE,1012.284613,38,"[2,5]",39_0,"[10,4]","[11,1]",45.218765,"[2,254]",Cluster Routing Router Gateway,48
ROUTE,1012.284710,37,"[2,1]",39_0,"[10,4]","[11,1]",45.218765,"[1,3]",Up Tree,37
ROUTE,1012.284828,26,"[1,3]",39_0,"[10,4]","[11,1]",45.218765,"[1,254]",Cluster Routing Router Gateway,37
ROUTE,1012.284940,24,"[1,1]",39_0,"[10,4]","[11,1]",45.218765,"[1,4]",Down Tree,24
ROUTE,1012.285029,23,"[1,4]",39_0,"[10,4]","[11,1]",45.218765,"[6,1]",Cluster Routing Router Gateway 2,24
ROUTE,1012.285123,22,"[6,1]",39_0,"[10,4]","[11,1]",45.218765,"[6,2]",Cluster Routing Cluster,22
ROUTE,1012.285199,21,"[6,2]",39_0,"[10,4]","[11,1]",45.218765,"[11,1]",Cluster Routing Cluster,21
RECEIVE,1012.285260,20,"[11,1]",39_0,"[10,4]","[11,1]",45.218765,,,21
SEND,1018.593189,27,"[2,6]",27_0,"[2,6]","[3,1]",28.296909,,,
ROUTE,1018.593189,27,"[2,6]",27_0,"[2,6]","[3,1]",28.296909,"[2,254]",Up Tree,27
ROUTE,1018.593261,37,"[2,1]",27_0,"[2,6]","[3,1]",28.296909,"[1,3]",Up Tree,37
ROUTE,1018.593378,26,"[1,3]",27_0,"[2,6]","[3,1]",28.296909,"[3,254]",Cluster Routing Cluster,26
ROUTE,1018.593488,35,"[2,2]",27_0,"[2,6]","[3,1]",28.296909,"[3,1]",Cluster Routing Cluster,35
RECEIVE,1018.593553,44,"[3,1]",27_0,"[2,6]","[3,1]",28.296909,,,35
SEND,1033.837893,25,"[3,9]",25_0,"[3,9]","[14,3]",48.867775,,,
ROUTE,1033.837893,25,"[3,9]",25_0,"[3,9]","[14,3]",48.867775,"[3,254]",Up Tree,25
SEND,1034.048041,63,"[23,1]",63_0,"[23,1]","[16,4]",28.683780,,,
ROUTE,1034.048041,63,"[23,1]",63_0,"[23,1]","[16,4]",28.683780,"[23,254]",Cluster Routing Cluster,63
ROUTE,1034.048137,52,"[16,3]",63_0,"[23,1]","[16,4]",28.683780,"[16,4]",Cluster Routing Cluster,52
RECEIVE,1034.048226,42,"[16,4]",63_0,"[23,1]","[16,4]",28.683780,,,52
SEND,1051.655281,8,"[5,4]",8_1,"[5,4]","[10,2]",11.909900,,,
ROUTE,1051.655281,8,"[5,4]",8_1,"[5,4]","[10,2]",11.909900,"[5,1]",Cluster Routing Cluster,8
SEND,1052.279961,51,"[14,3]",51_1,"[14,3]","[3,2]",24.915201,,,
ROUTE,1052.279961,51,"[14,3]",51_1,"[14,3]","[3,2]",24.915201,"[14,254]",Up Tree,51
ROUTE,1052.280041,40,"[14,2]",51_1,"[14,3]","[3,2]",24.915201,"[6,4]",Up Tree,40
ROUTE,1052.280133,31,"[6,4]",51_1,"[14,3]","[3,2]",24.915201,"[6,254]",Cluster Routing Router Gateway,40
ROUTE,1052.280232,22,"[6,1]",51_1,"[14,3]","[3,2]",24.915201,"[1,4]",Up Tree,22
ROUTE,1052.280326,23,"[1,4]",51_1,"[14,3]","[3,2]",24.915201,"[1,254]",Cluster Routing Router Gateway,22
ROUTE,1052.280415,24,"[1,1]",51_1,"[14,3]","[3,2]",24.915201,"[3,254]",Cluster Routing Cluster,24
ROUTE,1052.280522,35,"[2,2]",51_1,"[14,3]","[3,2]",24.915201,"[3,2]",Cluster Routing Cluster,35
RECEIVE,1052.280591,45,"[3,2]",51_1,"[14,3]","[3,2]",24.915201,,,35
SEND,1059.229466,12,"[6,7]",12_0,"[6,7]","[19,2]",20.608455,,,
ROUTE,1059.229466,12,"[6,7]",12_0,"[6,7]","[19,2]",20.608455,"[6,254]",Up Tree,12
ROUTE,1059.229533,22,"[6,1]",12_0,"[6,7]","[19,2]",20.608455,"[1,4]",Up Tree,22
ROUTE,1059.229627,23,"[1,4]",12_0,"[6,7]","[19,2]",20.608455,"[1,2]",Cluster Routing Cluster,23
ROUTE,1059.229732,14,"[1,2]",12_0,"[6,7]","[19,2]",20.608455,"[19,2]",Cluster Routing Cluster,14
RECEIVE,1059.229765,15,"[19,2]",12_0,"[6,7]","[19,2]",20.608455,,,14
SEND,1060.589264,6,"[15,1]",6_2,"[15,1]","[10,2]",10.011387,,,
SEND,1064.019482,19,"[5,1]",19_0,"[5,1]","[19,2]",19.487277,,,
SEND,1067.255384,92,"[34,1]",92_0,"[34,1]","[22,5]",22.516349,,,
ROUTE,1067.255384,92,"[34,1]",92_0,"[34,1]","[22,5]",22.516349,"[34,254]",Up Tree,92
ROUTE,1067.255469,82,"[27,2]",92_0,"[34,1]","[22,5]",22.516349,"[28,1]",Cluster Routing Cluster,82
SEND,1075.378187,1,"[12,3]",1_1,"[12,3]","[22,4]",49.609399,,,
ROUTE,1075.378187,1,"[12,3]",1_1,"[12,3]","[22,4]",49.609399,"[12,254]",Up Tree,1
ROUTE,1075.378282,2,"[12,2]",1_1,"[12,3]","[22,4]",49.609399,"[6,3]",Up Tree,2
ROUTE,1075.378362,13,"[6,3]",1_1,"[12,3]","[22,4]",49.609399,"[6,254]",Cluster Routing Router Gateway,2
ROUTE,1075.378463,22,"[6,1]",1_1,"[12,3]","[22,4]",49.609399,"[1,4]",Up Tree,22
ROUTE,1075.378557,23,"[1,4]",1_1,"[12,3]","[22,4]",49.609399,"[1,254]",Cluster Routing Router Gateway,22
ROUTE,1075.378646,24,"[1,1]",1_1,"[12,3]","[22,4]",49.609399,"[1,3]",Down Tree,24
ROUTE,1075.378758,26,"[1,3]",1_1,"[12,3]","[22,4]",49.609399,"[2,1]",Cluster Routing Router Gateway 2,24
ROUTE,1075.378875,37,"[2,1]",1_1,"[12,3]","[22,4]",49.609399,"[2,3]",Down Tree,37
ROUTE,1075.378967,47,"[2,3]",1_1,"[12,3]","[22,4]",49.609399,"[4,3]",Cluster Routing Router Gateway 2,37
ROUTE,1075.379058,56,"[4,3]",1_1,"[12,3]","[22,4]",49.609399,"[4,4]",Cluster Routing Cluster,56
SEND,1080.775227,68,"[17,2]",68_0,"[17,2]","[10,2]",23.931571,,,
ROUTE,1080.775227,68,"[17,2]",68_0,"[17,2]","[10,2]",23.931571,"[17,254]",Up Tree,68
ROUTE,1080.775335,69,"[17,1]",68_0,"[17,2]","[10,2]",23.931571,"[10,3]",Cluster Routing Cluster,69
ROUTE,1080.775409,59,"[10,3]",68_0,"[17,2]","[10,2]",23.931571,"[10,2]",Cluster Routing Cluster,59
RECEIVE,1080.775460,49,"[10,2]",68_0,"[17,2]","[10,2]",23.931571,,,59
SEND,1092.586063,33,"[6,6]",33_1,"[6,6]","[24,2]",42.329848,,,
ROUTE,1092.586063,33,"[6,6]",33_1,"[6,6]","[24,2]",42.329848,"[6,254]",Up Tree,33
ROUTE,1092.586179,22,"[6,1]",33_1,"[6,6]","[24,2]",42.329848,"[1,4]",Up Tree,22
ROUTE,1092.586273,23,"[1,4]",33_1,"[6,6]","[24,2]",42.329848,"[1,254]",Cluster Routing Router Gateway,22
ROUTE,1092.586362,24,"[1,1]",33_1,"[6,6]","[24,2]",42.329848,"[1,3]",Down Tree,24
ROUTE,1092.586474,26,"[1,3]",33_1,"[6,6]","[24,2]",42.329848,"[2,1]",Cluster Routing Router Gateway 2,24
ROUTE,1092.586591,37,"[2,1]",33_1,"[6,6]","[24,2]",42.329848,"[2,5]",Down Tree,37
ROUTE,1092.586689,38,"[2,5]",33_1,"[6,6]","[24,2]",42.329848,"[10,1]",Cluster Routing Router Gateway 2,37
ROUTE,1092.586792,48,"[10,1]",33_1,"[6,6]","[24,2]",42.329848,"[10,3]",Down Tree,48
ROUTE,1092.586879,59,"[10,3]",33_1,"[6,6]","[24,2]",42.329848,"[17,1]",Cluster Routing Router Gateway 2,48
ROUTE,1092.586952,69,"[17,1]",33_1,"[6,6]","[24,2]",42.329848,"[24,254]",Cluster Routing Cluster,69
ROUTE,1092.587068,78,"[17,3]",33_1,"[6,6]","[24,2]",42.329848,"[24,2]",Cluster Routing Cluster,78
RECEIVE,1092.587187,89,"[24,2]",33_1,"[6,6]","[24,2]",42.329848,,,78
SEND,1093.043819,9,"[5,3]",9_0,"[5,3]","[6,7]",38.861738,,,
ROUTE,1093.043819,9,"[5,3]",9_0,"[5,3]","[6,7]",38.861738,"[5,254]",Up Tree,9
ROUTE,1093.043926,18,"[5,2]",9_0,"[5,3]","[6,7]",38.861738,"[2,4]",Up Tree,18
ROUTE,1093.044010,28,"[2,4]",9_0,"[5,3]","[6,7]",38.861738,"[2,254]",Cluster Routing Router Gateway,18
ROUTE,1093.044124,37,"[2,1]",9_0,"[5,3]","[6,7]",38.861738,"[1,3]",Up Tree,37
ROUTE,1093.044241,26,"[1,3]",9_0,"[5,3]","[6,7]",38.861738,"[1,254]",Cluster Routing Router Gateway,37
ROUTE,1093.044354,24,"[1,1]",9_0,"[5,3]","[6,7]",38.861738,"[1,4]",Cluster Routing Cluster,24
ROUTE,1093.044442,23,"[1,4]",9_0,"[5,3]","[6,7]",38.861738,"[6,7]",Cluster Routing Cluster,23
RECEIVE,1093.044554,12,"[6,7]",9_0,"[5,3]","[6,7]",38.861738,,,23
SEND,1098.221928,3,"[12,1]",3_0,"[12,1]","[18,2]",35.195219,,,
SEND,1109.077992,41,"[14,1]",41_3,"[14,1]","[3,9]",38.668561,,,
SEND,1113.043045,42,"[16,4]",42_0,"[16,4]","[22,4]",33.122536,,,
ROUTE,1113.043045,42,"[16,4]",42_0,"[16,4]","[22,4]",33.122536,"[16,254]",Up Tree,42
ROUTE,1113.043101,43,"[16,1]",42_0,"[16,4]","[22,4]",33.122536,"[16,2]",Cluster Routing Cluster,43
SEND,1125.839466,97,"[29,1]",97_0,"[29,1]","[11,1]",23.978478,,,
SEND,1142.620576,93,"[34,2]",93_0,"[34,2]","[17,2]",19.124751,,,
ROUTE,1142.620576,93,"[34,2]",93_0,"[34,2]","[17,2]",19.124751,"[34,254]",Up Tree,93
ROUTE,1142.620693,82,"[27,2]",93_0,"[34,2]","[17,2]",19.124751,"[27,254]",Up Tree,82
ROUTE,1142.620791,71,"[27,1]",93_0,"[34,2]","[17,2]",19.124751,"[21,2]",Up Tree,71
ROUTE,1142.620893,61,"[21,2]",93_0,"[34,2]","[17,2]",19.124751,"[21,254]",Cluster Routing Router Gateway,71
ROUTE,1142.621004,50,"[14,4]",93_0,"[34,2]","[17,2]",19.124751,"[14,254]",Up Tree,50
ROUTE,1142.621102,40,"[14,2]",93_0,"[34,2]","[17,2]",19.124751,"[6,4]",Up Tree,40
ROUTE,1142.621194,31,"[6,4]",93_0,"[34,2]","[17,2]",19.124751,"[6,254]",Cluster Routing Router Gateway,40
ROUTE,1142.621293,22,"[6,1]",93_0,"[34,2]","[17,2]",19.124751,"[1,4]",Up Tree,22
ROUTE,1142.621388,23,"[1,4]",93_0,"[34,2]","[17,2]",19.124751,"[1,254]",Cluster Routing Router Gateway,22
ROUTE,1142.621476,24,"[1,1]",93_0,"[34,2]","[17,2]",19.124751,"[1,3]",Down Tree,24
ROUTE,1142.621589,26,"[1,3]",93_0,"[34,2]","[17,2]",19.124751,"[2,1]",Cluster Routing Router Gateway 2,24
ROUTE,1142.621706,37,"[2,1]",93_0,"[34,2]","[17,2]",19.124751,"[2,5]",Down Tree,37
ROUTE,1142.621803,38,"[2,5]",93_0,"[34,2]","[17,2]",19.124751,"[10,1]",Cluster Routing Router Gateway 2,37
ROUTE,1142.621906,48,"[10,1]",93_0,"[34,2]","[17,2]",19.124751,"[10,5]",Cluster Routing Cluster,48
SEND,1144.058757,74,"[22,5]",74_12,"[22,5]","[29,3]",16.918137,,,
ROUTE,1144.058757,74,"[22,5]",74_12,"[22,5]","[29,3]",16.918137,"[31,2]",Cluster Routing Cluster,74
SEND,1144.211544,75,"[31,3]",75_2,"[31,3]","[5,1]",28.403353,,,
ROUTE,1144.211544,75,"[31,3]",75_2,"[31,3]","[5,1]",28.403353,"[31,254]",Up Tree,75
ROUTE,1144.211588,76,"[31,1]",75_2,"[31,3]","[5,1]",28.403353,"[24,5]",Up Tree,76
ROUTE,1144.211678,77,"[24,5]",75_2,"[31,3]","[5,1]",28.403353,"[24,254]",Cluster Routing Router Gateway,76
ROUTE,1144.211759,78,"[17,3]",75_2,"[31,3]","[5,1]",28.403353,"[17,254]",Up Tree,78
ROUTE,1144.211875,69,"[17,1]",75_2,"[31,3]","[5,1]",28.403353,"[10,3]",Up Tree,69
ROUTE,1144.211948,59,"[10,3]",75_2,"[31,3]","[5,1]",28.403353,"[10,254]",Cluster Routing Router Gateway,69
ROUTE,1144.212035,48,"[10,1]",75_2,"[31,3]","[5,1]",28.403353,"[2,5]",Up Tree,48
ROUTE,1144.212138,38,"[2,5]",75_2,"[31,3]","[5,1]",28.403353,"[10,2]",Cluster Routing Cluster,38
SEND,1150.766171,86,"[29,3]",86_0,"[29,3]","[3,1]",47.795136,,,
SEND,1175.244778,64,"[22,4]",64_0,"[22,4]","[23,1]",37.388913,,,
ROUTE,1175.244778,64,"[22,4]",64_0,"[22,4]","[23,1]",37.388913,"[23,1]",Cluster Routing Cluster,64
RECEIVE,1175.244834,63,"[23,1]",64_0,"[22,4]","[23,1]",37.388913,,,64
SEND,1178.798845,17,"[5,3]",17_4,"[5,3]","[24,4]",41.959198,,,
SEND,1179.305607,91,"[33,1]",91_0,"[33,1]","[2,6]",41.295160,,,
ROUTE,1179.305607,91,"[33,1]",91_0,"[33,1]","[2,6]",41.295160,"[33,254]",Up Tree,91
ROUTE,1179.305671,81,"[26,3]",91_0,"[33,1]","[2,6]",41.295160,"[26,254]",Up Tree,81
ROUTE,1179.305779,70,"[26,1]",91_0,"[33,1]","[2,6]",41.295160,"[21,1]",Up Tree,70
ROUTE,1179.305847,60,"[21,1]",91_0,"[33,1]","[2,6]",41.295160,"[21,254]",Cluster Routing Router Gateway,70
ROUTE,1179.305908,50,"[14,4]",91_0,"[33,1]","[2,6]",41.295160,"[14,254]",Up Tree,50
ROUTE,1179.306006,40,"[14,2]",91_0,"[33,1]","[2,6]",41.295160,"[6,4]",Up Tree,40
ROUTE,1179.306098,31,"[6,4]",91_0,"[33,1]","[2,6]",41.295160,"[6,254]",Cluster Routing Router Gateway,40
ROUTE,1179.306197,22,"[6,1]",91_0,"[33,1]","[2,6]",41.295160,"[1,4]",Up Tree,22
ROUTE,1179.306291,23,"[1,4]",91_0,"[33,1]","[2,6]",41.295160,"[1,254]",Cluster Routing Router Gateway,22
ROUTE,1179.306380,24,"[1,1]",91_0,"[33,1]","[2,6]",41.295160,"[1,3]",Cluster Routing Cluster,24
ROUTE,1179.306492,26,"[1,3]",91_0,"[33,1]","[2,6]",41.295160,"[2,6]",Cluster Routing Cluster,26
RECEIVE,1179.306597,27,"[2,6]",91_0,"[33,1]","[2,6]",41.295160,,,26
SEND,1183.534244,45,"[3,2]",45_6,"[3,2]","[2,2]",35.731961,,,
ROUTE,1183.534244,45,"[3,2]",45_6,"[3,2]","[2,2]",35.731961,"[3,254]",Cluster Routing Cluster,45
RECEIVE,1183.534312,35,"[2,2]",45_6,"[3,2]","[2,2]",35.731961,,,45
SEND,1205.212866,98,"[25,1]",98_0,"[25,1]","[16,4]",13.217374,,,
ROUTE,1205.212866,98,"[25,1]",98_0,"[25,1]","[16,4]",13.217374,"[25,254]",Up Tree,98
ROUTE,1205.212983,79,"[17,4]",98_0,"[25,1]","[16,4]",13.217374,"[17,254]",Up Tree,79
ROUTE,1205.213102,69,"[17,1]",98_0,"[25,1]","[16,4]",13.217374,"[10,3]",Up Tree,69
ROUTE,1205.213175,59,"[10,3]",98_0,"[25,1]","[16,4]",13.217374,"[10,254]",Cluster Routing Router Gateway,69
ROUTE,1205.213263,48,"[10,1]",98_0,"[25,1]","[16,4]",13.217374,"[2,5]",Up Tree,48
ROUTE,1205.213365,38,"[2,5]",98_0,"[25,1]","[16,4]",13.217374,"[2,254]",Cluster Routing Router Gateway,48
ROUTE,1205.213463,37,"[2,1]",98_0,"[25,1]","[16,4]",13.217374,"[1,3]",Up Tree,37
ROUTE,1205.213580,26,"[1,3]",98_0,"[25,1]","[16,4]",13.217374,"[1,254]",Cluster Routing Router Gateway,37
ROUTE,1205.213692,24,"[1,1]",98_0,"[25,1]","[16,4]",13.217374,"[1,4]",Down Tree,24
ROUTE,1205.213781,23,"[1,4]",98_0,"[25,1]","[16,4]",13.217374,"[6,5]",Cluster Routing Cluster,23
ROUTE,1205.213867,32,"[6,5]",98_0,"[25,1]","[16,4]",13.217374,"[16,4]",Cluster Routing Cluster,32
RECEIVE,1205.213960,42,"[16,4]",98_0,"[25,1]","[16,4]",13.217374,,,32
SEND,1235.627253,95,"[29,3]",95_1,"[29,3]","[5,4]",13.900684,,,
ROUTE,1235.627253,95,"[29,3]",95_1,"[29,3]","[5,4]",13.900684,"[29,254]",Up Tree,95
ROUTE,1235.627346,96,"[29,2]",95_1,"[29,3]","[5,4]",13.900684,"[24,3]",Up Tree,96
ROUTE,1235.627465,87,"[24,3]",95_1,"[29,3]","[5,4]",13.900684,"[24,254]",Cluster Routing Router Gateway,96
ROUTE,1235.627565,78,"[17,3]",95_1,"[29,3]","[5,4]",13.900684,"[17,254]",Up Tree,78
ROUTE,1235.627681,69,"[17,1]",95_1,"[29,3]","[5,4]",13.900684,"[10,3]",Up Tree,69
ROUTE,1235.627754,59,"[10,3]",95_1,"[29,3]","[5,4]",13.900684,"[10,254]",Cluster Routing Router Gateway,69
ROUTE,1235.627842,48,"[10,1]",95_1,"[29,3]","[5,4]",13.900684,"[2,5]",Up Tree,48
ROUTE,1235.627944,38,"[2,5]",95_1,"[29,3]","[5,4]",13.900684,"[2,254]",Cluster Routing Router Gateway,48
ROUTE,1235.628042,37,"[2,1]",95_1,"[29,3]","[5,4]",13.900684,"[2,4]",Down Tree,37
ROUTE,1235.628155,28,"[2,4]",95_1,"[29,3]","[5,4]",13.900684,"[5,1]",Cluster Routing Cluster,28
SEND,1242.456988,44,"[3,1]",44_14,"[3,1]","[11,1]",18.351160,,,
ROUTE,1242.456988,44,"[3,1]",44_14,"[3,1]","[11,1]",18.351160,"[3,254]",Up Tree,44
SEND,1245.462742,29,"[10,2]",29_1,"[10,2]","[3,9]",49.024952,,,
SEND,1248.678401,85,"[31,2]",85_1,"[31,2]","[4,2]",18.826817,,,
ROUTE,1248.678401,85,"[31,2]",85_1,"[31,2]","[4,2]",18.826817,"[31,3]",Cluster Routing Cluster,85
SEND,1256.706741,15,"[19,2]",15_1,"[19,2]","[14,3]",37.336237,,,
SEND,1258.825296,49,"[10,2]",49_1,"[10,2]","[31,3]",23.263577,,,
ROUTE,1258.825296,49,"[10,2]",49_1,"[10,2]","[31,3]",23.263577,"[10,254]",Up Tree,49
ROUTE,1258.825352,48,"[10,1]",49_1,"[10,2]","[31,3]",23.263577,"[10,3]",Down Tree,48
ROUTE,1258.825440,59,"[10,3]",49_1,"[10,2]","[31,3]",23.263577,"[17,1]",Cluster Routing Router Gateway 2,48
ROUTE,1258.825513,69,"[17,1]",49_1,"[10,2]","[31,3]",23.263577,"[17,3]",Down Tree,69
ROUTE,1258.825629,78,"[17,3]",49_1,"[10,2]","[31,3]",23.263577,"[24,5]",Down Tree,78
ROUTE,1258.825709,77,"[24,5]",49_1,"[10,2]","[31,3]",23.263577,"[29,3]",Cluster Routing Cluster,77
SEND,1262.256726,75,"[31,3]",75_3,"[31,3]","[23,1]",38.572747,,,
ROUTE,1262.256726,75,"[31,3]",75_3,"[31,3]","[23,1]",38.572747,"[31,254]",Up Tree,75
ROUTE,1262.256771,76,"[31,1]",75_3,"[31,3]","[23,1]",38.572747,"[24,5]",Up Tree,76
ROUTE,1262.256861,77,"[24,5]",75_3,"[31,3]","[23,1]",38.572747,"[24,254]",Cluster Routing Router Gateway,76
ROUTE,1262.256941,78,"[17,3]",75_3,"[31,3]","[23,1]",38.572747,"[17,254]",Up Tree,78
ROUTE,1262.257057,69,"[17,1]",75_3,"[31,3]","[23,1]",38.572747,"[10,3]",Up Tree,69
ROUTE,1262.257130,59,"[10,3]",75_3,"[31,3]","[23,1]",38.572747,"[10,254]",Cluster Routing Router Gateway,69
ROUTE,1262.257218,48,"[10,1]",75_3,"[31,3]","[23,1]",38.572747,"[2,5]",Up Tree,48
ROUTE,1262.257320,38,"[2,5]",75_3,"[31,3]","[23,1]",38.572747,"[2,254]",Cluster Routing Router Gateway,48
ROUTE,1262.257418,37,"[2,1]",75_3,"[31,3]","[23,1]",38.572747,"[1,3]",Up Tree,37
ROUTE,1262.257535,26,"[1,3]",75_3,"[31,3]","[23,1]",38.572747,"[1,254]",Cluster Routing Router Gateway,37
ROUTE,1262.257647,24,"[1,1]",75_3,"[31,3]","[23,1]",38.572747,"[1,4]",Down Tree,24
ROUTE,1262.257736,23,"[1,4]",75_3,"[31,3]","[23,1]",38.572747,"[6,1]",Cluster Routing Router Gateway 2,24
ROUTE,1262.257830,22,"[6,1]",75_3,"[31,3]","[23,1]",38.572747,"[6,5]",Down Tree,22
ROUTE,1262.257897,32,"[6,5]",75_3,"[31,3]","[23,1]",38.572747,"[16,1]",Cluster Routing Router Gateway 2,22
ROUTE,1262.258013,43,"[16,1]",75_3,"[31,3]","[23,1]",38.572747,"[16,2]",Cluster Routing Cluster,43
SEND,1272.748529,58,"[10,5]",58_1,"[10,5]","[25,1]",15.056480,,,
ROUTE,1272.748529,58,"[10,5]",58_1,"[10,5]","[25,1]",15.056480,"[10,254]",Up Tree,58
ROUTE,1272.748589,48,"[10,1]",58_1,"[10,5]","[25,1]",15.056480,"[10,3]",Down Tree,48
ROUTE,1272.748676,59,"[10,3]",58_1,"[10,5]","[25,1]",15.056480,"[17,1]",Cluster Routing Router Gateway 2,48
ROUTE,1272.748749,69,"[17,1]",58_1,"[10,5]","[25,1]",15.056480,"[25,254]",Cluster Routing Cluster,69
ROUTE,1272.748868,79,"[17,4]",58_1,"[10,5]","[25,1]",15.056480,"[25,1]",Cluster Routing Cluster,79
RECEIVE,1272.748985,98,"[25,1]",58_1,"[10,5]","[25,1]",15.056480,,,79
SEND,1276.666236,66,"[4,2]",66_28,"[4,2]","[25,1]",12.623639,,,
ROUTE,1276.666236,66,"[4,2]",66_28,"[4,2]","[25,1]",12.623639,"[4,254]",Up Tree,66
ROUTE,1276.666311,56,"[4,3]",66_28,"[4,2]","[25,1]",12.623639,"[2,3]",Up Tree,56
ROUTE,1276.666402,47,"[2,3]",66_28,"[4,2]","[25,1]",12.623639,"[2,254]",Cluster Routing Router Gateway,56
ROUTE,1276.666494,37,"[2,1]",66_28,"[4,2]","[25,1]",12.623639,"[2,5]",Down Tree,37
ROUTE,1276.666591,38,"[2,5]",66_28,"[4,2]","[25,1]",12.623639,"[10,1]",Cluster Routing Router Gateway 2,37
ROUTE,1276.666694,48,"[10,1]",66_28,"[4,2]","[25,1]",12.623639,"[10,3]",Down Tree,48
ROUTE,1276.666781,59,"[10,3]",66_28,"[4,2]","[25,1]",12.623639,"[17,1]",Cluster Routing Router Gateway 2,48
ROUTE,1276.666855,69,"[17,1]",66_28,"[4,2]","[25,1]",12.623639,"[25,254]",Cluster Routing Cluster,69
ROUTE,1276.666973,79,"[17,4]",66_28,"[4,2]","[25,1]",12.623639,"[25,1]",Cluster Routing Cluster,79
RECEIVE,1276.667090,98,"[25,1]",66_28,"[4,2]","[25,1]",12.623639,,,79
SEND,1279.625072,20,"[11,1]",20_3,"[11,1]","[29,3]",34.866374,,,
SEND,1286.232395,89,"[24,2]",89_1,"[24,2]","[32,1]",17.533406,,,
ROUTE,1286.232395,89,"[24,2]",89_1,"[24,2]","[32,1]",17.533406,"[24,254]",Up Tree,89
ROUTE,1286.232514,78,"[17,3]",89_1,"[24,2]","[32,1]",17.533406,"[17,254]",Up Tree,78
ROUTE,1286.232630,69,"[17,1]",89_1,"[24,2]","[32,1]",17.533406,"[10,3]",Up Tree,69
ROUTE,1286.232703,59,"[10,3]",89_1,"[24,2]","[32,1]",17.533406,"[10,254]",Cluster Routing Router Gateway,69
ROUTE,1286.232790,48,"[10,1]",89_1,"[24,2]","[32,1]",17.533406,"[2,5]",Up Tree,48
ROUTE,1286.232893,38,"[2,5]",89_1,"[24,2]","[32,1]",17.533406,"[2,254]",Cluster Routing Router Gateway,48
ROUTE,1286.232990,37,"[2,1]",89_1,"[24,2]","[32,1]",17.533406,"[1,3]",Up Tree,37
ROUTE,1286.233108,26,"[1,3]",89_1,"[24,2]","[32,1]",17.533406,"[1,254]",Cluster Routing Router Gateway,37
ROUTE,1286.233220,24,"[1,1]",89_1,"[24,2]","[32,1]",17.533406,"[1,4]",Down Tree,24
ROUTE,1286.233309,23,"[1,4]",89_1,"[24,2]","[32,1]",17.533406,"[6,1]",Cluster Routing Router Gateway 2,24
ROUTE,1286.233403,22,"[6,1]",89_1,"[24,2]","[32,1]",17.533406,"[6,4]",Down Tree,22
ROUTE,1286.233502,31,"[6,4]",89_1,"[24,2]","[32,1]",17.533406,"[14,2]",Cluster Routing Router Gateway 2,22
ROUTE,1286.233594,40,"[14,2]",89_1,"[24,2]","[32,1]",17.533406,"[14,4]",Down Tree,40
ROUTE,1286.233692,50,"[14,4]",89_1,"[24,2]","[32,1]",17.533406,"[21,1]",Down Tree,50
ROUTE,1286.233753,60,"[21,1]",89_1,"[24,2]","[32,1]",17.533406,"[26,1]",Cluster Routing Router Gateway 2,50
ROUTE,1286.233821,70,"[26,1]",89_1,"[24,2]","[32,1]",17.533406,"[32,254]",Cluster Routing Cluster,70
ROUTE,1286.233890,80,"[26,2]",89_1,"[24,2]","[32,1]",17.533406,"[32,1]",Cluster Routing Cluster,80
RECEIVE,1286.233987,90,"[32,1]",89_1,"[24,2]","[32,1]",17.533406,,,80
SEND,1287.973912,10,"[18,2]",10_3,"[18,2]","[2,2]",15.845611,,,
SEND,1297.415622,57,"[4,2]",57_13,"[4,2]","[10,2]",34.748226,,,
ROUTE,1297.415622,57,"[4,2]",57_13,"[4,2]","[10,2]",34.748226,"[10,254]",Cluster Routing Cluster,57
ROUTE,1297.415733,48,"[10,1]",57_13,"[4,2]","[10,2]",34.748226,"[10,4]",Cluster Routing Cluster,48
SEND,1297.537857,73,"[28,1]",73_1,"[28,1]","[32,1]",33.248723,,,
SEND,1297.695138,55,"[4,4]",55_1,"[4,4]","[3,8]",46.617439,,,
ROUTE,1297.695138,55,"[4,4]",55_1,"[4,4]","[3,8]",46.617439,"[4,254]",Up Tree,55
ROUTE,1297.695217,56,"[4,3]",55_1,"[4,4]","[3,8]",46.617439,"[2,3]",Up Tree,56
ROUTE,1297.695309,47,"[2,3]",55_1,"[4,4]","[3,8]",46.617439,"[3,8]",Cluster Routing Cluster,47
SEND,1303.555257,67,"[24,4]",67_1,"[24,4]","[19,2]",21.461766,,,
ROUTE,1303.555257,67,"[24,4]",67_1,"[24,4]","[19,2]",21.461766,"[24,254]",Up Tree,67
ROUTE,1303.555357,78,"[17,3]",67_1,"[24,4]","[19,2]",21.461766,"[17,254]",Up Tree,78
ROUTE,1303.555472,69,"[17,1]",67_1,"[24,4]","[19,2]",21.461766,"[10,3]",Up Tree,69
ROUTE,1303.555546,59,"[10,3]",67_1,"[24,4]","[19,2]",21.461766,"[10,254]",Cluster Routing Router Gateway,69
ROUTE,1303.555633,48,"[10,1]",67_1,"[24,4]","[19,2]",21.461766,"[2,5]",Up Tree,48
ROUTE,1303.555736,38,"[2,5]",67_1,"[24,4]","[19,2]",21.461766,"[2,254]",Cluster Routing Router Gateway,48
ROUTE,1303.555833,37,"[2,1]",67_1,"[24,4]","[19,2]",21.461766,"[1,3]",Cluster Routing Cluster,37
ROUTE,1303.555950,26,"[1,3]",67_1,"[24,4]","[19,2]",21.461766,"[19,2]",Cluster Routing Cluster,26
RECEIVE,1303.556049,15,"[19,2]",67_1,"[24,4]","[19,2]",21.461766,,,26
SEND,1306.607127,46,"[2,2]",46_7,"[2,2]","[3,2]",19.755812,,,
ROUTE,1306.607127,46,"[2,2]",46_7,"[2,2]","[3,2]",19.755812,"[3,2]",Cluster Routing Cluster,46
RECEIVE,1306.607243,45,"[3,2]",46_7,"[2,2]","[3,2]",19.755812,,,46
SEND,1324.050095,19,"[5,1]",19_1,"[5,1]","[10,2]",49.576018,,,
ROUTE,1324.050095,19,"[5,1]",19_1,"[5,1]","[10,2]",49.576018,"[10,2]",Cluster Routing Cluster,19
RECEIVE,1324.050144,29,"[10,2]",19_1,"[5,1]","[10,2]",49.576018,,,19
SEND,1332.265960,8,"[5,4]",8_2,"[5,4]","[16,4]",39.902947,,,
ROUTE,1332.265960,8,"[5,4]",8_2,"[5,4]","[16,4]",39.902947,"[5,254]",Up Tree,8
ROUTE,1332.266009,18,"[5,2]",8_2,"[5,4]","[16,4]",39.902947,"[2,4]",Up Tree,18
ROUTE,1332.266093,28,"[2,4]",8_2,"[5,4]","[16,4]",39.902947,"[2,254]",Cluster Routing Router Gateway,18
ROUTE,1332.266207,37,"[2,1]",8_2,"[5,4]","[16,4]",39.902947,"[1,3]",Up Tree,37
ROUTE,1332.266324,26,"[1,3]",8_2,"[5,4]","[16,4]",39.902947,"[1,254]",Cluster Routing Router Gateway,37
ROUTE,1332.266436,24,"[1,1]",8_2,"[5,4]","[16,4]",39.902947,"[1,4]",Down Tree,24
ROUTE,1332.266525,23,"[1,4]",8_2,"[5,4]","[16,4]",39.902947,"[6,5]",Cluster Routing Cluster,23
ROUTE,1332.266611,32,"[6,5]",8_2,"[5,4]","[16,4]",39.902947,"[16,4]",Cluster Routing Cluster,32
RECEIVE,1332.266704,42,"[16,4]",8_2,"[5,4]","[16,4]",39.902947,,,32
SEND,1339.406378,10,"[18,2]",10_4,"[18,2]","[4,2]",13.875131,,,
SEND,1341.212746,39,"[10,4]",39_1,"[10,4]","[16,4]",30.219234,,,
ROUTE,1341.212746,39,"[10,4]",39_1,"[10,4]","[16,4]",30.219234,"[10,254]",Up Tree,39
ROUTE,1341.212840,48,"[10,1]",39_1,"[10,4]","[16,4]",30.219234,"[2,5]",Up Tree,48
ROUTE,1341.212943,38,"[2,5]",39_1,"[10,4]","[16,4]",30.219234,"[2,254]",Cluster Routing Router Gateway,48
ROUTE,1341.213040,37,"[2,1]",39_1,"[10,4]","[16,4]",30.219234,"[1,3]",Up Tree,37
ROUTE,1341.213157,26,"[1,3]",39_1,"[10,4]","[16,4]",30.219234,"[1,254]",Cluster Routing Router Gateway,37
ROUTE,1341.213270,24,"[1,1]",39_1,"[10,4]","[16,4]",30.219234,"[1,4]",Down Tree,24
ROUTE,1341.213358,23,"[1,4]",39_1,"[10,4]","[16,4]",30.219234,"[6,5]",Cluster Routing Cluster,23
ROUTE,1341.213444,32,"[6,5]",39_1,"[10,4]","[16,4]",30.219234,"[16,4]",Cluster Routing Cluster,32
RECEIVE,1341.213537,42,"[16,4]",39_1,"[10,4]","[16,4]",30.219234,,,32
SEND,1349.266727,90,"[32,1]",90_1,"[32,1]","[34,2]",28.885314,,,
ROUTE,1349.266727,90,"[32,1]",90_1,"[32,1]","[34,2]",28.885314,"[32,254]",Up Tree,90
ROUTE,1349.266824,80,"[26,2]",90_1,"[32,1]","[34,2]",28.885314,"[26,254]",Up Tree,80
ROUTE,1349.266893,70,"[26,1]",90_1,"[32,1]","[34,2]",28.885314,"[21,1]",Up Tree,70
ROUTE,1349.266961,60,"[21,1]",90_1,"[32,1]","[34,2]",28.885314,"[21,254]",Cluster Routing Router Gateway,70
ROUTE,1349.267022,50,"[14,4]",90_1,"[32,1]","[34,2]",28.885314,"[21,2]",Down Tree,50
ROUTE,1349.267133,61,"[21,2]",90_1,"[32,1]","[34,2]",28.885314,"[27,1]",Cluster Routing Router Gateway 2,50
ROUTE,1349.267235,71,"[27,1]",90_1,"[32,1]","[34,2]",28.885314,"[34,254]",Cluster Routing Cluster,71
ROUTE,1349.267333,82,"[27,2]",90_1,"[32,1]","[34,2]",28.885314,"[34,2]",Cluster Routing Cluster,82
RECEIVE,1349.267450,93,"[34,2]",90_1,"[32,1]","[34,2]",28.885314,,,82
SEND,1358.872300,36,"[3,8]",36_4,"[3,8]","[15,1]",12.790056,,,
ROUTE,1358.872300,36,"[3,8]",36_4,"[3,8]","[15,1]",12.790056,"[15,254]",Cluster Routing Cluster,36
ROUTE,1358.872413,16,"[15,2]",36_4,"[3,8]","[15,1]",12.790056,"[15,1]",Cluster Routing Cluster,16
RECEIVE,1358.872507,6,"[15,1]",36_4,"[3,8]","[15,1]",12.790056,,,16
SEND,1368.308098,51,"[14,3]",51_2,"[14,3]","[12,1]",31.713146,,,
ROUTE,1368.308098,51,"[14,3]",51_2,"[14,3]","[12,1]",31.713146,"[14,254]",Up Tree,51
ROUTE,1368.308179,40,"[14,2]",51_2,"[14,3]","[12,1]",31.713146,"[6,4]",Up Tree,40
ROUTE,1368.308271,31,"[6,4]",51_2,"[14,3]","[12,1]",31.713146,"[6,254]",Cluster Routing Router Gateway,40
ROUTE,1368.308370,22,"[6,1]",51_2,"[14,3]","[12,1]",31.713146,"[6,7]",Cluster Routing Cluster,22
SEND,1378.741464,33,"[6,6]",33_2,"[6,6]","[12,1]",46.041955,,,
ROUTE,1378.741464,33,"[6,6]",33_2,"[6,6]","[12,1]",46.041955,"[6,254]",Up Tree,33
ROUTE,1378.741581,22,"[6,1]",33_2,"[6,6]","[12,1]",46.041955,"[6,7]",Cluster Routing Cluster,22
SEND,1382.466954,3,"[12,1]",3_1,"[12,1]","[3,1]",44.881713,,,
SEND,1402.840049,25,"[3,9]",25_1,"[3,9]","[4,4]",14.347178,,,
ROUTE,1402.840049,25,"[3,9]",25_1,"[3,9]","[4,4]",14.347178,"[3,254]",Up Tree,25
ROUTE,1402.840147,35,"[2,2]",25_1,"[3,9]","[4,4]",14.347178,"[3,2]",Cluster Routing Cluster,35
SEND,1430.466155,34,"[3,10]",34_1,"[3,10]","[32,1]",14.582475,,,
ROUTE,1430.466155,34,"[3,10]",34_1,"[3,10]","[32,1]",14.582475,"[3,254]",Up Tree,34
SEND,1441.457768,53,"[16,2]",53_1,"[16,2]","[6,7]",38.261241,,,
ROUTE,1441.457768,53,"[16,2]",53_1,"[16,2]","[6,7]",38.261241,"[16,254]",Up Tree,53
ROUTE,1441.457865,43,"[16,1]",53_1,"[16,2]","[6,7]",38.261241,"[6,5]",Up Tree,43
ROUTE,1441.457982,32,"[6,5]",53_1,"[16,2]","[6,7]",38.261241,"[6,2]",Cluster Routing Cluster,32
ROUTE,1441.458098,21,"[6,2]",53_1,"[16,2]","[6,7]",38.261241,"[6,7]",Cluster Routing Cluster,21
RECEIVE,1441.458210,12,"[6,7]",53_1,"[16,2]","[6,7]",38.261241,,,21
SEND,1453.440053,45,"[3,2]",45_7,"[3,2]","[31,2]",14.726504,,,
ROUTE,1453.440053,45,"[3,2]",45_7,"[3,2]","[31,2]",14.726504,"[3,254]",Up Tree,45
SEND,1455.081713,12,"[6,7]",12_1,"[6,7]","[3,2]",26.163623,,,
ROUTE,1455.081713,12,"[6,7]",12_1,"[6,7]","[3,2]",26.163623,"[6,254]",Up Tree,12
ROUTE,1455.081779,22,"[6,1]",12_1,"[6,7]","[3,2]",26.163623,"[1,4]",Up Tree,22
ROUTE,1455.081874,23,"[1,4]",12_1,"[6,7]","[3,2]",26.163623,"[1,254]",Cluster Routing Router Gateway,22
ROUTE,1455.081962,24,"[1,1]",12_1,"[6,7]","[3,2]",26.163623,"[3,254]",Cluster Routing Cluster,24
ROUTE,1455.082069,35,"[2,2]",12_1,"[6,7]","[3,2]",26.163623,"[3,2]",Cluster Routing Cluster,35
RECEIVE,1455.082138,45,"[3,2]",12_1,"[6,7]","[3,2]",26.163623,,,35
SEND,1455.929973,68,"[17,2]",68_1,"[17,2]","[10,5]",26.142935,,,
ROUTE,1455.929973,68,"[17,2]",68_1,"[17,2]","[10,5]",26.142935,"[24,4]",Cluster Routing Cluster,68
SEND,1470.201810,97,"[29,1]",97_1,"[29,1]","[5,1]",41.563831,,,
SEND,1492.894752,63,"[23,1]",63_1,"[23,1]","[22,4]",14.885611,,,
ROUTE,1492.894752,63,"[23,1]",63_1,"[23,1]","[22,4]",14.885611,"[22,4]",Cluster Routing Cluster,63
RECEIVE,1492.894807,64,"[22,4]",63_1,"[23,1]","[22,4]",14.885611,,,63
SEND,1497.242408,42,"[16,4]",42_1,"[16,4]","[3,8]",26.641442,,,
ROUTE,1497.242408,42,"[16,4]",42_1,"[16,4]","[3,8]",26.641442,"[16,254]",Up Tree,42
ROUTE,1497.242465,43,"[16,1]",42_1,"[16,4]","[3,8]",26.641442,"[3,10]",Cluster Routing Cluster,43
SEND,1498.498970,44,"[3,1]",44_15,"[3,1]","[32,1]",32.722312,,,
ROUTE,1498.498970,44,"[3,1]",44_15,"[3,1]","[32,1]",32.722312,"[3,254]",Up Tree,44
SEND,1506.132010,6,"[15,1]",6_3,"[15,1]","[6,6]",40.042786,,,
SEND,1506.851065,27,"[2,6]",27_1,"[2,6]","[25,1]",17.341016,,,
ROUTE,1506.851065,27,"[2,6]",27_1,"[2,6]","[25,1]",17.341016,"[2,254]",Up Tree,27
ROUTE,1506.851137,37,"[2,1]",27_1,"[2,6]","[25,1]",17.341016,"[2,5]",Down Tree,37
ROUTE,1506.851234,38,"[2,5]",27_1,"[2,6]","[25,1]",17.341016,"[10,1]",Cluster Routing Router Gateway 2,37
ROUTE,1506.851337,48,"[10,1]",27_1,"[2,6]","[25,1]",17.341016,"[10,3]",Down Tree,48
ROUTE,1506.851424,59,"[10,3]",27_1,"[2,6]","[25,1]",17.341016,"[17,1]",Cluster Routing Router Gateway 2,48
ROUTE,1506.851497,69,"[17,1]",27_1,"[2,6]","[25,1]",17.341016,"[25,254]",Cluster Routing Cluster,69
ROUTE,1506.851616,79,"[17,4]",27_1,"[2,6]","[25,1]",17.341016,"[25,1]",Cluster Routing Cluster,79
RECEIVE,1506.851733,98,"[25,1]",27_1,"[2,6]","[25,1]",17.341016,,,79
SEND,1506.965130,95,"[29,3]",95_2,"[29,3]","[31,2]",14.486235,,,
ROUTE,1506.965130,95,"[29,3]",95_2,"[29,3]","[31,2]",14.486235,"[31,2]",Cluster Routing Cluster,95
RECEIVE,1506.965195,85,"[31,2]",95_2,"[29,3]","[31,2]",14.486235,,,95
SEND,1517.005218,9,"[5,3]",9_1,"[5,3]","[22,4]",26.769395,,,
ROUTE,1517.005218,9,"[5,3]",9_1,"[5,3]","[22,4]",26.769395,"[5,254]",Up Tree,9
ROUTE,1517.005325,18,"[5,2]",9_1,"[5,3]","[22,4]",26.769395,"[2,4]",Up Tree,18
ROUTE,1517.005409,28,"[2,4]",9_1,"[5,3]","[22,4]",26.769395,"[2,254]",Cluster Routing Router Gateway,18
ROUTE,1517.005523,37,"[2,1]",9_1,"[5,3]","[22,4]",26.769395,"[2,3]",Down Tree,37
ROUTE,1517.005615,47,"[2,3]",9_1,"[5,3]","[22,4]",26.769395,"[4,3]",Cluster Routing Router Gateway 2,37
ROUTE,1517.005706,56,"[4,3]",9_1,"[5,3]","[22,4]",26.769395,"[4,4]",Cluster Routing Cluster,56
SEND,1518.259153,85,"[31,2]",85_2,"[31,2]","[29,1]",16.492242,,,
ROUTE,1518.259153,85,"[31,2]",85_2,"[31,2]","[29,1]",16.492242,"[29,254]",Cluster Routing Cluster,85
ROUTE,1518.259263,96,"[29,2]",85_2,"[31,2]","[29,1]",16.492242,"[29,1]",Cluster Routing Cluster,96
RECEIVE,1518.259354,97,"[29,1]",85_2,"[31,2]","[29,1]",16.492242,,,96
SEND,1534.951681,91,"[33,1]",91_1,"[33,1]","[29,3]",18.773987,,,
ROUTE,1534.951681,91,"[33,1]",91_1,"[33,1]","[29,3]",18.773987,"[33,254]",Up Tree,91
ROUTE,1534.951744,81,"[26,3]",91_1,"[33,1]","[29,3]",18.773987,"[26,254]",Up Tree,81
ROUTE,1534.951852,70,"[26,1]",91_1,"[33,1]","[29,3]",18.773987,"[21,1]",Up Tree,70
ROUTE,1534.951921,60,"[21,1]",91_1,"[33,1]","[29,3]",18.773987,"[21,254]",Cluster Routing Router Gateway,70
ROUTE,1534.951982,50,"[14,4]",91_1,"[33,1]","[29,3]",18.773987,"[14,254]",Up Tree,50
ROUTE,1534.952080,40,"[14,2]",91_1,"[33,1]","[29,3]",18.773987,"[6,4]",Up Tree,40
ROUTE,1534.952172,31,"[6,4]",91_1,"[33,1]","[29,3]",18.773987,"[6,254]",Cluster Routing Router Gateway,40
ROUTE,1534.952271,22,"[6,1]",91_1,"[33,1]","[29,3]",18.773987,"[1,4]",Up Tree,22
ROUTE,1534.952365,23,"[1,4]",91_1,"[33,1]","[29,3]",18.773987,"[1,254]",Cluster Routing Router Gateway,22
ROUTE,1534.952454,24,"[1,1]",91_1,"[33,1]","[29,3]",18.773987,"[1,3]",Down Tree,24
ROUTE,1534.952566,26,"[1,3]",91_1,"[33,1]","[29,3]",18.773987,"[2,1]",Cluster Routing Router Gateway 2,24
ROUTE,1534.952683,37,"[2,1]",91_1,"[33,1]","[29,3]",18.773987,"[2,5]",Down Tree,37
ROUTE,1534.952781,38,"[2,5]",91_1,"[33,1]","[29,3]",18.773987,"[10,1]",Cluster Routing Router Gateway 2,37
ROUTE,1534.952883,48,"[10,1]",91_1,"[33,1]","[29,3]",18.773987,"[10,3]",Down Tree,48
ROUTE,1534.952971,59,"[10,3]",91_1,"[33,1]","[29,3]",18.773987,"[17,1]",Cluster Routing Router Gateway 2,48
ROUTE,1534.953044,69,"[17,1]",91_1,"[33,1]","[29,3]",18.773987,"[17,3]",Down Tree,69
ROUTE,1534.953160,78,"[17,3]",91_1,"[33,1]","[29,3]",18.773987,"[24,3]",Cluster Routing Cluster,78
ROUTE,1534.953260,87,"[24,3]",91_1,"[33,1]","[29,3]",18.773987,"[29,3]",Cluster Routing Cluster,87
RECEIVE,1534.953350,86,"[29,3]",91_1,"[33,1]","[29,3]",18.773987,,,87
SEND,1540.333281,64,"[22,4]",64_1,"[22,4]","[3,2]",30.510991,,,
ROUTE,1540.333281,64,"[22,4]",64_1,"[22,4]","[3,2]",30.510991,"[3,2]",Cluster Routing Cluster,64
SEND,1542.482847,92,"[34,1]",92_1,"[34,1]","[29,1]",18.752147,,,
ROUTE,1542.482847,92,"[34,1]",92_1,"[34,1]","[29,1]",18.752147,"[34,254]",Up Tree,92
ROUTE,1542.482932,82,"[27,2]",92_1,"[34,1]","[29,1]",18.752147,"[27,254]",Up Tree,82
ROUTE,1542.483031,71,"[27,1]",92_1,"[34,1]","[29,1]",18.752147,"[21,2]",Up Tree,71
ROUTE,1542.483133,61,"[21,2]",92_1,"[34,1]","[29,1]",18.752147,"[21,254]",Cluster Routing Router Gateway,71
ROUTE,1542.483244,50,"[14,4]",92_1,"[34,1]","[29,1]",18.752147,"[14,254]",Up Tree,50
ROUTE,1542.483342,40,"[14,2]",92_1,"[34,1]","[29,1]",18.752147,"[6,4]",Up Tree,40
ROUTE,1542.483434,31,"[6,4]",92_1,"[34,1]","[29,1]",18.752147,"[6,254]",Cluster Routing Router Gateway,40
ROUTE,1542.483533,22,"[6,1]",92_1,"[34,1]","[29,1]",18.752147,"[1,4]",Up Tree,22
ROUTE,1542.483627,23,"[1,4]",92_1,"[34,1]","[29,1]",18.752147,"[1,254]",Cluster Routing Router Gateway,22
ROUTE,1542.483716,24,"[1,1]",92_1,"[34,1]","[29,1]",18.752147,"[1,3]",Down Tree,24
ROUTE,1542.483828,26,"[1,3]",92_1,"[34,1]","[29,1]",18.752147,"[2,1]",Cluster Routing Router Gateway 2,24
ROUTE,1542.483945,37,"[2,1]",92_1,"[34,1]","[29,1]",18.752147,"[2,5]",Down Tree,37
ROUTE,1542.484043,38,"[2,5]",92_1,"[34,1]","[29,1]",18.752147,"[10,1]",Cluster Routing Router Gateway 2,37
ROUTE,1542.484146,48,"[10,1]",92_1,"[34,1]","[29,1]",18.752147,"[10,3]",Down Tree,48
ROUTE,1542.484233,59,"[10,3]",92_1,"[34,1]","[29,1]",18.752147,"[17,1]",Cluster Routing Router Gateway 2,48
ROUTE,1542.484306,69,"[17,1]",92_1,"[34,1]","[29,1]",18.752147,"[17,3]",Down Tree,69
ROUTE,1542.484422,78,"[17,3]",92_1,"[34,1]","[29,1]",18.752147,"[24,3]",Cluster Routing Cluster,78
ROUTE,1542.484522,87,"[24,3]",92_1,"[34,1]","[29,1]",18.752147,"[29,1]",Cluster Routing Cluster,87
RECEIVE,1542.484607,97,"[29,1]",92_1,"[34,1]","[29,1]",18.752147,,,87
SEND,1550.228004,58,"[10,5]",58_2,"[10,5]","[22,5]",46.212899,,,
ROUTE,1550.228004,58,"[10,5]",58_2,"[10,5]","[22,5]",46.212899,"[10,254]",Up Tree,58
ROUTE,1550.228063,48,"[10,1]",58_2,"[10,5]","[22,5]",46.212899,"[2,5]",Up Tree,48
ROUTE,1550.228166,38,"[2,5]",58_2,"[10,5]","[22,5]",46.212899,"[2,254]",Cluster Routing Router Gateway,48
ROUTE,1550.228263,37,"[2,1]",58_2,"[10,5]","[22,5]",46.212899,"[2,3]",Down Tree,37
ROUTE,1550.228355,47,"[2,3]",58_2,"[10,5]","[22,5]",46.212899,"[4,3]",Cluster Routing Router Gateway 2,37
ROUTE,1550.228447,56,"[4,3]",58_2,"[10,5]","[22,5]",46.212899,"[4,5]",Cluster Routing Cluster,56
ROUTE,1550.228554,65,"[4,5]",58_2,"[10,5]","[22,5]",46.212899,"[22,5]",Cluster Routing Cluster,65
RECEIVE,1550.228653,74,"[22,5]",58_2,"[10,5]","[22,5]",46.212899,,,65
SEND,1555.126168,41,"[14,1]",41_4,"[14,1]","[3,1]",18.700837,,,
ROUTE,1555.126168,41,"[14,1]",41_4,"[14,1]","[3,1]",18.700837,"[16,4]",Cluster Routing Cluster,41
SEND,1555.864466,49,"[10,2]",49_2,"[10,2]","[2,2]",32.910407,,,
ROUTE,1555.864466,49,"[10,2]",49_2,"[10,2]","[2,2]",32.910407,"[10,254]",Up Tree,49
ROUTE,1555.864522,48,"[10,1]",49_2,"[10,2]","[2,2]",32.910407,"[2,3]",Cluster Routing Cluster,48
ROUTE,1555.864612,47,"[2,3]",49_2,"[10,2]","[2,2]",32.910407,"[2,2]",Cluster Routing Cluster,47
RECEIVE,1555.864670,46,"[2,2]",49_2,"[10,2]","[2,2]",32.910407,,,47
SEND,1559.564529,1,"[12,3]",1_2,"[12,3]","[4,2]",26.888724,,,
ROUTE,1559.564529,1,"[12,3]",1_2,"[12,3]","[4,2]",26.888724,"[12,254]",Up Tree,1
ROUTE,1559.564624,2,"[12,2]",1_2,"[12,3]","[4,2]",26.888724,"[6,3]",Up Tree,2
ROUTE,1559.564704,13,"[6,3]",1_2,"[12,3]","[4,2]",26.888724,"[6,254]",Cluster Routing Router Gateway,2
ROUTE,1559.564804,22,"[6,1]",1_2,"[12,3]","[4,2]",26.888724,"[1,4]",Up Tree,22
ROUTE,1559.564898,23,"[1,4]",1_2,"[12,3]","[4,2]",26.888724,"[1,254]",Cluster Routing Router Gateway,22
ROUTE,1559.564987,24,"[1,1]",1_2,"[12,3]","[4,2]",26.888724,"[1,3]",Down Tree,24
ROUTE,1559.565099,26,"[1,3]",1_2,"[12,3]","[4,2]",26.888724,"[2,1]",Cluster Routing Router Gateway 2,24
ROUTE,1559.565217,37,"[2,1]",1_2,"[12,3]","[4,2]",26.888724,"[2,2]",Cluster Routing Cluster,37
SEND,1561.368039,86,"[29,3]",86_1,"[29,3]","[29,1]",42.101723,,,
ROUTE,1561.368039,86,"[29,3]",86_1,"[29,3]","[29,1]",42.101723,"[29,254]",Cluster Routing Cluster,86
ROUTE,1561.368142,96,"[29,2]",86_1,"[29,3]","[29,1]",42.101723,"[29,1]",Cluster Routing Cluster,96
RECEIVE,1561.368233,97,"[29,1]",86_1,"[29,3]","[29,1]",42.101723,,,96
SEND,1595.077963,67,"[24,4]",67_2,"[24,4]","[2,6]",37.122363,,,
ROUTE,1595.077963,67,"[24,4]",67_2,"[24,4]","[2,6]",37.122363,"[24,254]",Up Tree,67
ROUTE,1595.078062,78,"[17,3]",67_2,"[24,4]","[2,6]",37.122363,"[17,254]",Up Tree,78
ROUTE,1595.078178,69,"[17,1]",67_2,"[24,4]","[2,6]",37.122363,"[10,3]",Up Tree,69
ROUTE,1595.078251,59,"[10,3]",67_2,"[24,4]","[2,6]",37.122363,"[10,254]",Cluster Routing Router Gateway,69
ROUTE,1595.078339,48,"[10,1]",67_2,"[24,4]","[2,6]",37.122363,"[2,5]",Up Tree,48
ROUTE,1595.078441,38,"[2,5]",67_2,"[24,4]","[2,6]",37.122363,"[2,6]",Cluster Routing Cluster,38
RECEIVE,1595.078533,27,"[2,6]",67_2,"[24,4]","[2,6]",37.122363,,,38
SEND,1596.634234,73,"[28,1]",73_2,"[28,1]","[29,3]",38.494783,,,
SEND,1599.597410,93,"[34,2]",93_1,"[34,2]","[14,1]",36.323415,,,
ROUTE,1599.597410,93,"[34,2]",93_1,"[34,2]","[14,1]",36.323415,"[34,254]",Up Tree,93
ROUTE,1599.597526,82,"[27,2]",93_1,"[34,2]","[14,1]",36.323415,"[27,254]",Up Tree,82
ROUTE,1599.597624,71,"[27,1]",93_1,"[34,2]","[14,1]",36.323415,"[21,2]",Up Tree,71
ROUTE,1599.597726,61,"[21,2]",93_1,"[34,2]","[14,1]",36.323415,"[23,254]",Cluster Routing Cluster,61
ROUTE,1599.597801,52,"[16,3]",93_1,"[34,2]","[14,1]",36.323415,"[14,1]",Cluster Routing Cluster,52
RECEIVE,1599.597903,41,"[14,1]",93_1,"[34,2]","[14,1]",36.323415,,,52
SEND,1614.804067,29,"[10,2]",29_2,"[10,2]","[4,4]",32.146877,,,
SEND,1619.651511,10,"[18,2]",10_5,"[18,2]","[14,3]",16.821474,,,
SEND,1620.921177,20,"[11,1]",20_4,"[11,1]","[12,3]",17.647562,,,
ROUTE,1620.921177,20,"[11,1]",20_4,"[11,1]","[12,3]",17.647562,"[6,8]",Cluster Routing Cluster,20
ROUTE,1620.921247,11,"[6,8]",20_4,"[11,1]","[12,3]",17.647562,"[12,3]",Cluster Routing Cluster,11
RECEIVE,1620.921324,1,"[12,3]",20_4,"[11,1]","[12,3]",17.647562,,,11
SEND,1634.487007,74,"[22,5]",74_13,"[22,5]","[2,2]",23.265702,,,
SEND,1636.192180,98,"[25,1]",98_1,"[25,1]","[34,2]",40.959826,,,
ROUTE,1636.192180,98,"[25,1]",98_1,"[25,1]","[34,2]",40.959826,"[25,254]",Up Tree,98
ROUTE,1636.192297,79,"[17,4]",98_1,"[25,1]","[34,2]",40.959826,"[17,254]",Up Tree,79
ROUTE,1636.192416,69,"[17,1]",98_1,"[25,1]","[34,2]",40.959826,"[10,3]",Up Tree,69
ROUTE,1636.192489,59,"[10,3]",98_1,"[25,1]","[34,2]",40.959826,"[10,254]",Cluster Routing Router Gateway,69
ROUTE,1636.192576,48,"[10,1]",98_1,"[25,1]","[34,2]",40.959826,"[2,5]",Up Tree,48
ROUTE,1636.192679,38,"[2,5]",98_1,"[25,1]","[34,2]",40.959826,"[2,254]",Cluster Routing Router Gateway,48
ROUTE,1636.192777,37,"[2,1]",98_1,"[25,1]","[34,2]",40.959826,"[1,3]",Up Tree,37
ROUTE,1636.192894,26,"[1,3]",98_1,"[25,1]","[34,2]",40.959826,"[1,254]",Cluster Routing Router Gateway,37
ROUTE,1636.193006,24,"[1,1]",98_1,"[25,1]","[34,2]",40.959826,"[1,4]",Down Tree,24
ROUTE,1636.193095,23,"[1,4]",98_1,"[25,1]","[34,2]",40.959826,"[6,1]",Cluster Routing Router Gateway 2,24
ROUTE,1636.193189,22,"[6,1]",98_1,"[25,1]","[34,2]",40.959826,"[6,4]",Down Tree,22
ROUTE,1636.193288,31,"[6,4]",98_1,"[25,1]","[34,2]",40.959826,"[14,2]",Cluster Routing Router Gateway 2,22
ROUTE,1636.193380,40,"[14,2]",98_1,"[25,1]","[34,2]",40.959826,"[14,4]",Down Tree,40
ROUTE,1636.193478,50,"[14,4]",98_1,"[25,1]","[34,2]",40.959826,"[21,2]",Down Tree,50
ROUTE,1636.193589,61,"[21,2]",98_1,"[25,1]","[34,2]",40.959826,"[27,1]",Cluster Routing Router Gateway 2,50
ROUTE,1636.193691,71,"[27,1]",98_1,"[25,1]","[34,2]",40.959826,"[34,254]",Cluster Routing Cluster,71
ROUTE,1636.193790,82,"[27,2]",98_1,"[25,1]","[34,2]",40.959826,"[34,2]",Cluster Routing Cluster,82
RECEIVE,1636.193906,93,"[34,2]",98_1,"[25,1]","[34,2]",40.959826,,,82
SEND,1643.063706,75,"[31,3]",75_4,"[31,3]","[17,2]",31.275784,,,
ROUTE,1643.063706,75,"[31,3]",75_4,"[31,3]","[17,2]",31.275784,"[31,254]",Up Tree,75
ROUTE,1643.063750,76,"[31,1]",75_4,"[31,3]","[17,2]",31.275784,"[31,254]",Cluster Routing Cluster,76
SEND,1667.257621,55,"[4,4]",55_2,"[4,4]","[2,2]",24.726258,,,
ROUTE,1667.257621,55,"[4,4]",55_2,"[4,4]","[2,2]",24.726258,"[3,2]",Cluster Routing Cluster,55
SEND,1667.262788,75,"[31,3]",75_5,"[31,3]","[34,1]",25.247660,,,
ROUTE,1667.262788,75,"[31,3]",75_5,"[31,3]","[34,1]",25.247660,"[31,254]",Up Tree,75
ROUTE,1667.262832,76,"[31,1]",75_5,"[31,3]","[34,1]",25.247660,"[24,5]",Up Tree,76
ROUTE,1667.262922,77,"[24,5]",75_5,"[31,3]","[34,1]",25.247660,"[24,254]",Cluster Routing Router Gateway,76
ROUTE,1667.263003,78,"[17,3]",75_5,"[31,3]","[34,1]",25.247660,"[17,254]",Up Tree,78
ROUTE,1667.263119,69,"[17,1]",75_5,"[31,3]","[34,1]",25.247660,"[10,3]",Up Tree,69
ROUTE,1667.263192,59,"[10,3]",75_5,"[31,3]","[34,1]",25.247660,"[10,254]",Cluster Routing Router Gateway,69
ROUTE,1667.263279,48,"[10,1]",75_5,"[31,3]","[34,1]",25.247660,"[2,5]",Up Tree,48
ROUTE,1667.263382,38,"[2,5]",75_5,"[31,3]","[34,1]",25.247660,"[2,254]",Cluster Routing Router Gateway,48
ROUTE,1667.263479,37,"[2,1]",75_5,"[31,3]","[34,1]",25.247660,"[1,3]",Up Tree,37
ROUTE,1667.263596,26,"[1,3]",75_5,"[31,3]","[34,1]",25.247660,"[1,254]",Cluster Routing Router Gateway,37
ROUTE,1667.263709,24,"[1,1]",75_5,"[31,3]","[34,1]",25.247660,"[1,4]",Down Tree,24
ROUTE,1667.263797,23,"[1,4]",75_5,"[31,3]","[34,1]",25.247660,"[6,1]",Cluster Routing Router Gateway 2,24
ROUTE,1667.263892,22,"[6,1]",75_5,"[31,3]","[34,1]",25.247660,"[6,4]",Down Tree,22
ROUTE,1667.263991,31,"[6,4]",75_5,"[31,3]","[34,1]",25.247660,"[14,2]",Cluster Routing Router Gateway 2,22
ROUTE,1667.264083,40,"[14,2]",75_5,"[31,3]","[34,1]",25.247660,"[14,4]",Down Tree,40
ROUTE,1667.264181,50,"[14,4]",75_5,"[31,3]","[34,1]",25.247660,"[21,2]",Down Tree,50
ROUTE,1667.264292,61,"[21,2]",75_5,"[31,3]","[34,1]",25.247660,"[27,1]",Cluster Routing Router Gateway 2,50
ROUTE,1667.264394,71,"[27,1]",75_5,"[31,3]","[34,1]",25.247660,"[34,254]",Cluster Routing Cluster,71
ROUTE,1667.264492,82,"[27,2]",75_5,"[31,3]","[34,1]",25.247660,"[34,1]",Cluster Routing Cluster,82
RECEIVE,1667.264578,92,"[34,1]",75_5,"[31,3]","[34,1]",25.247660,,,82
SEND,1669.849812,33,"[6,6]",33_3,"[6,6]","[17,2]",36.855534,,,
ROUTE,1669.849812,33,"[6,6]",33_3,"[6,6]","[17,2]",36.855534,"[6,254]",Up Tree,33
ROUTE,1669.849928,22,"[6,1]",33_3,"[6,6]","[17,2]",36.855534,"[1,4]",Up Tree,22
ROUTE,1669.850022,23,"[1,4]",33_3,"[6,6]","[17,2]",36.855534,"[1,254]",Cluster Routing Router Gateway,22
ROUTE,1669.850111,24,"[1,1]",33_3,"[6,6]","[17,2]",36.855534,"[1,3]",Down Tree,24
ROUTE,1669.850223,26,"[1,3]",33_3,"[6,6]","[17,2]",36.855534,"[2,1]",Cluster Routing Router Gateway 2,24
ROUTE,1669.850341,37,"[2,1]",33_3,"[6,6]","[17,2]",36.855534,"[2,5]",Down Tree,37
ROUTE,1669.850438,38,"[2,5]",33_3,"[6,6]","[17,2]",36.855534,"[10,1]",Cluster Routing Router Gateway 2,37
ROUTE,1669.850541,48,"[10,1]",33_3,"[6,6]","[17,2]",36.855534,"[10,5]",Cluster Routing Cluster,48
SEND,1670.491069,17,"[5,3]",17_5,"[5,3]","[24,4]",38.477269,,,
SEND,1676.562391,8,"[5,4]",8_3,"[5,4]","[2,2]",22.255557,,,
ROUTE,1676.562391,8,"[5,4]",8_3,"[5,4]","[2,2]",22.255557,"[5,254]",Up Tree,8
ROUTE,1676.562439,18,"[5,2]",8_3,"[5,4]","[2,2]",22.255557,"[2,4]",Up Tree,18
ROUTE,1676.562524,28,"[2,4]",8_3,"[5,4]","[2,2]",22.255557,"[2,254]",Cluster Routing Cluster,28
ROUTE,1676.562637,37,"[2,1]",8_3,"[5,4]","[2,2]",22.255557,"[3,8]",Cluster Routing Cluster,37
SEND,1681.758637,3,"[12,1]",3_2,"[12,1]","[14,3]",38.390646,,,
SEND,1694.643599,57,"[4,2]",57_14,"[4,2]","[16,2]",42.290539,,,
SEND,1700.551108,51,"[14,3]",51_3,"[14,3]","[15,1]",21.559898,,,
ROUTE,1700.551108,51,"[14,3]",51_3,"[14,3]","[15,1]",21.559898,"[14,254]",Up Tree,51
ROUTE,1700.551189,40,"[14,2]",51_3,"[14,3]","[15,1]",21.559898,"[6,4]",Up Tree,40
ROUTE,1700.551281,31,"[6,4]",51_3,"[14,3]","[15,1]",21.559898,"[6,254]",Cluster Routing Router Gateway,40
ROUTE,1700.551380,22,"[6,1]",51_3,"[14,3]","[15,1]",21.559898,"[1,4]",Up Tree,22
ROUTE,1700.551474,23,"[1,4]",51_3,"[14,3]","[15,1]",21.559898,"[1,254]",Cluster Routing Router Gateway,22
ROUTE,1700.551563,24,"[1,1]",51_3,"[14,3]","[15,1]",21.559898,"[1,3]",Down Tree,24
ROUTE,1700.551675,26,"[1,3]",51_3,"[14,3]","[15,1]",21.559898,"[15,254]",Cluster Routing Cluster,26
ROUTE,1700.551739,16,"[15,2]",51_3,"[14,3]","[15,1]",21.559898,"[15,1]",Cluster Routing Cluster,16
RECEIVE,1700.551833,6,"[15,1]",51_3,"[14,3]","[15,1]",21.559898,,,16
SEND,1702.950232,10,"[18,2]",10_6,"[18,2]","[24,4]",20.580923,,,
SEND,1708.910934,19,"[5,1]",19_2,"[5,1]","[16,4]",46.958048,,,
SEND,1716.337798,15,"[19,2]",15_2,"[19,2]","[4,2]",47.240899,,,
SEND,1717.310433,46,"[2,2]",46_8,"[2,2]","[10,4]",41.336403,,,
ROUTE,1717.310433,46,"[2,2]",46_8,"[2,2]","[10,4]",41.336403,"[2,254]",Up Tree,46
ROUTE,1717.310500,37,"[2,1]",46_8,"[2,2]","[10,4]",41.336403,"[2,5]",Cluster Routing Cluster,37
ROUTE,1717.310597,38,"[2,5]",46_8,"[2,2]","[10,4]",41.336403,"[10,4]",Cluster Routing Cluster,38
RECEIVE,1717.310673,39,"[10,4]",46_8,"[2,2]","[10,4]",41.336403,,,38
SEND,1721.316725,25,"[3,9]",25_2,"[3,9]","[10,4]",19.306176,,,
ROUTE,1721.316725,25,"[3,9]",25_2,"[3,9]","[10,4]",19.306176,"[3,254]",Up Tree,25
SEND,1743.873317,39,"[10,4]",39_2,"[10,4]","[12,3]",26.445169,,,
ROUTE,1743.873317,39,"[10,4]",39_2,"[10,4]","[12,3]",26.445169,"[10,254]",Up Tree,39
ROUTE,1743.873411,48,"[10,1]",39_2,"[10,4]","[12,3]",26.445169,"[2,5]",Up Tree,48
ROUTE,1743.873513,38,"[2,5]",39_2,"[10,4]","[12,3]",26.445169,"[2,254]",Cluster Routing Router Gateway,48
ROUTE,1743.873611,37,"[2,1]",39_2,"[10,4]","[12,3]",26.445169,"[1,3]",Up Tree,37
ROUTE,1743.873728,26,"[1,3]",39_2,"[10,4]","[12,3]",26.445169,"[1,254]",Cluster Routing Router Gateway,37
ROUTE,1743.873840,24,"[1,1]",39_2,"[10,4]","[12,3]",26.445169,"[1,4]",Down Tree,24
ROUTE,1743.873929,23,"[1,4]",39_2,"[10,4]","[12,3]",26.445169,"[6,7]",Cluster Routing Cluster,23
SEND,1756.292435,68,"[17,2]",68_2,"[17,2]","[16,4]",10.103380,,,
ROUTE,1756.292435,68,"[17,2]",68_2,"[17,2]","[16,4]",10.103380,"[17,254]",Up Tree,68
ROUTE,1756.292544,69,"[17,1]",68_2,"[17,2]","[16,4]",10.103380,"[10,3]",Up Tree,69
ROUTE,1756.292617,59,"[10,3]",68_2,"[17,2]","[16,4]",10.103380,"[10,254]",Cluster Routing Router Gateway,69
ROUTE,1756.292704,48,"[10,1]",68_2,"[17,2]","[16,4]",10.103380,"[2,5]",Up Tree,48
ROUTE,1756.292807,38,"[2,5]",68_2,"[17,2]","[16,4]",10.103380,"[2,254]",Cluster Routing Router Gateway,48
ROUTE,1756.292904,37,"[2,1]",68_2,"[17,2]","[16,4]",10.103380,"[1,3]",Up Tree,37
ROUTE,1756.293022,26,"[1,3]",68_2,"[17,2]","[16,4]",10.103380,"[1,254]",Cluster Routing Router Gateway,37
ROUTE,1756.293134,24,"[1,1]",68_2,"[17,2]","[16,4]",10.103380,"[1,4]",Down Tree,24
ROUTE,1756.293223,23,"[1,4]",68_2,"[17,2]","[16,4]",10.103380,"[6,5]",Cluster Routing Cluster,23
ROUTE,1756.293308,32,"[6,5]",68_2,"[17,2]","[16,4]",10.103380,"[16,4]",Cluster Routing Cluster,32
RECEIVE,1756.293401,42,"[16,4]",68_2,"[17,2]","[16,4]",10.103380,,,32
SEND,1766.712245,66,"[4,2]",66_29,"[4,2]","[28,1]",10.564147,,,
ROUTE,1766.712245,66,"[4,2]",66_29,"[4,2]","[28,1]",10.564147,"[4,254]",Up Tree,66
ROUTE,1766.712320,56,"[4,3]",66_29,"[4,2]","[28,1]",10.564147,"[2,3]",Up Tree,56
ROUTE,1766.712412,47,"[2,3]",66_29,"[4,2]","[28,1]",10.564147,"[2,254]",Cluster Routing Router Gateway,56
ROUTE,1766.712503,37,"[2,1]",66_29,"[4,2]","[28,1]",10.564147,"[1,3]",Up Tree,37
ROUTE,1766.712621,26,"[1,3]",66_29,"[4,2]","[28,1]",10.564147,"[1,254]",Cluster Routing Router Gateway,37
ROUTE,1766.712733,24,"[1,1]",66_29,"[4,2]","[28,1]",10.564147,"[1,4]",Down Tree,24
ROUTE,1766.712822,23,"[1,4]",66_29,"[4,2]","[28,1]",10.564147,"[6,1]",Cluster Routing Router Gateway 2,24
ROUTE,1766.712916,22,"[6,1]",66_29,"[4,2]","[28,1]",10.564147,"[6,5]",Down Tree,22
ROUTE,1766.712982,32,"[6,5]",66_29,"[4,2]","[28,1]",10.564147,"[16,1]",Cluster Routing Router Gateway 2,22
ROUTE,1766.713099,43,"[16,1]",66_29,"[4,2]","[28,1]",10.564147,"[16,3]",Down Tree,43
ROUTE,1766.713208,52,"[16,3]",66_29,"[4,2]","[28,1]",10.564147,"[23,2]",Cluster Routing Cluster,52
ROUTE,1766.713294,62,"[23,2]",66_29,"[4,2]","[28,1]",10.564147,"[28,1]",Cluster Routing Cluster,62
RECEIVE,1766.713369,73,"[28,1]",66_29,"[4,2]","[28,1]",10.564147,,,62
SEND,1770.219775,34,"[3,10]",34_2,"[3,10]","[29,1]",11.524515,,,
ROUTE,1770.219775,34,"[3,10]",34_2,"[3,10]","[29,1]",11.524515,"[3,254]",Up Tree,34
SEND,1772.368254,89,"[24,2]",89_2,"[24,2]","[18,2]",16.789339,,,
ROUTE,1772.368254,89,"[24,2]",89_2,"[24,2]","[18,2]",16.789339,"[24,254]",Up Tree,89
ROUTE,1772.368373,78,"[17,3]",89_2,"[24,2]","[18,2]",16.789339,"[17,254]",Up Tree,78
ROUTE,1772.368489,69,"[17,1]",89_2,"[24,2]","[18,2]",16.789339,"[10,3]",Up Tree,69
ROUTE,1772.368562,59,"[10,3]",89_2,"[24,2]","[18,2]",16.789339,"[10,254]",Cluster Routing Router Gateway,69
ROUTE,1772.368649,48,"[10,1]",89_2,"[24,2]","[18,2]",16.789339,"[2,5]",Up Tree,48
ROUTE,1772.368752,38,"[2,5]",89_2,"[24,2]","[18,2]",16.789339,"[2,254]",Cluster Routing Router Gateway,48
ROUTE,1772.368849,37,"[2,1]",89_2,"[24,2]","[18,2]",16.789339,"[1,3]",Up Tree,37
ROUTE,1772.368967,26,"[1,3]",89_2,"[24,2]","[18,2]",16.789339,"[1,254]",Cluster Routing Router Gateway,37
ROUTE,1772.369079,24,"[1,1]",89_2,"[24,2]","[18,2]",16.789339,"[1,4]",Down Tree,24
ROUTE,1772.369168,23,"[1,4]",89_2,"[24,2]","[18,2]",16.789339,"[6,1]",Cluster Routing Router Gateway 2,24
ROUTE,1772.369262,22,"[6,1]",89_2,"[24,2]","[18,2]",16.789339,"[6,2]",Cluster Routing Cluster,22
ROUTE,1772.369338,21,"[6,2]",89_2,"[24,2]","[18,2]",16.789339,"[18,2]",Cluster Routing Cluster,21
RECEIVE,1772.369426,10,"[18,2]",89_2,"[24,2]","[18,2]",16.789339,,,21
SEND,1780.199496,85,"[31,2]",85_3,"[31,2]","[32,1]",45.052079,,,
ROUTE,1780.199496,85,"[31,2]",85_3,"[31,2]","[32,1]",45.052079,"[31,254]",Up Tree,85
ROUTE,1780.199601,76,"[31,1]",85_3,"[31,2]","[32,1]",45.052079,"[24,5]",Up Tree,76
ROUTE,1780.199691,77,"[24,5]",85_3,"[31,2]","[32,1]",45.052079,"[24,254]",Cluster Routing Router Gateway,76
ROUTE,1780.199772,78,"[17,3]",85_3,"[31,2]","[32,1]",45.052079,"[17,254]",Up Tree,78
ROUTE,1780.199888,69,"[17,1]",85_3,"[31,2]","[32,1]",45.052079,"[10,3]",Up Tree,69
ROUTE,1780.199961,59,"[10,3]",85_3,"[31,2]","[32,1]",45.052079,"[10,254]",Cluster Routing Router Gateway,69
ROUTE,1780.200048,48,"[10,1]",85_3,"[31,2]","[32,1]",45.052079,"[2,5]",Up Tree,48
ROUTE,1780.200151,38,"[2,5]",85_3,"[31,2]","[32,1]",45.052079,"[2,254]",Cluster Routing Router Gateway,48
ROUTE,1780.200248,37,"[2,1]",85_3,"[31,2]","[32,1]",45.052079,"[1,3]",Up Tree,37
ROUTE,1780.200365,26,"[1,3]",85_3,"[31,2]","[32,1]",45.052079,"[1,254]",Cluster Routing Router Gateway,37
ROUTE,1780.200478,24,"[1,1]",85_3,"[31,2]","[32,1]",45.052079,"[1,4]",Down Tree,24
ROUTE,1780.200566,23,"[1,4]",85_3,"[31,2]","[32,1]",45.052079,"[6,1]",Cluster Routing Router Gateway 2,24
ROUTE,1780.200661,22,"[6,1]",85_3,"[31,2]","[32,1]",45.052079,"[6,4]",Down Tree,22
ROUTE,1780.200760,31,"[6,4]",85_3,"[31,2]","[32,1]",45.052079,"[14,2]",Cluster Routing Router Gateway 2,22
ROUTE,1780.200852,40,"[14,2]",85_3,"[31,2]","[32,1]",45.052079,"[14,4]",Down Tree,40
ROUTE,1780.200950,50,"[14,4]",85_3,"[31,2]","[32,1]",45.052079,"[21,1]",Down Tree,50
ROUTE,1780.201011,60,"[21,1]",85_3,"[31,2]","[32,1]",45.052079,"[26,1]",Cluster Routing Router Gateway 2,50
ROUTE,1780.201079,70,"[26,1]",85_3,"[31,2]","[32,1]",45.052079,"[32,254]",Cluster Routing Cluster,70
ROUTE,1780.201148,80,"[26,2]",85_3,"[31,2]","[32,1]",45.052079,"[32,1]",Cluster Routing Cluster,80
RECEIVE,1780.201245,90,"[32,1]",85_3,"[31,2]","[32,1]",45.052079,,,80
SEND,1803.317973,36,"[3,8]",36_5,"[3,8]","[29,3]",39.105363,,,
ROUTE,1803.317973,36,"[3,8]",36_5,"[3,8]","[29,3]",39.105363,"[3,254]",Up Tree,36
SEND,1810.002140,44,"[3,1]",44_16,"[3,1]","[34,1]",38.478562,,,
ROUTE,1810.002140,44,"[3,1]",44_16,"[3,1]","[34,1]",38.478562,"[3,254]",Up Tree,44
SEND,1828.296397,63,"[23,1]",63_2,"[23,1]","[4,2]",37.817515,,,
ROUTE,1828.296397,63,"[23,1]",63_2,"[23,1]","[4,2]",37.817515,"[23,254]",Up Tree,63
ROUTE,1828.296493,52,"[16,3]",63_2,"[23,1]","[4,2]",37.817515,"[16,254]",Up Tree,52
ROUTE,1828.296602,43,"[16,1]",63_2,"[23,1]","[4,2]",37.817515,"[6,5]",Up Tree,43
ROUTE,1828.296719,32,"[6,5]",63_2,"[23,1]","[4,2]",37.817515,"[6,254]",Cluster Routing Router Gateway,43
ROUTE,1828.296785,22,"[6,1]",63_2,"[23,1]","[4,2]",37.817515,"[1,4]",Up Tree,22
ROUTE,1828.296879,23,"[1,4]",63_2,"[23,1]","[4,2]",37.817515,"[1,254]",Cluster Routing Router Gateway,22
ROUTE,1828.296968,24,"[1,1]",63_2,"[23,1]","[4,2]",37.817515,"[1,3]",Down Tree,24
ROUTE,1828.297080,26,"[1,3]",63_2,"[23,1]","[4,2]",37.817515,"[2,1]",Cluster Routing Router Gateway 2,24
ROUTE,1828.297198,37,"[2,1]",63_2,"[23,1]","[4,2]",37.817515,"[2,2]",Cluster Routing Cluster,37
SEND,1836.910667,45,"[3,2]",45_8,"[3,2]","[34,2]",24.217796,,,
ROUTE,1836.910667,45,"[3,2]",45_8,"[3,2]","[34,2]",24.217796,"[3,254]",Up Tree,45
SEND,1841.783342,90,"[32,1]",90_2,"[32,1]","[29,1]",17.906337,,,
ROUTE,1841.783342,90,"[32,1]",90_2,"[32,1]","[29,1]",17.906337,"[32,254]",Up Tree,90
ROUTE,1841.783439,80,"[26,2]",90_2,"[32,1]","[29,1]",17.906337,"[26,254]",Up Tree,80
ROUTE,1841.783507,70,"[26,1]",90_2,"[32,1]","[29,1]",17.906337,"[21,1]",Up Tree,70
ROUTE,1841.783576,60,"[21,1]",90_2,"[32,1]","[29,1]",17.906337,"[21,254]",Cluster Routing Router Gateway,70
ROUTE,1841.783637,50,"[14,4]",90_2,"[32,1]","[29,1]",17.906337,"[14,254]",Up Tree,50
ROUTE,1841.783735,40,"[14,2]",90_2,"[32,1]","[29,1]",17.906337,"[6,4]",Up Tree,40
ROUTE,1841.783827,31,"[6,4]",90_2,"[32,1]","[29,1]",17.906337,"[6,254]",Cluster Routing Router Gateway,40
ROUTE,1841.783926,22,"[6,1]",90_2,"[32,1]","[29,1]",17.906337,"[1,4]",Up Tree,22
ROUTE,1841.784020,23,"[1,4]",90_2,"[32,1]","[29,1]",17.906337,"[1,254]",Cluster Routing Router Gateway,22
ROUTE,1841.784109,24,"[1,1]",90_2,"[32,1]","[29,1]",17.906337,"[1,3]",Down Tree,24
ROUTE,1841.784221,26,"[1,3]",90_2,"[32,1]","[29,1]",17.906337,"[2,1]",Cluster Routing Router Gateway 2,24
ROUTE,1841.784338,37,"[2,1]",90_2,"[32,1]","[29,1]",17.906337,"[2,5]",Down Tree,37
ROUTE,1841.784436,38,"[2,5]",90_2,"[32,1]","[29,1]",17.906337,"[10,1]",Cluster Routing Router Gateway 2,37
ROUTE,1841.784538,48,"[10,1]",90_2,"[32,1]","[29,1]",17.906337,"[10,3]",Down Tree,48
ROUTE,1841.784626,59,"[10,3]",90_2,"[32,1]","[29,1]",17.906337,"[17,1]",Cluster Routing Router Gateway 2,48
ROUTE,1841.784699,69,"[17,1]",90_2,"[32,1]","[29,1]",17.906337,"[17,3]",Down Tree,69
ROUTE,1841.784815,78,"[17,3]",90_2,"[32,1]","[29,1]",17.906337,"[24,3]",Cluster Routing Cluster,78
ROUTE,1841.784915,87,"[24,3]",90_2,"[32,1]","[29,1]",17.906337,"[29,1]",Cluster Routing Cluster,87
RECEIVE,1841.785000,97,"[29,1]",90_2,"[32,1]","[29,1]",17.906337,,,87
SEND,1845.132012,86,"[29,3]",86_2,"[29,3]","[4,2]",47.989135,,,
ROUTE,1845.132012,86,"[29,3]",86_2,"[29,3]","[4,2]",47.989135,"[31,3]",Cluster Routing Cluster,86
SEND,1848.179177,12,"[6,7]",12_2,"[6,7]","[14,1]",32.520917,,,
ROUTE,1848.179177,12,"[6,7]",12_2,"[6,7]","[14,1]",32.520917,"[6,254]",Up Tree,12
ROUTE,1848.179243,22,"[6,1]",12_2,"[6,7]","[14,1]",32.520917,"[6,5]",Cluster Routing Cluster,22
ROUTE,1848.179310,32,"[6,5]",12_2,"[6,7]","[14,1]",32.520917,"[14,1]",Cluster Routing Cluster,32
RECEIVE,1848.179424,41,"[14,1]",12_2,"[6,7]","[14,1]",32.520917,,,32
SEND,1849.273998,41,"[14,1]",41_5,"[14,1]","[10,2]",39.568989,,,
SEND,1849.762529,49,"[10,2]",49_3,"[10,2]","[16,4]",17.106407,,,
ROUTE,1849.762529,49,"[10,2]",49_3,"[10,2]","[16,4]",17.106407,"[10,254]",Up Tree,49
ROUTE,1849.762585,48,"[10,1]",49_3,"[10,2]","[16,4]",17.106407,"[2,5]",Up Tree,48
ROUTE,1849.762688,38,"[2,5]",49_3,"[10,2]","[16,4]",17.106407,"[2,254]",Cluster Routing Router Gateway,48
ROUTE,1849.762786,37,"[2,1]",49_3,"[10,2]","[16,4]",17.106407,"[1,3]",Up Tree,37
ROUTE,1849.762903,26,"[1,3]",49_3,"[10,2]","[16,4]",17.106407,"[1,254]",Cluster Routing Router Gateway,37
ROUTE,1849.763015,24,"[1,1]",49_3,"[10,2]","[16,4]",17.106407,"[1,4]",Down Tree,24
ROUTE,1849.763104,23,"[1,4]",49_3,"[10,2]","[16,4]",17.106407,"[6,5]",Cluster Routing Cluster,23
ROUTE,1849.763189,32,"[6,5]",49_3,"[10,2]","[16,4]",17.106407,"[16,4]",Cluster Routing Cluster,32
RECEIVE,1849.763283,42,"[16,4]",49_3,"[10,2]","[16,4]",17.106407,,,32
SEND,1857.286795,95,"[29,3]",95_3,"[29,3]","[12,3]",27.651298,,,
ROUTE,1857.286795,95,"[29,3]",95_3,"[29,3]","[12,3]",27.651298,"[29,254]",Up Tree,95
ROUTE,1857.286888,96,"[29,2]",95_3,"[29,3]","[12,3]",27.651298,"[24,3]",Up Tree,96
ROUTE,1857.287007,87,"[24,3]",95_3,"[29,3]","[12,3]",27.651298,"[24,254]",Cluster Routing Router Gateway,96
ROUTE,1857.287107,78,"[17,3]",95_3,"[29,3]","[12,3]",27.651298,"[17,254]",Up Tree,78
ROUTE,1857.287223,69,"[17,1]",95_3,"[29,3]","[12,3]",27.651298,"[10,3]",Up Tree,69
ROUTE,1857.287296,59,"[10,3]",95_3,"[29,3]","[12,3]",27.651298,"[10,254]",Cluster Routing Router Gateway,69
ROUTE,1857.287384,48,"[10,1]",95_3,"[29,3]","[12,3]",27.651298,"[2,5]",Up Tree,48
ROUTE,1857.287486,38,"[2,5]",95_3,"[29,3]","[12,3]",27.651298,"[2,254]",Cluster Routing Router Gateway,48
ROUTE,1857.287584,37,"[2,1]",95_3,"[29,3]","[12,3]",27.651298,"[1,3]",Up Tree,37
ROUTE,1857.287701,26,"[1,3]",95_3,"[29,3]","[12,3]",27.651298,"[1,254]",Cluster Routing Router Gateway,37
ROUTE,1857.287813,24,"[1,1]",95_3,"[29,3]","[12,3]",27.651298,"[1,4]",Down Tree,24
ROUTE,1857.287902,23,"[1,4]",95_3,"[29,3]","[12,3]",27.651298,"[6,7]",Cluster Routing Cluster,23
SEND,1875.569704,97,"[29,1]",97_2,"[29,1]","[4,2]",10.978133,,,
SEND,1876.427880,1,"[12,3]",1_3,"[12,3]","[24,4]",34.716829,,,
ROUTE,1876.427880,1,"[12,3]",1_3,"[12,3]","[24,4]",34.716829,"[12,254]",Up Tree,1
ROUTE,1876.427975,2,"[12,2]",1_3,"[12,3]","[24,4]",34.716829,"[6,3]",Up Tree,2
ROUTE,1876.428055,13,"[6,3]",1_3,"[12,3]","[24,4]",34.716829,"[6,254]",Cluster Routing Router Gateway,2
ROUTE,1876.428155,22,"[6,1]",1_3,"[12,3]","[24,4]",34.716829,"[1,4]",Up Tree,22
ROUTE,1876.428250,23,"[1,4]",1_3,"[12,3]","[24,4]",34.716829,"[1,254]",Cluster Routing Router Gateway,22
ROUTE,1876.428338,24,"[1,1]",1_3,"[12,3]","[24,4]",34.716829,"[1,3]",Down Tree,24
ROUTE,1876.428451,26,"[1,3]",1_3,"[12,3]","[24,4]",34.716829,"[2,1]",Cluster Routing Router Gateway 2,24
ROUTE,1876.428568,37,"[2,1]",1_3,"[12,3]","[24,4]",34.716829,"[2,5]",Down Tree,37
ROUTE,1876.428665,38,"[2,5]",1_3,"[12,3]","[24,4]",34.716829,"[10,1]",Cluster Routing Router Gateway 2,37
ROUTE,1876.428768,48,"[10,1]",1_3,"[12,3]","[24,4]",34.716829,"[4,2]",Cluster Routing Cluster,48
SEND,1880.470553,6,"[15,1]",6_4,"[15,1]","[14,3]",44.537186,,,
SEND,1900.190715,53,"[16,2]",53_2,"[16,2]","[2,6]",17.237297,,,
ROUTE,1900.190715,53,"[16,2]",53_2,"[16,2]","[2,6]",17.237297,"[16,254]",Up Tree,53
ROUTE,1900.190813,43,"[16,1]",53_2,"[16,2]","[2,6]",17.237297,"[6,5]",Up Tree,43
ROUTE,1900.190930,32,"[6,5]",53_2,"[16,2]","[2,6]",17.237297,"[6,254]",Cluster Routing Router Gateway,43
ROUTE,1900.190996,22,"[6,1]",53_2,"[16,2]","[2,6]",17.237297,"[1,4]",Up Tree,22
ROUTE,1900.191090,23,"[1,4]",53_2,"[16,2]","[2,6]",17.237297,"[1,254]",Cluster Routing Router Gateway,22
ROUTE,1900.191179,24,"[1,1]",53_2,"[16,2]","[2,6]",17.237297,"[1,3]",Cluster Routing Cluster,24
ROUTE,1900.191292,26,"[1,3]",53_2,"[16,2]","[2,6]",17.237297,"[2,6]",Cluster Routing Cluster,26
RECEIVE,1900.191397,27,"[2,6]",53_2,"[16,2]","[2,6]",17.237297,,,26
SEND,1915.847211,74,"[22,5]",74_14,"[22,5]","[3,1]",37.934766,,,
SEND,1923.532269,98,"[25,1]",98_2,"[25,1]","[29,3]",35.155236,,,
ROUTE,1923.532269,98,"[25,1]",98_2,"[25,1]","[29,3]",35.155236,"[24,3]",Cluster Routing Cluster,98
ROUTE,1923.532361,87,"[24,3]",98_2,"[25,1]","[29,3]",35.155236,"[29,3]",Cluster Routing Cluster,87
RECEIVE,1923.532451,86,"[29,3]",98_2,"[25,1]","[29,3]",35.155236,,,87
SEND,1939.378344,42,"[16,4]",42_2,"[16,4]","[24,2]",43.788478,,,
ROUTE,1939.378344,42,"[16,4]",42_2,"[16,4]","[24,2]",43.788478,"[16,254]",Up Tree,42
ROUTE,1939.378401,43,"[16,1]",42_2,"[16,4]","[24,2]",43.788478,"[6,5]",Up Tree,43
ROUTE,1939.378517,32,"[6,5]",42_2,"[16,4]","[24,2]",43.788478,"[6,254]",Cluster Routing Router Gateway,43
ROUTE,1939.378584,22,"[6,1]",42_2,"[16,4]","[24,2]",43.788478,"[1,4]",Up Tree,22
ROUTE,1939.378678,23,"[1,4]",42_2,"[16,4]","[24,2]",43.788478,"[1,254]",Cluster Routing Router Gateway,22
ROUTE,1939.378767,24,"[1,1]",42_2,"[16,4]","[24,2]",43.788478,"[1,3]",Down Tree,24
ROUTE,1939.378879,26,"[1,3]",42_2,"[16,4]","[24,2]",43.788478,"[2,1]",Cluster Routing Router Gateway 2,24
ROUTE,1939.378996,37,"[2,1]",42_2,"[16,4]","[24,2]",43.788478,"[2,5]",Down Tree,37
ROUTE,1939.379094,38,"[2,5]",42_2,"[16,4]","[24,2]",43.788478,"[10,1]",Cluster Routing Router Gateway 2,37
ROUTE,1939.379196,48,"[10,1]",42_2,"[16,4]","[24,2]",43.788478,"[10,3]",Down Tree,48
ROUTE,1939.379284,59,"[10,3]",42_2,"[16,4]","[24,2]",43.788478,"[17,1]",Cluster Routing Router Gateway 2,48
ROUTE,1939.379357,69,"[17,1]",42_2,"[16,4]","[24,2]",43.788478,"[24,254]",Cluster Routing Cluster,69
ROUTE,1939.379473,78,"[17,3]",42_2,"[16,4]","[24,2]",43.788478,"[24,2]",Cluster Routing Cluster,78
RECEIVE,1939.379592,89,"[24,2]",42_2,"[16,4]","[24,2]",43.788478,,,78
SEND,1948.053652,27,"[2,6]",27_2,"[2,6]","[33,1]",40.032266,,,
ROUTE,1948.053652,27,"[2,6]",27_2,"[2,6]","[33,1]",40.032266,"[2,254]",Up Tree,27
ROUTE,1948.053724,37,"[2,1]",27_2,"[2,6]","[33,1]",40.032266,"[1,3]",Up Tree,37
ROUTE,1948.053841,26,"[1,3]",27_2,"[2,6]","[33,1]",40.032266,"[1,254]",Cluster Routing Router Gateway,37
ROUTE,1948.053953,24,"[1,1]",27_2,"[2,6]","[33,1]",40.032266,"[1,4]",Down Tree,24
ROUTE,1948.054042,23,"[1,4]",27_2,"[2,6]","[33,1]",40.032266,"[6,1]",Cluster Routing Router Gateway 2,24
ROUTE,1948.054136,22,"[6,1]",27_2,"[2,6]","[33,1]",40.032266,"[6,4]",Down Tree,22
ROUTE,1948.054235,31,"[6,4]",27_2,"[2,6]","[33,1]",40.032266,"[14,2]",Cluster Routing Router Gateway 2,22
ROUTE,1948.054327,40,"[14,2]",27_2,"[2,6]","[33,1]",40.032266,"[14,4]",Down Tree,40
ROUTE,1948.054425,50,"[14,4]",27_2,"[2,6]","[33,1]",40.032266,"[21,1]",Down Tree,50
ROUTE,1948.054486,60,"[21,1]",27_2,"[2,6]","[33,1]",40.032266,"[26,1]",Cluster Routing Router Gateway 2,50
ROUTE,1948.054554,70,"[26,1]",27_2,"[2,6]","[33,1]",40.032266,"[33,254]",Cluster Routing Cluster,70
ROUTE,1948.054663,81,"[26,3]",27_2,"[2,6]","[33,1]",40.032266,"[33,1]",Cluster Routing Cluster,81
RECEIVE,1948.054726,91,"[33,1]",27_2,"[2,6]","[33,1]",40.032266,,,81
SEND,1959.011482,75,"[31,3]",75_6,"[31,3]","[23,1]",19.700160,,,
ROUTE,1959.011482,75,"[31,3]",75_6,"[31,3]","[23,1]",19.700160,"[31,254]",Up Tree,75
ROUTE,1959.011526,76,"[31,1]",75_6,"[31,3]","[23,1]",19.700160,"[24,5]",Up Tree,76
ROUTE,1959.011616,77,"[24,5]",75_6,"[31,3]","[23,1]",19.700160,"[24,254]",Cluster Routing Router Gateway,76
ROUTE,1959.011697,78,"[17,3]",75_6,"[31,3]","[23,1]",19.700160,"[17,254]",Up Tree,78
ROUTE,1959.011813,69,"[17,1]",75_6,"[31,3]","[23,1]",19.700160,"[10,3]",Up Tree,69
ROUTE,1959.011886,59,"[10,3]",75_6,"[31,3]","[23,1]",19.700160,"[10,254]",Cluster Routing Router Gateway,69
ROUTE,1959.011973,48,"[10,1]",75_6,"[31,3]","[23,1]",19.700160,"[2,5]",Up Tree,48
ROUTE,1959.012076,38,"[2,5]",75_6,"[31,3]","[23,1]",19.700160,"[2,254]",Cluster Routing Router Gateway,48
ROUTE,1959.012173,37,"[2,1]",75_6,"[31,3]","[23,1]",19.700160,"[1,3]",Up Tree,37
ROUTE,1959.012290,26,"[1,3]",75_6,"[31,3]","[23,1]",19.700160,"[1,254]",Cluster Routing Router Gateway,37
ROUTE,1959.012403,24,"[1,1]",75_6,"[31,3]","[23,1]",19.700160,"[1,4]",Down Tree,24
ROUTE,1959.012492,23,"[1,4]",75_6,"[31,3]","[23,1]",19.700160,"[6,1]",Cluster Routing Router Gateway 2,24
ROUTE,1959.012586,22,"[6,1]",75_6,"[31,3]","[23,1]",19.700160,"[6,5]",Down Tree,22
ROUTE,1959.012652,32,"[6,5]",75_6,"[31,3]","[23,1]",19.700160,"[16,1]",Cluster Routing Router Gateway 2,22
ROUTE,1959.012769,43,"[16,1]",75_6,"[31,3]","[23,1]",19.700160,"[16,2]",Cluster Routing Cluster,43
SEND,1960.062940,29,"[10,2]",29_3,"[10,2]","[25,1]",42.690242,,,
SEND,1960.166902,67,"[24,4]",67_3,"[24,4]","[33,1]",41.123957,,,
ROUTE,1960.166902,67,"[24,4]",67_3,"[24,4]","[33,1]",41.123957,"[24,254]",Up Tree,67
ROUTE,1960.167001,78,"[17,3]",67_3,"[24,4]","[33,1]",41.123957,"[17,254]",Up Tree,78
ROUTE,1960.167117,69,"[17,1]",67_3,"[24,4]","[33,1]",41.123957,"[10,3]",Up Tree,69
ROUTE,1960.167190,59,"[10,3]",67_3,"[24,4]","[33,1]",41.123957,"[10,254]",Cluster Routing Router Gateway,69
ROUTE,1960.167278,48,"[10,1]",67_3,"[24,4]","[33,1]",41.123957,"[2,5]",Up Tree,48
ROUTE,1960.167380,38,"[2,5]",67_3,"[24,4]","[33,1]",41.123957,"[2,254]",Cluster Routing Router Gateway,48
ROUTE,1960.167478,37,"[2,1]",67_3,"[24,4]","[33,1]",41.123957,"[1,3]",Up Tree,37
ROUTE,1960.167595,26,"[1,3]",67_3,"[24,4]","[33,1]",41.123957,"[1,254]",Cluster Routing Router Gateway,37
ROUTE,1960.167707,24,"[1,1]",67_3,"[24,4]","[33,1]",41.123957,"[1,4]",Down Tree,24
ROUTE,1960.167796,23,"[1,4]",67_3,"[24,4]","[33,1]",41.123957,"[6,1]",Cluster Routing Router Gateway 2,24
ROUTE,1960.167890,22,"[6,1]",67_3,"[24,4]","[33,1]",41.123957,"[6,4]",Down Tree,22
ROUTE,1960.167989,31,"[6,4]",67_3,"[24,4]","[33,1]",41.123957,"[14,2]",Cluster Routing Router Gateway 2,22
ROUTE,1960.168081,40,"[14,2]",67_3,"[24,4]","[33,1]",41.123957,"[14,4]",Down Tree,40
ROUTE,1960.168179,50,"[14,4]",67_3,"[24,4]","[33,1]",41.123957,"[21,1]",Down Tree,50
ROUTE,1960.168240,60,"[21,1]",67_3,"[24,4]","[33,1]",41.123957,"[26,1]",Cluster Routing Router Gateway 2,50
ROUTE,1960.168309,70,"[26,1]",67_3,"[24,4]","[33,1]",41.123957,"[33,254]",Cluster Routing Cluster,70
ROUTE,1960.168417,81,"[26,3]",67_3,"[24,4]","[33,1]",41.123957,"[33,1]",Cluster Routing Cluster,81
RECEIVE,1960.168480,91,"[33,1]",67_3,"[24,4]","[33,1]",41.123957,,,81
SEND,1960.269492,58,"[10,5]",58_3,"[10,5]","[15,1]",26.461321,,,
ROUTE,1960.269492,58,"[10,5]",58_3,"[10,5]","[15,1]",26.461321,"[10,254]",Up Tree,58
ROUTE,1960.269551,48,"[10,1]",58_3,"[10,5]","[15,1]",26.461321,"[2,5]",Up Tree,48
ROUTE,1960.269654,38,"[2,5]",58_3,"[10,5]","[15,1]",26.461321,"[2,254]",Cluster Routing Router Gateway,48
ROUTE,1960.269751,37,"[2,1]",58_3,"[10,5]","[15,1]",26.461321,"[2,4]",Down Tree,37
ROUTE,1960.269865,28,"[2,4]",58_3,"[10,5]","[15,1]",26.461321,"[5,2]",Cluster Routing Router Gateway 2,37
ROUTE,1960.269949,18,"[5,2]",58_3,"[10,5]","[15,1]",26.461321,"[5,5]",Cluster Routing Cluster,18
ROUTE,1960.270041,7,"[5,5]",58_3,"[10,5]","[15,1]",26.461321,"[15,1]",Cluster Routing Cluster,7
RECEIVE,1960.270120,6,"[15,1]",58_3,"[10,5]","[15,1]",26.461321,,,7
SEND,1964.277287,73,"[28,1]",73_3,"[28,1]","[2,6]",35.080444,,,
SEND,1976.932523,92,"[34,1]",92_2,"[34,1]","[22,4]",19.265955,,,
ROUTE,1976.932523,92,"[34,1]",92_2,"[34,1]","[22,4]",19.265955,"[34,254]",Up Tree,92
ROUTE,1976.932608,82,"[27,2]",92_2,"[34,1]","[22,4]",19.265955,"[27,254]",Up Tree,82
ROUTE,1976.932707,71,"[27,1]",92_2,"[34,1]","[22,4]",19.265955,"[21,2]",Up Tree,71
ROUTE,1976.932808,61,"[21,2]",92_2,"[34,1]","[22,4]",19.265955,"[21,254]",Cluster Routing Router Gateway,71
ROUTE,1976.932920,50,"[14,4]",92_2,"[34,1]","[22,4]",19.265955,"[14,254]",Up Tree,50
ROUTE,1976.933018,40,"[14,2]",92_2,"[34,1]","[22,4]",19.265955,"[6,4]",Up Tree,40
ROUTE,1976.933110,31,"[6,4]",92_2,"[34,1]","[22,4]",19.265955,"[6,254]",Cluster Routing Router Gateway,40
ROUTE,1976.933209,22,"[6,1]",92_2,"[34,1]","[22,4]",19.265955,"[1,4]",Up Tree,22
ROUTE,1976.933303,23,"[1,4]",92_2,"[34,1]","[22,4]",19.265955,"[1,254]",Cluster Routing Router Gateway,22
ROUTE,1976.933392,24,"[1,1]",92_2,"[34,1]","[22,4]",19.265955,"[1,3]",Down Tree,24
ROUTE,1976.933504,26,"[1,3]",92_2,"[34,1]","[22,4]",19.265955,"[2,1]",Cluster Routing Router Gateway 2,24
ROUTE,1976.933621,37,"[2,1]",92_2,"[34,1]","[22,4]",19.265955,"[2,3]",Down Tree,37
ROUTE,1976.933713,47,"[2,3]",92_2,"[34,1]","[22,4]",19.265955,"[4,3]",Cluster Routing Router Gateway 2,37
ROUTE,1976.933805,56,"[4,3]",92_2,"[34,1]","[22,4]",19.265955,"[4,4]",Cluster Routing Cluster,56
SEND,1982.662285,51,"[14,3]",51_4,"[14,3]","[4,2]",47.193150,,,
ROUTE,1982.662285,51,"[14,3]",51_4,"[14,3]","[4,2]",47.193150,"[14,254]",Up Tree,51
ROUTE,1982.662365,40,"[14,2]",51_4,"[14,3]","[4,2]",47.193150,"[6,4]",Up Tree,40
ROUTE,1982.662458,31,"[6,4]",51_4,"[14,3]","[4,2]",47.193150,"[6,254]",Cluster Routing Router Gateway,40
ROUTE,1982.662557,22,"[6,1]",51_4,"[14,3]","[4,2]",47.193150,"[1,4]",Up Tree,22
ROUTE,1982.662651,23,"[1,4]",51_4,"[14,3]","[4,2]",47.193150,"[1,254]",Cluster Routing Router Gateway,22
ROUTE,1982.662740,24,"[1,1]",51_4,"[14,3]","[4,2]",47.193150,"[1,3]",Down Tree,24
ROUTE,1982.662852,26,"[1,3]",51_4,"[14,3]","[4,2]",47.193150,"[2,1]",Cluster Routing Router Gateway 2,24
ROUTE,1982.662969,37,"[2,1]",51_4,"[14,3]","[4,2]",47.193150,"[2,2]",Cluster Routing Cluster,37
SEND,1988.188971,9,"[5,3]",9_2,"[5,3]","[16,4]",16.578956,,,
ROUTE,1988.188971,9,"[5,3]",9_2,"[5,3]","[16,4]",16.578956,"[5,254]",Up Tree,9
ROUTE,1988.189078,18,"[5,2]",9_2,"[5,3]","[16,4]",16.578956,"[2,4]",Up Tree,18
ROUTE,1988.189162,28,"[2,4]",9_2,"[5,3]","[16,4]",16.578956,"[2,254]",Cluster Routing Router Gateway,18
ROUTE,1988.189276,37,"[2,1]",9_2,"[5,3]","[16,4]",16.578956,"[1,3]",Up Tree,37
ROUTE,1988.189393,26,"[1,3]",9_2,"[5,3]","[16,4]",16.578956,"[1,254]",Cluster Routing Router Gateway,37
ROUTE,1988.189505,24,"[1,1]",9_2,"[5,3]","[16,4]",16.578956,"[1,4]",Down Tree,24
ROUTE,1988.189594,23,"[1,4]",9_2,"[5,3]","[16,4]",16.578956,"[6,5]",Cluster Routing Cluster,23
ROUTE,1988.189680,32,"[6,5]",9_2,"[5,3]","[16,4]",16.578956,"[16,4]",Cluster Routing Cluster,32
RECEIVE,1988.189773,42,"[16,4]",9_2,"[5,3]","[16,4]",16.578956,,,32
SEND,1989.462058,91,"[33,1]",91_2,"[33,1]","[5,3]",48.089465,,,
ROUTE,1989.462058,91,"[33,1]",91_2,"[33,1]","[5,3]",48.089465,"[33,254]",Up Tree,91
ROUTE,1989.462122,81,"[26,3]",91_2,"[33,1]","[5,3]",48.089465,"[26,254]",Up Tree,81
ROUTE,1989.462230,70,"[26,1]",91_2,"[33,1]","[5,3]",48.089465,"[21,1]",Up Tree,70
ROUTE,1989.462298,60,"[21,1]",91_2,"[33,1]","[5,3]",48.089465,"[21,254]",Cluster Routing Router Gateway,70
ROUTE,1989.462359,50,"[14,4]",91_2,"[33,1]","[5,3]",48.089465,"[14,254]",Up Tree,50
ROUTE,1989.462457,40,"[14,2]",91_2,"[33,1]","[5,3]",48.089465,"[6,4]",Up Tree,40
ROUTE,1989.462549,31,"[6,4]",91_2,"[33,1]","[5,3]",48.089465,"[6,254]",Cluster Routing Router Gateway,40
ROUTE,1989.462648,22,"[6,1]",91_2,"[33,1]","[5,3]",48.089465,"[1,4]",Up Tree,22
ROUTE,1989.462743,23,"[1,4]",91_2,"[33,1]","[5,3]",48.089465,"[1,254]",Cluster Routing Router Gateway,22
ROUTE,1989.462831,24,"[1,1]",91_2,"[33,1]","[5,3]",48.089465,"[1,3]",Cluster Routing Cluster,24
ROUTE,1989.462944,26,"[1,3]",91_2,"[33,1]","[5,3]",48.089465,"[5,3]",Cluster Routing Cluster,26
RECEIVE,1989.463063,17,"[5,3]",91_2,"[33,1]","[5,3]",48.089465,,,26
SEND,1996.230358,17,"[5,3]",17_6,"[5,3]","[28,1]",31.370757,,,
SEND,2010.205638,64,"[22,4]",64_2,"[22,4]","[25,1]",49.399053,,,
SEND,2013.016451,25,"[3,9]",25_3,"[3,9]","[23,1]",37.442312,,,
ROUTE,2013.016451,25,"[3,9]",25_3,"[3,9]","[23,1]",37.442312,"[3,254]",Up Tree,25
SEND,2018.896419,93,"[34,2]",93_2,"[34,2]","[31,2]",20.833104,,,
ROUTE,2018.896419,93,"[34,2]",93_2,"[34,2]","[31,2]",20.833104,"[35,1]",Cluster Routing Cluster,93
ROUTE,2018.896521,84,"[35,1]",93_2,"[34,2]","[31,2]",20.833104,"[31,2]",Cluster Routing Cluster,84
RECEIVE,2018.896577,85,"[31,2]",93_2,"[34,2]","[31,2]",20.833104,,,84
SEND,2056.977280,36,"[3,8]",36_6,"[3,8]","[29,3]",11.270499,,,
ROUTE,2056.977280,36,"[3,8]",36_6,"[3,8]","[29,3]",11.270499,"[3,254]",Up Tree,36
SEND,2064.269491,66,"[4,2]",66_30,"[4,2]","[18,2]",22.201887,,,
ROUTE,2064.269491,66,"[4,2]",66_30,"[4,2]","[18,2]",22.201887,"[4,254]",Up Tree,66
ROUTE,2064.269566,56,"[4,3]",66_30,"[4,2]","[18,2]",22.201887,"[2,3]",Up Tree,56
ROUTE,2064.269657,47,"[2,3]",66_30,"[4,2]","[18,2]",22.201887,"[2,254]",Cluster Routing Router Gateway,56
ROUTE,2064.269749,37,"[2,1]",66_30,"[4,2]","[18,2]",22.201887,"[1,3]",Up Tree,37
ROUTE,2064.269866,26,"[1,3]",66_30,"[4,2]","[18,2]",22.201887,"[1,254]",Cluster Routing Router Gateway,37
ROUTE,2064.269979,24,"[1,1]",66_30,"[4,2]","[18,2]",22.201887,"[1,4]",Down Tree,24
ROUTE,2064.270067,23,"[1,4]",66_30,"[4,2]","[18,2]",22.201887,"[6,1]",Cluster Routing Router Gateway 2,24
ROUTE,2064.270161,22,"[6,1]",66_30,"[4,2]","[18,2]",22.201887,"[6,2]",Cluster Routing Cluster,22
ROUTE,2064.270237,21,"[6,2]",66_30,"[4,2]","[18,2]",22.201887,"[18,2]",Cluster Routing Cluster,21
RECEIVE,2064.270325,10,"[18,2]",66_30,"[4,2]","[18,2]",22.201887,,,21
SEND,2105.689156,49,"[10,2]",49_4,"[10,2]","[10,4]",43.407157,,,
ROUTE,2105.689156,49,"[10,2]",49_4,"[10,2]","[10,4]",43.407157,"[10,4]",Cluster Routing Cluster,49
RECEIVE,2105.689242,39,"[10,4]",49_4,"[10,2]","[10,4]",43.407157,,,49
SEND,2105.921312,44,"[3,1]",44_17,"[3,1]","[34,1]",40.265135,,,
ROUTE,2105.921312,44,"[3,1]",44_17,"[3,1]","[34,1]",40.265135,"[3,254]",Up Tree,44
SEND,2110.601652,10,"[18,2]",10_7,"[18,2]","[22,4]",47.990146,,,
SEND,2111.910738,86,"[29,3]",86_3,"[29,3]","[6,7]",10.671696,,,
SEND,2113.890637,55,"[4,4]",55_3,"[4,4]","[12,1]",14.840003,,,
ROUTE,2113.890637,55,"[4,4]",55_3,"[4,4]","[12,1]",14.840003,"[4,254]",Up Tree,55
ROUTE,2113.890716,56,"[4,3]",55_3,"[4,4]","[12,1]",14.840003,"[2,3]",Up Tree,56
ROUTE,2113.890808,47,"[2,3]",55_3,"[4,4]","[12,1]",14.840003,"[2,254]",Cluster Routing Router Gateway,56
ROUTE,2113.890900,37,"[2,1]",55_3,"[4,4]","[12,1]",14.840003,"[1,3]",Up Tree,37
ROUTE,2113.891017,26,"[1,3]",55_3,"[4,4]","[12,1]",14.840003,"[1,254]",Cluster Routing Router Gateway,37
ROUTE,2113.891129,24,"[1,1]",55_3,"[4,4]","[12,1]",14.840003,"[1,4]",Down Tree,24
ROUTE,2113.891218,23,"[1,4]",55_3,"[4,4]","[12,1]",14.840003,"[6,7]",Cluster Routing Cluster,23
SEND,2115.645437,75,"[31,3]",75_7,"[31,3]","[3,2]",48.820943,,,
ROUTE,2115.645437,75,"[31,3]",75_7,"[31,3]","[3,2]",48.820943,"[31,254]",Up Tree,75
ROUTE,2115.645482,76,"[31,1]",75_7,"[31,3]","[3,2]",48.820943,"[24,5]",Up Tree,76
ROUTE,2115.645572,77,"[24,5]",75_7,"[31,3]","[3,2]",48.820943,"[24,254]",Cluster Routing Router Gateway,76
ROUTE,2115.645652,78,"[17,3]",75_7,"[31,3]","[3,2]",48.820943,"[17,254]",Up Tree,78
ROUTE,2115.645768,69,"[17,1]",75_7,"[31,3]","[3,2]",48.820943,"[10,3]",Up Tree,69
ROUTE,2115.645842,59,"[10,3]",75_7,"[31,3]","[3,2]",48.820943,"[10,254]",Cluster Routing Router Gateway,69
ROUTE,2115.645929,48,"[10,1]",75_7,"[31,3]","[3,2]",48.820943,"[2,5]",Up Tree,48
ROUTE,2115.646032,38,"[2,5]",75_7,"[31,3]","[3,2]",48.820943,"[2,254]",Cluster Routing Router Gateway,48
ROUTE,2115.646129,37,"[2,1]",75_7,"[31,3]","[3,2]",48.820943,"[3,8]",Cluster Routing Cluster,37
SEND,2115.946076,20,"[11,1]",20_5,"[11,1]","[5,1]",40.151118,,,
SEND,2126.247817,10,"[18,2]",10_8,"[18,2]","[23,1]",13.752278,,,
SEND,2127.680381,90,"[32,1]",90_3,"[32,1]","[29,3]",43.855008,,,
ROUTE,2127.680381,90,"[32,1]",90_3,"[32,1]","[29,3]",43.855008,"[32,254]",Up Tree,90
ROUTE,2127.680478,80,"[26,2]",90_3,"[32,1]","[29,3]",43.855008,"[26,254]",Up Tree,80
ROUTE,2127.680547,70,"[26,1]",90_3,"[32,1]","[29,3]",43.855008,"[21,1]",Up Tree,70
ROUTE,2127.680615,60,"[21,1]",90_3,"[32,1]","[29,3]",43.855008,"[21,254]",Cluster Routing Router Gateway,70
ROUTE,2127.680676,50,"[14,4]",90_3,"[32,1]","[29,3]",43.855008,"[14,254]",Up Tree,50
ROUTE,2127.680774,40,"[14,2]",90_3,"[32,1]","[29,3]",43.855008,"[6,4]",Up Tree,40
ROUTE,2127.680866,31,"[6,4]",90_3,"[32,1]","[29,3]",43.855008,"[6,254]",Cluster Routing Router Gateway,40
ROUTE,2127.680965,22,"[6,1]",90_3,"[32,1]","[29,3]",43.855008,"[1,4]",Up Tree,22
ROUTE,2127.681059,23,"[1,4]",90_3,"[32,1]","[29,3]",43.855008,"[1,254]",Cluster Routing Router Gateway,22
ROUTE,2127.681148,24,"[1,1]",90_3,"[32,1]","[29,3]",43.855008,"[1,3]",Down Tree,24
ROUTE,2127.681260,26,"[1,3]",90_3,"[32,1]","[29,3]",43.855008,"[2,1]",Cluster Routing Router Gateway 2,24
ROUTE,2127.681378,37,"[2,1]",90_3,"[32,1]","[29,3]",43.855008,"[2,5]",Down Tree,37
ROUTE,2127.681475,38,"[2,5]",90_3,"[32,1]","[29,3]",43.855008,"[10,1]",Cluster Routing Router Gateway 2,37
ROUTE,2127.681578,48,"[10,1]",90_3,"[32,1]","[29,3]",43.855008,"[10,3]",Down Tree,48
ROUTE,2127.681665,59,"[10,3]",90_3,"[32,1]","[29,3]",43.855008,"[17,1]",Cluster Routing Router Gateway 2,48
ROUTE,2127.681738,69,"[17,1]",90_3,"[32,1]","[29,3]",43.855008,"[17,3]",Down Tree,69
ROUTE,2127.681854,78,"[17,3]",90_3,"[32,1]","[29,3]",43.855008,"[24,3]",Cluster Routing Cluster,78
ROUTE,2127.681954,87,"[24,3]",90_3,"[32,1]","[29,3]",43.855008,"[29,3]",Cluster Routing Cluster,87
RECEIVE,2127.682044,86,"[29,3]",90_3,"[32,1]","[29,3]",43.855008,,,87
SEND,2135.936267,15,"[19,2]",15_3,"[19,2]","[5,1]",40.832881,,,
SEND,2150.241354,33,"[6,6]",33_4,"[6,6]","[14,3]",11.668004,,,
ROUTE,2150.241354,33,"[6,6]",33_4,"[6,6]","[14,3]",11.668004,"[6,254]",Up Tree,33
ROUTE,2150.241470,22,"[6,1]",33_4,"[6,6]","[14,3]",11.668004,"[6,4]",Down Tree,22
ROUTE,2150.241569,31,"[6,4]",33_4,"[6,6]","[14,3]",11.668004,"[14,1]",Cluster Routing Cluster,31
SEND,2152.797240,63,"[23,1]",63_3,"[23,1]","[5,3]",34.526217,,,
ROUTE,2152.797240,63,"[23,1]",63_3,"[23,1]","[5,3]",34.526217,"[23,254]",Up Tree,63
ROUTE,2152.797336,52,"[16,3]",63_3,"[23,1]","[5,3]",34.526217,"[16,254]",Up Tree,52
ROUTE,2152.797445,43,"[16,1]",63_3,"[23,1]","[5,3]",34.526217,"[6,5]",Up Tree,43
ROUTE,2152.797562,32,"[6,5]",63_3,"[23,1]","[5,3]",34.526217,"[6,254]",Cluster Routing Router Gateway,43
ROUTE,2152.797628,22,"[6,1]",63_3,"[23,1]","[5,3]",34.526217,"[1,4]",Up Tree,22
ROUTE,2152.797722,23,"[1,4]",63_3,"[23,1]","[5,3]",34.526217,"[1,254]",Cluster Routing Router Gateway,22
ROUTE,2152.797811,24,"[1,1]",63_3,"[23,1]","[5,3]",34.526217,"[1,3]",Cluster Routing Cluster,24
ROUTE,2152.797923,26,"[1,3]",63_3,"[23,1]","[5,3]",34.526217,"[5,3]",Cluster Routing Cluster,26
RECEIVE,2152.798043,17,"[5,3]",63_3,"[23,1]","[5,3]",34.526217,,,26
SEND,2161.817021,68,"[17,2]",68_3,"[17,2]","[16,4]",25.963072,,,
ROUTE,2161.817021,68,"[17,2]",68_3,"[17,2]","[16,4]",25.963072,"[17,254]",Up Tree,68
ROUTE,2161.817129,69,"[17,1]",68_3,"[17,2]","[16,4]",25.963072,"[10,3]",Up Tree,69
ROUTE,2161.817202,59,"[10,3]",68_3,"[17,2]","[16,4]",25.963072,"[10,254]",Cluster Routing Router Gateway,69
ROUTE,2161.817290,48,"[10,1]",68_3,"[17,2]","[16,4]",25.963072,"[2,5]",Up Tree,48
ROUTE,2161.817392,38,"[2,5]",68_3,"[17,2]","[16,4]",25.963072,"[2,254]",Cluster Routing Router Gateway,48
ROUTE,2161.817490,37,"[2,1]",68_3,"[17,2]","[16,4]",25.963072,"[1,3]",Up Tree,37
ROUTE,2161.817607,26,"[1,3]",68_3,"[17,2]","[16,4]",25.963072,"[1,254]",Cluster Routing Router Gateway,37
ROUTE,2161.817719,24,"[1,1]",68_3,"[17,2]","[16,4]",25.963072,"[1,4]",Down Tree,24
ROUTE,2161.817808,23,"[1,4]",68_3,"[17,2]","[16,4]",25.963072,"[6,5]",Cluster Routing Cluster,23
ROUTE,2161.817893,32,"[6,5]",68_3,"[17,2]","[16,4]",25.963072,"[16,4]",Cluster Routing Cluster,32
RECEIVE,2161.817987,42,"[16,4]",68_3,"[17,2]","[16,4]",25.963072,,,32
SEND,2170.537155,39,"[10,4]",39_3,"[10,4]","[5,3]",37.557934,,,
ROUTE,2170.537155,39,"[10,4]",39_3,"[10,4]","[5,3]",37.557934,"[10,254]",Up Tree,39
ROUTE,2170.537249,48,"[10,1]",39_3,"[10,4]","[5,3]",37.557934,"[2,5]",Up Tree,48
ROUTE,2170.537351,38,"[2,5]",39_3,"[10,4]","[5,3]",37.557934,"[2,6]",Cluster Routing Cluster,38
SEND,2171.310157,46,"[2,2]",46_9,"[2,2]","[5,4]",42.555663,,,
ROUTE,2171.310157,46,"[2,2]",46_9,"[2,2]","[5,4]",42.555663,"[2,254]",Up Tree,46
ROUTE,2171.310224,37,"[2,1]",46_9,"[2,2]","[5,4]",42.555663,"[2,4]",Down Tree,37
ROUTE,2171.310338,28,"[2,4]",46_9,"[2,2]","[5,4]",42.555663,"[5,1]",Cluster Routing Cluster,28
SEND,2175.412515,8,"[5,4]",8_4,"[5,4]","[34,1]",31.446836,,,
ROUTE,2175.412515,8,"[5,4]",8_4,"[5,4]","[34,1]",31.446836,"[5,254]",Up Tree,8
ROUTE,2175.412563,18,"[5,2]",8_4,"[5,4]","[34,1]",31.446836,"[2,4]",Up Tree,18
ROUTE,2175.412647,28,"[2,4]",8_4,"[5,4]","[34,1]",31.446836,"[2,254]",Cluster Routing Router Gateway,18
ROUTE,2175.412761,37,"[2,1]",8_4,"[5,4]","[34,1]",31.446836,"[1,3]",Up Tree,37
ROUTE,2175.412878,26,"[1,3]",8_4,"[5,4]","[34,1]",31.446836,"[1,254]",Cluster Routing Router Gateway,37
ROUTE,2175.412991,24,"[1,1]",8_4,"[5,4]","[34,1]",31.446836,"[1,4]",Down Tree,24
ROUTE,2175.413079,23,"[1,4]",8_4,"[5,4]","[34,1]",31.446836,"[6,1]",Cluster Routing Router Gateway 2,24
ROUTE,2175.413173,22,"[6,1]",8_4,"[5,4]","[34,1]",31.446836,"[6,4]",Down Tree,22
ROUTE,2175.413272,31,"[6,4]",8_4,"[5,4]","[34,1]",31.446836,"[14,2]",Cluster Routing Router Gateway 2,22
ROUTE,2175.413365,40,"[14,2]",8_4,"[5,4]","[34,1]",31.446836,"[14,4]",Down Tree,40
ROUTE,2175.413463,50,"[14,4]",8_4,"[5,4]","[34,1]",31.446836,"[21,2]",Down Tree,50
ROUTE,2175.413574,61,"[21,2]",8_4,"[5,4]","[34,1]",31.446836,"[27,1]",Cluster Routing Router Gateway 2,50
ROUTE,2175.413676,71,"[27,1]",8_4,"[5,4]","[34,1]",31.446836,"[34,254]",Cluster Routing Cluster,71
ROUTE,2175.413774,82,"[27,2]",8_4,"[5,4]","[34,1]",31.446836,"[34,1]",Cluster Routing Cluster,82
RECEIVE,2175.413860,92,"[34,1]",8_4,"[5,4]","[34,1]",31.446836,,,82
SEND,2177.371405,85,"[31,2]",85_4,"[31,2]","[12,1]",18.525221,,,
ROUTE,2177.371405,85,"[31,2]",85_4,"[31,2]","[12,1]",18.525221,"[31,254]",Up Tree,85
ROUTE,2177.371511,76,"[31,1]",85_4,"[31,2]","[12,1]",18.525221,"[24,5]",Up Tree,76
ROUTE,2177.371601,77,"[24,5]",85_4,"[31,2]","[12,1]",18.525221,"[24,254]",Cluster Routing Router Gateway,76
ROUTE,2177.371681,78,"[17,3]",85_4,"[31,2]","[12,1]",18.525221,"[17,254]",Up Tree,78
ROUTE,2177.371797,69,"[17,1]",85_4,"[31,2]","[12,1]",18.525221,"[10,3]",Up Tree,69
ROUTE,2177.371870,59,"[10,3]",85_4,"[31,2]","[12,1]",18.525221,"[10,254]",Cluster Routing Router Gateway,69
ROUTE,2177.371958,48,"[10,1]",85_4,"[31,2]","[12,1]",18.525221,"[2,5]",Up Tree,48
ROUTE,2177.372060,38,"[2,5]",85_4,"[31,2]","[12,1]",18.525221,"[2,254]",Cluster Routing Router Gateway,48
ROUTE,2177.372158,37,"[2,1]",85_4,"[31,2]","[12,1]",18.525221,"[1,3]",Up Tree,37
ROUTE,2177.372275,26,"[1,3]",85_4,"[31,2]","[12,1]",18.525221,"[1,254]",Cluster Routing Router Gateway,37
ROUTE,2177.372387,24,"[1,1]",85_4,"[31,2]","[12,1]",18.525221,"[1,4]",Down Tree,24
ROUTE,2177.372476,23,"[1,4]",85_4,"[31,2]","[12,1]",18.525221,"[6,7]",Cluster Routing Cluster,23
SEND,2177.776411,3,"[12,1]",3_3,"[12,1]","[3,1]",31.822656,,,
SEND,2191.924905,53,"[16,2]",53_3,"[16,2]","[29,3]",31.709311,,,
ROUTE,2191.924905,53,"[16,2]",53_3,"[16,2]","[29,3]",31.709311,"[16,254]",Up Tree,53
ROUTE,2191.925002,43,"[16,1]",53_3,"[16,2]","[29,3]",31.709311,"[6,5]",Up Tree,43
ROUTE,2191.925119,32,"[6,5]",53_3,"[16,2]","[29,3]",31.709311,"[6,254]",Cluster Routing Router Gateway,43
ROUTE,2191.925185,22,"[6,1]",53_3,"[16,2]","[29,3]",31.709311,"[1,4]",Up Tree,22
ROUTE,2191.925280,23,"[1,4]",53_3,"[16,2]","[29,3]",31.709311,"[1,254]",Cluster Routing Router Gateway,22
ROUTE,2191.925368,24,"[1,1]",53_3,"[16,2]","[29,3]",31.709311,"[1,3]",Down Tree,24
ROUTE,2191.925481,26,"[1,3]",53_3,"[16,2]","[29,3]",31.709311,"[2,1]",Cluster Routing Router Gateway 2,24
ROUTE,2191.925598,37,"[2,1]",53_3,"[16,2]","[29,3]",31.709311,"[2,5]",Down Tree,37
ROUTE,2191.925695,38,"[2,5]",53_3,"[16,2]","[29,3]",31.709311,"[10,1]",Cluster Routing Router Gateway 2,37
ROUTE,2191.925798,48,"[10,1]",53_3,"[16,2]","[29,3]",31.709311,"[10,3]",Down Tree,48
ROUTE,2191.925885,59,"[10,3]",53_3,"[16,2]","[29,3]",31.709311,"[17,1]",Cluster Routing Router Gateway 2,48
ROUTE,2191.925959,69,"[17,1]",53_3,"[16,2]","[29,3]",31.709311,"[17,3]",Down Tree,69
ROUTE,2191.926074,78,"[17,3]",53_3,"[16,2]","[29,3]",31.709311,"[24,3]",Cluster Routing Cluster,78
ROUTE,2191.926175,87,"[24,3]",53_3,"[16,2]","[29,3]",31.709311,"[29,3]",Cluster Routing Cluster,87
RECEIVE,2191.926265,86,"[29,3]",53_3,"[16,2]","[29,3]",31.709311,,,87
SEND,2192.168737,57,"[4,2]",57_15,"[4,2]","[5,3]",11.368460,,,
SEND,2198.347557,19,"[5,1]",19_3,"[5,1]","[18,2]",33.378547,,,
SEND,2203.514273,34,"[3,10]",34_3,"[3,10]","[15,1]",37.963969,,,
ROUTE,2203.514273,34,"[3,10]",34_3,"[3,10]","[15,1]",37.963969,"[3,254]",Up Tree,34
SEND,2207.360860,45,"[3,2]",45_9,"[3,2]","[4,2]",29.388505,,,
ROUTE,2207.360860,45,"[3,2]",45_9,"[3,2]","[4,2]",29.388505,"[4,254]",Cluster Routing Cluster,45
ROUTE,2207.360969,56,"[4,3]",45_9,"[3,2]","[4,2]",29.388505,"[4,2]",Cluster Routing Cluster,56
RECEIVE,2207.361038,57,"[4,2]",45_9,"[3,2]","[4,2]",29.388505,,,56
RECEIVE,2207.361044,66,"[4,2]",45_9,"[3,2]","[4,2]",29.388505,,,56
SEND,2212.460530,95,"[29,3]",95_4,"[29,3]","[31,2]",16.319111,,,
ROUTE,2212.460530,95,"[29,3]",95_4,"[29,3]","[31,2]",16.319111,"[31,2]",Cluster Routing Cluster,95
RECEIVE,2212.460595,85,"[31,2]",95_4,"[29,3]","[31,2]",16.319111,,,95
SEND,2230.471061,75,"[31,3]",75_8,"[31,3]","[15,1]",49.452591,,,
ROUTE,2230.471061,75,"[31,3]",75_8,"[31,3]","[15,1]",49.452591,"[31,254]",Up Tree,75
ROUTE,2230.471106,76,"[31,1]",75_8,"[31,3]","[15,1]",49.452591,"[24,5]",Up Tree,76
ROUTE,2230.471196,77,"[24,5]",75_8,"[31,3]","[15,1]",49.452591,"[24,254]",Cluster Routing Router Gateway,76
ROUTE,2230.471276,78,"[17,3]",75_8,"[31,3]","[15,1]",49.452591,"[17,254]",Up Tree,78
ROUTE,2230.471392,69,"[17,1]",75_8,"[31,3]","[15,1]",49.452591,"[10,3]",Up Tree,69
ROUTE,2230.471465,59,"[10,3]",75_8,"[31,3]","[15,1]",49.452591,"[10,254]",Cluster Routing Router Gateway,69
ROUTE,2230.471553,48,"[10,1]",75_8,"[31,3]","[15,1]",49.452591,"[2,5]",Up Tree,48
ROUTE,2230.471655,38,"[2,5]",75_8,"[31,3]","[15,1]",49.452591,"[2,254]",Cluster Routing Router Gateway,48
ROUTE,2230.471753,37,"[2,1]",75_8,"[31,3]","[15,1]",49.452591,"[2,4]",Down Tree,37
ROUTE,2230.471867,28,"[2,4]",75_8,"[31,3]","[15,1]",49.452591,"[5,2]",Cluster Routing Router Gateway 2,37
ROUTE,2230.471951,18,"[5,2]",75_8,"[31,3]","[15,1]",49.452591,"[5,5]",Cluster Routing Cluster,18
ROUTE,2230.472043,7,"[5,5]",75_8,"[31,3]","[15,1]",49.452591,"[15,1]",Cluster Routing Cluster,7
RECEIVE,2230.472121,6,"[15,1]",75_8,"[31,3]","[15,1]",49.452591,,,7
SEND,2236.234497,1,"[12,3]",1_4,"[12,3]","[4,4]",15.757886,,,
ROUTE,2236.234497,1,"[12,3]",1_4,"[12,3]","[4,4]",15.757886,"[12,254]",Up Tree,1
ROUTE,2236.234592,2,"[12,2]",1_4,"[12,3]","[4,4]",15.757886,"[6,3]",Up Tree,2
ROUTE,2236.234672,13,"[6,3]",1_4,"[12,3]","[4,4]",15.757886,"[6,254]",Cluster Routing Router Gateway,2
ROUTE,2236.234772,22,"[6,1]",1_4,"[12,3]","[4,4]",15.757886,"[1,4]",Up Tree,22
ROUTE,2236.234866,23,"[1,4]",1_4,"[12,3]","[4,4]",15.757886,"[1,254]",Cluster Routing Router Gateway,22
ROUTE,2236.234955,24,"[1,1]",1_4,"[12,3]","[4,4]",15.757886,"[1,3]",Down Tree,24
ROUTE,2236.235067,26,"[1,3]",1_4,"[12,3]","[4,4]",15.757886,"[2,1]",Cluster Routing Router Gateway 2,24
ROUTE,2236.235185,37,"[2,1]",1_4,"[12,3]","[4,4]",15.757886,"[2,3]",Down Tree,37
ROUTE,2236.235276,47,"[2,3]",1_4,"[12,3]","[4,4]",15.757886,"[4,254]",Cluster Routing Cluster,47
ROUTE,2236.235368,56,"[4,3]",1_4,"[12,3]","[4,4]",15.757886,"[4,4]",Cluster Routing Cluster,56
RECEIVE,2236.235448,55,"[4,4]",1_4,"[12,3]","[4,4]",15.757886,,,56
SEND,2240.166212,89,"[24,2]",89_3,"[24,2]","[14,1]",23.210658,,,
ROUTE,2240.166212,89,"[24,2]",89_3,"[24,2]","[14,1]",23.210658,"[24,254]",Up Tree,89
ROUTE,2240.166330,78,"[17,3]",89_3,"[24,2]","[14,1]",23.210658,"[17,254]",Up Tree,78
ROUTE,2240.166446,69,"[17,1]",89_3,"[24,2]","[14,1]",23.210658,"[10,3]",Up Tree,69
ROUTE,2240.166520,59,"[10,3]",89_3,"[24,2]","[14,1]",23.210658,"[10,254]",Cluster Routing Router Gateway,69
ROUTE,2240.166607,48,"[10,1]",89_3,"[24,2]","[14,1]",23.210658,"[2,5]",Up Tree,48
ROUTE,2240.166710,38,"[2,5]",89_3,"[24,2]","[14,1]",23.210658,"[2,254]",Cluster Routing Router Gateway,48
ROUTE,2240.166807,37,"[2,1]",89_3,"[24,2]","[14,1]",23.210658,"[1,3]",Up Tree,37
ROUTE,2240.166924,26,"[1,3]",89_3,"[24,2]","[14,1]",23.210658,"[1,254]",Cluster Routing Router Gateway,37
ROUTE,2240.167036,24,"[1,1]",89_3,"[24,2]","[14,1]",23.210658,"[1,4]",Down Tree,24
ROUTE,2240.167125,23,"[1,4]",89_3,"[24,2]","[14,1]",23.210658,"[6,5]",Cluster Routing Cluster,23
ROUTE,2240.167211,32,"[6,5]",89_3,"[24,2]","[14,1]",23.210658,"[14,1]",Cluster Routing Cluster,32
RECEIVE,2240.167325,41,"[14,1]",89_3,"[24,2]","[14,1]",23.210658,,,32
SEND,2281.929821,92,"[34,1]",92_3,"[34,1]","[24,2]",24.297929,,,
ROUTE,2281.929821,92,"[34,1]",92_3,"[34,1]","[24,2]",24.297929,"[34,254]",Up Tree,92
ROUTE,2281.929907,82,"[27,2]",92_3,"[34,1]","[24,2]",24.297929,"[27,254]",Up Tree,82
ROUTE,2281.930005,71,"[27,1]",92_3,"[34,1]","[24,2]",24.297929,"[21,2]",Up Tree,71
ROUTE,2281.930107,61,"[21,2]",92_3,"[34,1]","[24,2]",24.297929,"[21,254]",Cluster Routing Router Gateway,71
ROUTE,2281.930218,50,"[14,4]",92_3,"[34,1]","[24,2]",24.297929,"[14,254]",Up Tree,50
ROUTE,2281.930316,40,"[14,2]",92_3,"[34,1]","[24,2]",24.297929,"[6,4]",Up Tree,40
ROUTE,2281.930408,31,"[6,4]",92_3,"[34,1]","[24,2]",24.297929,"[6,254]",Cluster Routing Router Gateway,40
ROUTE,2281.930507,22,"[6,1]",92_3,"[34,1]","[24,2]",24.297929,"[1,4]",Up Tree,22
ROUTE,2281.930602,23,"[1,4]",92_3,"[34,1]","[24,2]",24.297929,"[1,254]",Cluster Routing Router Gateway,22
ROUTE,2281.930690,24,"[1,1]",92_3,"[34,1]","[24,2]",24.297929,"[1,3]",Down Tree,24
ROUTE,2281.930803,26,"[1,3]",92_3,"[34,1]","[24,2]",24.297929,"[2,1]",Cluster Routing Router Gateway 2,24
ROUTE,2281.930920,37,"[2,1]",92_3,"[34,1]","[24,2]",24.297929,"[2,5]",Down Tree,37
ROUTE,2281.931017,38,"[2,5]",92_3,"[34,1]","[24,2]",24.297929,"[10,1]",Cluster Routing Router Gateway 2,37
ROUTE,2281.931120,48,"[10,1]",92_3,"[34,1]","[24,2]",24.297929,"[10,3]",Down Tree,48
ROUTE,2281.931207,59,"[10,3]",92_3,"[34,1]","[24,2]",24.297929,"[17,1]",Cluster Routing Router Gateway 2,48
ROUTE,2281.931281,69,"[17,1]",92_3,"[34,1]","[24,2]",24.297929,"[24,254]",Cluster Routing Cluster,69
ROUTE,2281.931396,78,"[17,3]",92_3,"[34,1]","[24,2]",24.297929,"[24,2]",Cluster Routing Cluster,78
RECEIVE,2281.931515,89,"[24,2]",92_3,"[34,1]","[24,2]",24.297929,,,78
SEND,2283.427684,9,"[5,3]",9_3,"[5,3]","[28,1]",36.840670,,,
ROUTE,2283.427684,9,"[5,3]",9_3,"[5,3]","[28,1]",36.840670,"[5,254]",Up Tree,9
ROUTE,2283.427790,18,"[5,2]",9_3,"[5,3]","[28,1]",36.840670,"[2,4]",Up Tree,18
ROUTE,2283.427875,28,"[2,4]",9_3,"[5,3]","[28,1]",36.840670,"[2,254]",Cluster Routing Router Gateway,18
ROUTE,2283.427988,37,"[2,1]",9_3,"[5,3]","[28,1]",36.840670,"[1,3]",Up Tree,37
ROUTE,2283.428105,26,"[1,3]",9_3,"[5,3]","[28,1]",36.840670,"[1,254]",Cluster Routing Router Gateway,37
ROUTE,2283.428218,24,"[1,1]",9_3,"[5,3]","[28,1]",36.840670,"[1,4]",Down Tree,24
ROUTE,2283.428306,23,"[1,4]",9_3,"[5,3]","[28,1]",36.840670,"[6,1]",Cluster Routing Router Gateway 2,24
ROUTE,2283.428401,22,"[6,1]",9_3,"[5,3]","[28,1]",36.840670,"[6,5]",Down Tree,22
ROUTE,2283.428467,32,"[6,5]",9_3,"[5,3]","[28,1]",36.840670,"[16,1]",Cluster Routing Router Gateway 2,22
ROUTE,2283.428584,43,"[16,1]",9_3,"[5,3]","[28,1]",36.840670,"[16,3]",Down Tree,43
ROUTE,2283.428693,52,"[16,3]",9_3,"[5,3]","[28,1]",36.840670,"[23,2]",Cluster Routing Cluster,52
ROUTE,2283.428779,62,"[23,2]",9_3,"[5,3]","[28,1]",36.840670,"[28,1]",Cluster Routing Cluster,62
RECEIVE,2283.428854,73,"[28,1]",9_3,"[5,3]","[28,1]",36.840670,,,62
SEND,2294.273813,42,"[16,4]",42_3,"[16,4]","[25,1]",17.207543,,,
ROUTE,2294.273813,42,"[16,4]",42_3,"[16,4]","[25,1]",17.207543,"[16,254]",Up Tree,42
ROUTE,2294.273870,43,"[16,1]",42_3,"[16,4]","[25,1]",17.207543,"[6,5]",Up Tree,43
ROUTE,2294.273986,32,"[6,5]",42_3,"[16,4]","[25,1]",17.207543,"[6,254]",Cluster Routing Router Gateway,43
ROUTE,2294.274053,22,"[6,1]",42_3,"[16,4]","[25,1]",17.207543,"[1,4]",Up Tree,22
ROUTE,2294.274147,23,"[1,4]",42_3,"[16,4]","[25,1]",17.207543,"[1,254]",Cluster Routing Router Gateway,22
ROUTE,2294.274236,24,"[1,1]",42_3,"[16,4]","[25,1]",17.207543,"[1,3]",Down Tree,24
ROUTE,2294.274348,26,"[1,3]",42_3,"[16,4]","[25,1]",17.207543,"[2,1]",Cluster Routing Router Gateway 2,24
ROUTE,2294.274465,37,"[2,1]",42_3,"[16,4]","[25,1]",17.207543,"[2,5]",Down Tree,37
ROUTE,2294.274563,38,"[2,5]",42_3,"[16,4]","[25,1]",17.207543,"[10,1]",Cluster Routing Router Gateway 2,37
ROUTE,2294.274665,48,"[10,1]",42_3,"[16,4]","[25,1]",17.207543,"[10,3]",Down Tree,48
ROUTE,2294.274753,59,"[10,3]",42_3,"[16,4]","[25,1]",17.207543,"[17,1]",Cluster Routing Router Gateway 2,48
ROUTE,2294.274826,69,"[17,1]",42_3,"[16,4]","[25,1]",17.207543,"[25,254]",Cluster Routing Cluster,69
ROUTE,2294.274945,79,"[17,4]",42_3,"[16,4]","[25,1]",17.207543,"[25,1]",Cluster Routing Cluster,79
RECEIVE,2294.275062,98,"[25,1]",42_3,"[16,4]","[25,1]",17.207543,,,79
SEND,2312.017270,58,"[10,5]",58_4,"[10,5]","[4,4]",39.815602,,,
ROUTE,2312.017270,58,"[10,5]",58_4,"[10,5]","[4,4]",39.815602,"[10,254]",Up Tree,58
ROUTE,2312.017329,48,"[10,1]",58_4,"[10,5]","[4,4]",39.815602,"[2,5]",Up Tree,48
ROUTE,2312.017431,38,"[2,5]",58_4,"[10,5]","[4,4]",39.815602,"[2,254]",Cluster Routing Router Gateway,48
ROUTE,2312.017529,37,"[2,1]",58_4,"[10,5]","[4,4]",39.815602,"[2,3]",Down Tree,37
ROUTE,2312.017621,47,"[2,3]",58_4,"[10,5]","[4,4]",39.815602,"[4,254]",Cluster Routing Cluster,47
ROUTE,2312.017712,56,"[4,3]",58_4,"[10,5]","[4,4]",39.815602,"[4,4]",Cluster Routing Cluster,56
RECEIVE,2312.017792,55,"[4,4]",58_4,"[10,5]","[4,4]",39.815602,,,56
SEND,2315.327373,73,"[28,1]",73_4,"[28,1]","[5,3]",43.231367,,,
SEND,2324.814139,12,"[6,7]",12_3,"[6,7]","[2,2]",38.888874,,,
ROUTE,2324.814139,12,"[6,7]",12_3,"[6,7]","[2,2]",38.888874,"[6,254]",Up Tree,12
ROUTE,2324.814206,22,"[6,1]",12_3,"[6,7]","[2,2]",38.888874,"[1,4]",Up Tree,22
ROUTE,2324.814300,23,"[1,4]",12_3,"[6,7]","[2,2]",38.888874,"[3,10]",Cluster Routing Cluster,23
SEND,2331.691580,41,"[14,1]",41_6,"[14,1]","[10,2]",42.744844,,,
SEND,2336.181694,98,"[25,1]",98_3,"[25,1]","[17,2]",23.046005,,,
ROUTE,2336.181694,98,"[25,1]",98_3,"[25,1]","[17,2]",23.046005,"[25,254]",Cluster Routing Cluster,98
ROUTE,2336.181811,79,"[17,4]",98_3,"[25,1]","[17,2]",23.046005,"[17,2]",Cluster Routing Cluster,79
RECEIVE,2336.181925,68,"[17,2]",98_3,"[25,1]","[17,2]",23.046005,,,79
SEND,2337.068524,74,"[22,5]",74_15,"[22,5]","[5,3]",25.600783,,,
SEND,2339.115877,27,"[2,6]",27_3,"[2,6]","[5,1]",24.275195,,,
ROUTE,2339.115877,27,"[2,6]",27_3,"[2,6]","[5,1]",24.275195,"[5,3]",Cluster Routing Cluster,27
SEND,2352.136615,97,"[29,1]",97_3,"[29,1]","[31,2]",41.986163,,,
ROUTE,2352.136615,97,"[29,1]",97_3,"[29,1]","[31,2]",41.986163,"[29,254]",Cluster Routing Cluster,97
ROUTE,2352.136706,96,"[29,2]",97_3,"[29,1]","[31,2]",41.986163,"[31,2]",Cluster Routing Cluster,96
RECEIVE,2352.136816,85,"[31,2]",97_3,"[29,1]","[31,2]",41.986163,,,96
SEND,2356.115509,6,"[15,1]",6_5,"[15,1]","[17,2]",12.500393,,,
SEND,2378.474777,10,"[18,2]",10_9,"[18,2]","[10,2]",40.432923,,,
SEND,2380.761345,25,"[3,9]",25_4,"[3,9]","[22,4]",36.432556,,,
ROUTE,2380.761345,25,"[3,9]",25_4,"[3,9]","[22,4]",36.432556,"[3,254]",Up Tree,25
SEND,2394.829210,64,"[22,4]",64_3,"[22,4]","[19,2]",16.436908,,,
SEND,2403.775443,91,"[33,1]",91_3,"[33,1]","[11,1]",16.353677,,,
ROUTE,2403.775443,91,"[33,1]",91_3,"[33,1]","[11,1]",16.353677,"[33,254]",Up Tree,91
ROUTE,2403.775507,81,"[26,3]",91_3,"[33,1]","[11,1]",16.353677,"[26,254]",Up Tree,81
ROUTE,2403.775615,70,"[26,1]",91_3,"[33,1]","[11,1]",16.353677,"[21,1]",Up Tree,70
ROUTE,2403.775683,60,"[21,1]",91_3,"[33,1]","[11,1]",16.353677,"[21,254]",Cluster Routing Router Gateway,70
ROUTE,2403.775744,50,"[14,4]",91_3,"[33,1]","[11,1]",16.353677,"[14,254]",Up Tree,50
ROUTE,2403.775842,40,"[14,2]",91_3,"[33,1]","[11,1]",16.353677,"[6,4]",Cluster Routing Cluster,40
ROUTE,2403.775934,31,"[6,4]",91_3,"[33,1]","[11,1]",16.353677,"[11,1]",Cluster Routing Cluster,31
RECEIVE,2403.776052,20,"[11,1]",91_3,"[33,1]","[11,1]",16.353677,,,31
SEND,2408.975647,51,"[14,3]",51_5,"[14,3]","[3,9]",12.716129,,,
ROUTE,2408.975647,51,"[14,3]",51_5,"[14,3]","[3,9]",12.716129,"[14,254]",Up Tree,51
ROUTE,2408.975728,40,"[14,2]",51_5,"[14,3]","[3,9]",12.716129,"[6,4]",Up Tree,40
ROUTE,2408.975820,31,"[6,4]",51_5,"[14,3]","[3,9]",12.716129,"[6,254]",Cluster Routing Router Gateway,40
ROUTE,2408.975919,22,"[6,1]",51_5,"[14,3]","[3,9]",12.716129,"[1,4]",Up Tree,22
ROUTE,2408.976013,23,"[1,4]",51_5,"[14,3]","[3,9]",12.716129,"[3,10]",Cluster Routing Cluster,23
SEND,2416.918895,63,"[23,1]",63_4,"[23,1]","[10,2]",28.023211,,,
ROUTE,2416.918895,63,"[23,1]",63_4,"[23,1]","[10,2]",28.023211,"[23,254]",Up Tree,63
ROUTE,2416.918991,52,"[16,3]",63_4,"[23,1]","[10,2]",28.023211,"[16,254]",Up Tree,52
ROUTE,2416.919100,43,"[16,1]",63_4,"[23,1]","[10,2]",28.023211,"[6,5]",Up Tree,43
ROUTE,2416.919217,32,"[6,5]",63_4,"[23,1]","[10,2]",28.023211,"[6,254]",Cluster Routing Router Gateway,43
ROUTE,2416.919284,22,"[6,1]",63_4,"[23,1]","[10,2]",28.023211,"[1,4]",Up Tree,22
ROUTE,2416.919378,23,"[1,4]",63_4,"[23,1]","[10,2]",28.023211,"[1,254]",Cluster Routing Router Gateway,22
ROUTE,2416.919467,24,"[1,1]",63_4,"[23,1]","[10,2]",28.023211,"[1,3]",Down Tree,24
ROUTE,2416.919579,26,"[1,3]",63_4,"[23,1]","[10,2]",28.023211,"[2,1]",Cluster Routing Router Gateway 2,24
ROUTE,2416.919696,37,"[2,1]",63_4,"[23,1]","[10,2]",28.023211,"[2,4]",Cluster Routing Cluster,37
ROUTE,2416.919810,28,"[2,4]",63_4,"[23,1]","[10,2]",28.023211,"[10,2]",Cluster Routing Cluster,28
RECEIVE,2416.919889,29,"[10,2]",63_4,"[23,1]","[10,2]",28.023211,,,28
SEND,2426.594083,75,"[31,3]",75_9,"[31,3]","[31,2]",46.300350,,,
ROUTE,2426.594083,75,"[31,3]",75_9,"[31,3]","[31,2]",46.300350,"[31,2]",Cluster Routing Cluster,75
RECEIVE,2426.594188,85,"[31,2]",75_9,"[31,3]","[31,2]",46.300350,,,75
SEND,2431.383709,29,"[10,2]",29_4,"[10,2]","[3,8]",30.003546,,,
SEND,2442.708328,67,"[24,4]",67_4,"[24,4]","[3,1]",17.767268,,,
ROUTE,2442.708328,67,"[24,4]",67_4,"[24,4]","[3,1]",17.767268,"[24,254]",Up Tree,67
ROUTE,2442.708427,78,"[17,3]",67_4,"[24,4]","[3,1]",17.767268,"[17,254]",Up Tree,78
ROUTE,2442.708543,69,"[17,1]",67_4,"[24,4]","[3,1]",17.767268,"[10,3]",Up Tree,69
ROUTE,2442.708616,59,"[10,3]",67_4,"[24,4]","[3,1]",17.767268,"[10,254]",Cluster Routing Router Gateway,69
ROUTE,2442.708704,48,"[10,1]",67_4,"[24,4]","[3,1]",17.767268,"[2,5]",Up Tree,48
ROUTE,2442.708806,38,"[2,5]",67_4,"[24,4]","[3,1]",17.767268,"[2,254]",Cluster Routing Router Gateway,48
ROUTE,2442.708904,37,"[2,1]",67_4,"[24,4]","[3,1]",17.767268,"[1,3]",Up Tree,37
ROUTE,2442.709021,26,"[1,3]",67_4,"[24,4]","[3,1]",17.767268,"[3,254]",Cluster Routing Cluster,26
ROUTE,2442.709131,35,"[2,2]",67_4,"[24,4]","[3,1]",17.767268,"[3,1]",Cluster Routing Cluster,35
RECEIVE,2442.709196,44,"[3,1]",67_4,"[24,4]","[3,1]",17.767268,,,35
SEND,2444.049714,36,"[3,8]",36_7,"[3,8]","[32,1]",48.726436,,,
ROUTE,2444.049714,36,"[3,8]",36_7,"[3,8]","[32,1]",48.726436,"[3,254]",Up Tree,36
SEND,2452.530692,15,"[19,2]",15_4,"[19,2]","[28,1]",35.777661,,,
SEND,2470.426739,44,"[3,1]",44_18,"[3,1]","[28,1]",48.029030,,,
ROUTE,2470.426739,44,"[3,1]",44_18,"[3,1]","[28,1]",48.029030,"[3,254]",Up Tree,44
SEND,2479.444383,93,"[34,2]",93_3,"[34,2]","[29,1]",20.142104,,,
ROUTE,2479.444383,93,"[34,2]",93_3,"[34,2]","[29,1]",20.142104,"[34,254]",Up Tree,93
ROUTE,2479.444500,82,"[27,2]",93_3,"[34,2]","[29,1]",20.142104,"[27,254]",Up Tree,82
ROUTE,2479.444598,71,"[27,1]",93_3,"[34,2]","[29,1]",20.142104,"[21,2]",Up Tree,71
ROUTE,2479.444700,61,"[21,2]",93_3,"[34,2]","[29,1]",20.142104,"[21,254]",Cluster Routing Router Gateway,71
ROUTE,2479.444811,50,"[14,4]",93_3,"[34,2]","[29,1]",20.142104,"[14,254]",Up Tree,50
ROUTE,2479.444909,40,"[14,2]",93_3,"[34,2]","[29,1]",20.142104,"[6,4]",Up Tree,40
ROUTE,2479.445001,31,"[6,4]",93_3,"[34,2]","[29,1]",20.142104,"[6,254]",Cluster Routing Router Gateway,40
ROUTE,2479.445100,22,"[6,1]",93_3,"[34,2]","[29,1]",20.142104,"[1,4]",Up Tree,22
ROUTE,2479.445194,23,"[1,4]",93_3,"[34,2]","[29,1]",20.142104,"[1,254]",Cluster Routing Router Gateway,22
ROUTE,2479.445283,24,"[1,1]",93_3,"[34,2]","[29,1]",20.142104,"[1,3]",Down Tree,24
ROUTE,2479.445396,26,"[1,3]",93_3,"[34,2]","[29,1]",20.142104,"[2,1]",Cluster Routing Router Gateway 2,24
ROUTE,2479.445513,37,"[2,1]",93_3,"[34,2]","[29,1]",20.142104,"[2,5]",Down Tree,37
ROUTE,2479.445610,38,"[2,5]",93_3,"[34,2]","[29,1]",20.142104,"[10,1]",Cluster Routing Router Gateway 2,37
ROUTE,2479.445713,48,"[10,1]",93_3,"[34,2]","[29,1]",20.142104,"[10,3]",Down Tree,48
ROUTE,2479.445800,59,"[10,3]",93_3,"[34,2]","[29,1]",20.142104,"[17,1]",Cluster Routing Router Gateway 2,48
ROUTE,2479.445873,69,"[17,1]",93_3,"[34,2]","[29,1]",20.142104,"[17,3]",Down Tree,69
ROUTE,2479.445989,78,"[17,3]",93_3,"[34,2]","[29,1]",20.142104,"[24,3]",Cluster Routing Cluster,78
ROUTE,2479.446090,87,"[24,3]",93_3,"[34,2]","[29,1]",20.142104,"[29,1]",Cluster Routing Cluster,87
RECEIVE,2479.446174,97,"[29,1]",93_3,"[34,2]","[29,1]",20.142104,,,87
SEND,2488.410109,17,"[5,3]",17_7,"[5,3]","[3,1]",31.018919,,,
SEND,2508.830384,45,"[3,2]",45_10,"[3,2]","[6,6]",29.799353,,,
ROUTE,2508.830384,45,"[3,2]",45_10,"[3,2]","[6,6]",29.799353,"[3,10]",Cluster Routing Cluster,45
SEND,2512.216105,53,"[16,2]",53_4,"[16,2]","[10,5]",32.686868,,,
ROUTE,2512.216105,53,"[16,2]",53_4,"[16,2]","[10,5]",32.686868,"[16,254]",Up Tree,53
ROUTE,2512.216203,43,"[16,1]",53_4,"[16,2]","[10,5]",32.686868,"[6,5]",Up Tree,43
ROUTE,2512.216319,32,"[6,5]",53_4,"[16,2]","[10,5]",32.686868,"[6,254]",Cluster Routing Router Gateway,43
ROUTE,2512.216386,22,"[6,1]",53_4,"[16,2]","[10,5]",32.686868,"[1,4]",Up Tree,22
ROUTE,2512.216480,23,"[1,4]",53_4,"[16,2]","[10,5]",32.686868,"[1,254]",Cluster Routing Router Gateway,22
ROUTE,2512.216569,24,"[1,1]",53_4,"[16,2]","[10,5]",32.686868,"[1,3]",Down Tree,24
ROUTE,2512.216681,26,"[1,3]",53_4,"[16,2]","[10,5]",32.686868,"[2,1]",Cluster Routing Router Gateway 2,24
ROUTE,2512.216798,37,"[2,1]",53_4,"[16,2]","[10,5]",32.686868,"[2,3]",Cluster Routing Cluster,37
ROUTE,2512.216890,47,"[2,3]",53_4,"[16,2]","[10,5]",32.686868,"[10,5]",Cluster Routing Cluster,47
RECEIVE,2512.216965,58,"[10,5]",53_4,"[16,2]","[10,5]",32.686868,,,47
SEND,2516.881892,8,"[5,4]",8_5,"[5,4]","[25,1]",18.486146,,,
ROUTE,2516.881892,8,"[5,4]",8_5,"[5,4]","[25,1]",18.486146,"[5,254]",Up Tree,8
ROUTE,2516.881940,18,"[5,2]",8_5,"[5,4]","[25,1]",18.486146,"[2,4]",Up Tree,18
ROUTE,2516.882024,28,"[2,4]",8_5,"[5,4]","[25,1]",18.486146,"[2,254]",Cluster Routing Router Gateway,18
ROUTE,2516.882138,37,"[2,1]",8_5,"[5,4]","[25,1]",18.486146,"[2,5]",Down Tree,37
ROUTE,2516.882236,38,"[2,5]",8_5,"[5,4]","[25,1]",18.486146,"[10,1]",Cluster Routing Router Gateway 2,37
ROUTE,2516.882338,48,"[10,1]",8_5,"[5,4]","[25,1]",18.486146,"[10,3]",Down Tree,48
ROUTE,2516.882426,59,"[10,3]",8_5,"[5,4]","[25,1]",18.486146,"[17,1]",Cluster Routing Router Gateway 2,48
ROUTE,2516.882499,69,"[17,1]",8_5,"[5,4]","[25,1]",18.486146,"[25,254]",Cluster Routing Cluster,69
ROUTE,2516.882618,79,"[17,4]",8_5,"[5,4]","[25,1]",18.486146,"[25,1]",Cluster Routing Cluster,79
RECEIVE,2516.882735,98,"[25,1]",8_5,"[5,4]","[25,1]",18.486146,,,79
SEND,2519.999625,90,"[32,1]",90_4,"[32,1]","[5,1]",10.385193,,,
ROUTE,2519.999625,90,"[32,1]",90_4,"[32,1]","[5,1]",10.385193,"[32,254]",Up Tree,90
ROUTE,2519.999722,80,"[26,2]",90_4,"[32,1]","[5,1]",10.385193,"[26,254]",Up Tree,80
ROUTE,2519.999791,70,"[26,1]",90_4,"[32,1]","[5,1]",10.385193,"[21,1]",Up Tree,70
ROUTE,2519.999859,60,"[21,1]",90_4,"[32,1]","[5,1]",10.385193,"[21,254]",Cluster Routing Router Gateway,70
ROUTE,2519.999920,50,"[14,4]",90_4,"[32,1]","[5,1]",10.385193,"[14,254]",Up Tree,50
ROUTE,2520.000018,40,"[14,2]",90_4,"[32,1]","[5,1]",10.385193,"[6,4]",Up Tree,40
ROUTE,2520.000110,31,"[6,4]",90_4,"[32,1]","[5,1]",10.385193,"[6,254]",Cluster Routing Router Gateway,40
ROUTE,2520.000209,22,"[6,1]",90_4,"[32,1]","[5,1]",10.385193,"[1,4]",Up Tree,22
ROUTE,2520.000303,23,"[1,4]",90_4,"[32,1]","[5,1]",10.385193,"[1,254]",Cluster Routing Router Gateway,22
ROUTE,2520.000392,24,"[1,1]",90_4,"[32,1]","[5,1]",10.385193,"[1,3]",Down Tree,24
ROUTE,2520.000504,26,"[1,3]",90_4,"[32,1]","[5,1]",10.385193,"[5,3]",Cluster Routing Cluster,26
SEND,2526.198772,55,"[4,4]",55_4,"[4,4]","[23,1]",32.886636,,,
ROUTE,2526.198772,55,"[4,4]",55_4,"[4,4]","[23,1]",32.886636,"[22,4]",Cluster Routing Cluster,55
SEND,2532.321348,20,"[11,1]",20_6,"[11,1]","[31,2]",27.424586,,,
SEND,2534.904131,85,"[31,2]",85_5,"[31,2]","[32,1]",49.791336,,,
ROUTE,2534.904131,85,"[31,2]",85_5,"[31,2]","[32,1]",49.791336,"[31,254]",Up Tree,85
ROUTE,2534.904236,76,"[31,1]",85_5,"[31,2]","[32,1]",49.791336,"[24,5]",Up Tree,76
ROUTE,2534.904326,77,"[24,5]",85_5,"[31,2]","[32,1]",49.791336,"[24,254]",Cluster Routing Router Gateway,76
ROUTE,2534.904407,78,"[17,3]",85_5,"[31,2]","[32,1]",49.791336,"[17,254]",Up Tree,78
ROUTE,2534.904523,69,"[17,1]",85_5,"[31,2]","[32,1]",49.791336,"[10,3]",Up Tree,69
ROUTE,2534.904596,59,"[10,3]",85_5,"[31,2]","[32,1]",49.791336,"[10,254]",Cluster Routing Router Gateway,69
ROUTE,2534.904683,48,"[10,1]",85_5,"[31,2]","[32,1]",49.791336,"[2,5]",Up Tree,48
ROUTE,2534.904786,38,"[2,5]",85_5,"[31,2]","[32,1]",49.791336,"[2,254]",Cluster Routing Router Gateway,48
ROUTE,2534.904883,37,"[2,1]",85_5,"[31,2]","[32,1]",49.791336,"[1,3]",Up Tree,37
ROUTE,2534.905001,26,"[1,3]",85_5,"[31,2]","[32,1]",49.791336,"[1,254]",Cluster Routing Router Gateway,37
ROUTE,2534.905113,24,"[1,1]",85_5,"[31,2]","[32,1]",49.791336,"[1,4]",Down Tree,24
ROUTE,2534.905202,23,"[1,4]",85_5,"[31,2]","[32,1]",49.791336,"[6,1]",Cluster Routing Router Gateway 2,24
ROUTE,2534.905296,22,"[6,1]",85_5,"[31,2]","[32,1]",49.791336,"[6,4]",Down Tree,22
ROUTE,2534.905395,31,"[6,4]",85_5,"[31,2]","[32,1]",49.791336,"[14,2]",Cluster Routing Router Gateway 2,22
ROUTE,2534.905487,40,"[14,2]",85_5,"[31,2]","[32,1]",49.791336,"[14,4]",Down Tree,40
ROUTE,2534.905585,50,"[14,4]",85_5,"[31,2]","[32,1]",49.791336,"[21,1]",Down Tree,50
ROUTE,2534.905646,60,"[21,1]",85_5,"[31,2]","[32,1]",49.791336,"[26,1]",Cluster Routing Router Gateway 2,50
ROUTE,2534.905714,70,"[26,1]",85_5,"[31,2]","[32,1]",49.791336,"[32,254]",Cluster Routing Cluster,70
ROUTE,2534.905783,80,"[26,2]",85_5,"[31,2]","[32,1]",49.791336,"[32,1]",Cluster Routing Cluster,80
RECEIVE,2534.905880,90,"[32,1]",85_5,"[31,2]","[32,1]",49.791336,,,80
SEND,2540.294215,3,"[12,1]",3_4,"[12,1]","[22,5]",49.835191,,,
SEND,2544.581727,66,"[4,2]",66_31,"[4,2]","[10,4]",36.471129,,,
ROUTE,2544.581727,66,"[4,2]",66_31,"[4,2]","[10,4]",36.471129,"[4,254]",Up Tree,66
ROUTE,2544.581802,56,"[4,3]",66_31,"[4,2]","[10,4]",36.471129,"[2,3]",Up Tree,56
ROUTE,2544.581893,47,"[2,3]",66_31,"[4,2]","[10,4]",36.471129,"[10,254]",Cluster Routing Cluster,47
ROUTE,2544.581983,48,"[10,1]",66_31,"[4,2]","[10,4]",36.471129,"[10,4]",Cluster Routing Cluster,48
RECEIVE,2544.582077,39,"[10,4]",66_31,"[4,2]","[10,4]",36.471129,,,48
SEND,2545.453335,68,"[17,2]",68_4,"[17,2]","[10,2]",37.828628,,,
ROUTE,2545.453335,68,"[17,2]",68_4,"[17,2]","[10,2]",37.828628,"[17,254]",Up Tree,68
ROUTE,2545.453443,69,"[17,1]",68_4,"[17,2]","[10,2]",37.828628,"[10,3]",Cluster Routing Cluster,69
ROUTE,2545.453516,59,"[10,3]",68_4,"[17,2]","[10,2]",37.828628,"[10,2]",Cluster Routing Cluster,59
RECEIVE,2545.453568,49,"[10,2]",68_4,"[17,2]","[10,2]",37.828628,,,59
SEND,2551.115809,33,"[6,6]",33_5,"[6,6]","[29,3]",16.071835,,,
ROUTE,2551.115809,33,"[6,6]",33_5,"[6,6]","[29,3]",16.071835,"[6,254]",Up Tree,33
ROUTE,2551.115926,22,"[6,1]",33_5,"[6,6]","[29,3]",16.071835,"[1,4]",Up Tree,22
ROUTE,2551.116020,23,"[1,4]",33_5,"[6,6]","[29,3]",16.071835,"[1,254]",Cluster Routing Router Gateway,22
ROUTE,2551.116109,24,"[1,1]",33_5,"[6,6]","[29,3]",16.071835,"[1,3]",Down Tree,24
ROUTE,2551.116221,26,"[1,3]",33_5,"[6,6]","[29,3]",16.071835,"[2,1]",Cluster Routing Router Gateway 2,24
ROUTE,2551.116338,37,"[2,1]",33_5,"[6,6]","[29,3]",16.071835,"[2,5]",Down Tree,37
ROUTE,2551.116436,38,"[2,5]",33_5,"[6,6]","[29,3]",16.071835,"[10,1]",Cluster Routing Router Gateway 2,37
ROUTE,2551.116538,48,"[10,1]",33_5,"[6,6]","[29,3]",16.071835,"[10,3]",Down Tree,48
ROUTE,2551.116626,59,"[10,3]",33_5,"[6,6]","[29,3]",16.071835,"[17,1]",Cluster Routing Router Gateway 2,48
ROUTE,2551.116699,69,"[17,1]",33_5,"[6,6]","[29,3]",16.071835,"[17,3]",Down Tree,69
ROUTE,2551.116815,78,"[17,3]",33_5,"[6,6]","[29,3]",16.071835,"[24,3]",Cluster Routing Cluster,78
ROUTE,2551.116915,87,"[24,3]",33_5,"[6,6]","[29,3]",16.071835,"[29,3]",Cluster Routing Cluster,87
RECEIVE,2551.117005,86,"[29,3]",33_5,"[6,6]","[29,3]",16.071835,,,87
SEND,2559.938442,57,"[4,2]",57_16,"[4,2]","[14,1]",45.318466,,,
SEND,2572.415474,34,"[3,10]",34_4,"[3,10]","[12,3]",32.589073,,,
ROUTE,2572.415474,34,"[3,10]",34_4,"[3,10]","[12,3]",32.589073,"[3,254]",Up Tree,34
SEND,2577.937881,39,"[10,4]",39_4,"[10,4]","[18,2]",21.783884,,,
ROUTE,2577.937881,39,"[10,4]",39_4,"[10,4]","[18,2]",21.783884,"[10,254]",Up Tree,39
ROUTE,2577.937975,48,"[10,1]",39_4,"[10,4]","[18,2]",21.783884,"[2,5]",Up Tree,48
ROUTE,2577.938077,38,"[2,5]",39_4,"[10,4]","[18,2]",21.783884,"[2,254]",Cluster Routing Router Gateway,48
ROUTE,2577.938175,37,"[2,1]",39_4,"[10,4]","[18,2]",21.783884,"[1,3]",Up Tree,37
ROUTE,2577.938292,26,"[1,3]",39_4,"[10,4]","[18,2]",21.783884,"[1,254]",Cluster Routing Router Gateway,37
ROUTE,2577.938404,24,"[1,1]",39_4,"[10,4]","[18,2]",21.783884,"[1,4]",Down Tree,24
ROUTE,2577.938493,23,"[1,4]",39_4,"[10,4]","[18,2]",21.783884,"[6,1]",Cluster Routing Router Gateway 2,24
ROUTE,2577.938587,22,"[6,1]",39_4,"[10,4]","[18,2]",21.783884,"[6,2]",Cluster Routing Cluster,22
ROUTE,2577.938663,21,"[6,2]",39_4,"[10,4]","[18,2]",21.783884,"[18,2]",Cluster Routing Cluster,21
RECEIVE,2577.938751,10,"[18,2]",39_4,"[10,4]","[18,2]",21.783884,,,21
SEND,2582.780691,86,"[29,3]",86_4,"[29,3]","[33,1]",35.925170,,,
SEND,2589.666833,49,"[10,2]",49_5,"[10,2]","[3,10]",34.526663,,,
ROUTE,2589.666833,49,"[10,2]",49_5,"[10,2]","[3,10]",34.526663,"[10,254]",Up Tree,49
ROUTE,2589.666890,48,"[10,1]",49_5,"[10,2]","[3,10]",34.526663,"[2,5]",Up Tree,48
ROUTE,2589.666992,38,"[2,5]",49_5,"[10,2]","[3,10]",34.526663,"[2,254]",Cluster Routing Router Gateway,48
ROUTE,2589.667090,37,"[2,1]",49_5,"[10,2]","[3,10]",34.526663,"[1,3]",Up Tree,37
ROUTE,2589.667207,26,"[1,3]",49_5,"[10,2]","[3,10]",34.526663,"[3,10]",Cluster Routing Cluster,26
SEND,2601.818616,10,"[18,2]",10_10,"[18,2]","[23,1]",38.265901,,,
SEND,2620.324932,46,"[2,2]",46_10,"[2,2]","[29,3]",10.983004,,,
ROUTE,2620.324932,46,"[2,2]",46_10,"[2,2]","[29,3]",10.983004,"[2,254]",Up Tree,46
ROUTE,2620.324999,37,"[2,1]",46_10,"[2,2]","[29,3]",10.983004,"[2,5]",Down Tree,37
ROUTE,2620.325096,38,"[2,5]",46_10,"[2,2]","[29,3]",10.983004,"[10,1]",Cluster Routing Router Gateway 2,37
ROUTE,2620.325199,48,"[10,1]",46_10,"[2,2]","[29,3]",10.983004,"[10,3]",Down Tree,48
ROUTE,2620.325286,59,"[10,3]",46_10,"[2,2]","[29,3]",10.983004,"[17,1]",Cluster Routing Router Gateway 2,48
ROUTE,2620.325360,69,"[17,1]",46_10,"[2,2]","[29,3]",10.983004,"[17,3]",Down Tree,69
ROUTE,2620.325476,78,"[17,3]",46_10,"[2,2]","[29,3]",10.983004,"[24,3]",Cluster Routing Cluster,78
ROUTE,2620.325576,87,"[24,3]",46_10,"[2,2]","[29,3]",10.983004,"[29,3]",Cluster Routing Cluster,87
RECEIVE,2620.325666,86,"[29,3]",46_10,"[2,2]","[29,3]",10.983004,,,87
SEND,2622.650837,89,"[24,2]",89_4,"[24,2]","[34,2]",35.145734,,,
ROUTE,2622.650837,89,"[24,2]",89_4,"[24,2]","[34,2]",35.145734,"[24,254]",Up Tree,89
ROUTE,2622.650956,78,"[17,3]",89_4,"[24,2]","[34,2]",35.145734,"[17,254]",Up Tree,78
ROUTE,2622.651072,69,"[17,1]",89_4,"[24,2]","[34,2]",35.145734,"[10,3]",Up Tree,69
ROUTE,2622.651145,59,"[10,3]",89_4,"[24,2]","[34,2]",35.145734,"[10,254]",Cluster Routing Router Gateway,69
ROUTE,2622.651233,48,"[10,1]",89_4,"[24,2]","[34,2]",35.145734,"[2,5]",Up Tree,48
ROUTE,2622.651335,38,"[2,5]",89_4,"[24,2]","[34,2]",35.145734,"[2,254]",Cluster Routing Router Gateway,48
ROUTE,2622.651433,37,"[2,1]",89_4,"[24,2]","[34,2]",35.145734,"[1,3]",Up Tree,37
ROUTE,2622.651550,26,"[1,3]",89_4,"[24,2]","[34,2]",35.145734,"[1,254]",Cluster Routing Router Gateway,37
ROUTE,2622.651662,24,"[1,1]",89_4,"[24,2]","[34,2]",35.145734,"[1,4]",Down Tree,24
ROUTE,2622.651751,23,"[1,4]",89_4,"[24,2]","[34,2]",35.145734,"[6,1]",Cluster Routing Router Gateway 2,24
ROUTE,2622.651845,22,"[6,1]",89_4,"[24,2]","[34,2]",35.145734,"[6,4]",Down Tree,22
ROUTE,2622.651944,31,"[6,4]",89_4,"[24,2]","[34,2]",35.145734,"[14,2]",Cluster Routing Router Gateway 2,22
ROUTE,2622.652036,40,"[14,2]",89_4,"[24,2]","[34,2]",35.145734,"[14,4]",Down Tree,40
ROUTE,2622.652134,50,"[14,4]",89_4,"[24,2]","[34,2]",35.145734,"[21,2]",Down Tree,50
ROUTE,2622.652246,61,"[21,2]",89_4,"[24,2]","[34,2]",35.145734,"[27,1]",Cluster Routing Router Gateway 2,50
ROUTE,2622.652348,71,"[27,1]",89_4,"[24,2]","[34,2]",35.145734,"[34,254]",Cluster Routing Cluster,71
ROUTE,2622.652446,82,"[27,2]",89_4,"[24,2]","[34,2]",35.145734,"[34,2]",Cluster Routing Cluster,82
RECEIVE,2622.652562,93,"[34,2]",89_4,"[24,2]","[34,2]",35.145734,,,82
SEND,2627.343250,42,"[16,4]",42_4,"[16,4]","[4,4]",23.692177,,,
ROUTE,2627.343250,42,"[16,4]",42_4,"[16,4]","[4,4]",23.692177,"[16,254]",Up Tree,42
ROUTE,2627.343306,43,"[16,1]",42_4,"[16,4]","[4,4]",23.692177,"[22,254]",Cluster Routing Cluster,43
ROUTE,2627.343419,54,"[22,3]",42_4,"[16,4]","[4,4]",23.692177,"[4,4]",Cluster Routing Cluster,54
RECEIVE,2627.343486,55,"[4,4]",42_4,"[16,4]","[4,4]",23.692177,,,54
SEND,2635.855644,12,"[6,7]",12_4,"[6,7]","[12,3]",49.512581,,,
ROUTE,2635.855644,12,"[6,7]",12_4,"[6,7]","[12,3]",49.512581,"[6,8]",Cluster Routing Cluster,12
ROUTE,2635.855739,11,"[6,8]",12_4,"[6,7]","[12,3]",49.512581,"[12,3]",Cluster Routing Cluster,11
RECEIVE,2635.855816,1,"[12,3]",12_4,"[6,7]","[12,3]",49.512581,,,11
SEND,2637.890712,92,"[34,1]",92_4,"[34,1]","[17,2]",28.876256,,,
ROUTE,2637.890712,92,"[34,1]",92_4,"[34,1]","[17,2]",28.876256,"[34,254]",Up Tree,92
ROUTE,2637.890798,82,"[27,2]",92_4,"[34,1]","[17,2]",28.876256,"[27,254]",Up Tree,82
ROUTE,2637.890896,71,"[27,1]",92_4,"[34,1]","[17,2]",28.876256,"[21,2]",Up Tree,71
ROUTE,2637.890998,61,"[21,2]",92_4,"[34,1]","[17,2]",28.876256,"[21,254]",Cluster Routing Router Gateway,71
ROUTE,2637.891109,50,"[14,4]",92_4,"[34,1]","[17,2]",28.876256,"[14,254]",Up Tree,50
ROUTE,2637.891207,40,"[14,2]",92_4,"[34,1]","[17,2]",28.876256,"[6,4]",Up Tree,40
ROUTE,2637.891299,31,"[6,4]",92_4,"[34,1]","[17,2]",28.876256,"[6,254]",Cluster Routing Router Gateway,40
ROUTE,2637.891398,22,"[6,1]",92_4,"[34,1]","[17,2]",28.876256,"[1,4]",Up Tree,22
ROUTE,2637.891492,23,"[1,4]",92_4,"[34,1]","[17,2]",28.876256,"[1,254]",Cluster Routing Router Gateway,22
ROUTE,2637.891581,24,"[1,1]",92_4,"[34,1]","[17,2]",28.876256,"[1,3]",Down Tree,24
ROUTE,2637.891693,26,"[1,3]",92_4,"[34,1]","[17,2]",28.876256,"[2,1]",Cluster Routing Router Gateway 2,24
ROUTE,2637.891811,37,"[2,1]",92_4,"[34,1]","[17,2]",28.876256,"[2,5]",Down Tree,37
ROUTE,2637.891908,38,"[2,5]",92_4,"[34,1]","[17,2]",28.876256,"[10,1]",Cluster Routing Router Gateway 2,37
ROUTE,2637.892011,48,"[10,1]",92_4,"[34,1]","[17,2]",28.876256,"[10,5]",Cluster Routing Cluster,48
SEND,2640.641109,58,"[10,5]",58_5,"[10,5]","[14,1]",35.322221,,,
ROUTE,2640.641109,58,"[10,5]",58_5,"[10,5]","[14,1]",35.322221,"[10,254]",Up Tree,58
ROUTE,2640.641168,48,"[10,1]",58_5,"[10,5]","[14,1]",35.322221,"[2,5]",Up Tree,48
ROUTE,2640.641271,38,"[2,5]",58_5,"[10,5]","[14,1]",35.322221,"[2,254]",Cluster Routing Router Gateway,48
ROUTE,2640.641369,37,"[2,1]",58_5,"[10,5]","[14,1]",35.322221,"[1,3]",Up Tree,37
ROUTE,2640.641486,26,"[1,3]",58_5,"[10,5]","[14,1]",35.322221,"[1,254]",Cluster Routing Router Gateway,37
ROUTE,2640.641598,24,"[1,1]",58_5,"[10,5]","[14,1]",35.322221,"[1,4]",Down Tree,24
ROUTE,2640.641687,23,"[1,4]",58_5,"[10,5]","[14,1]",35.322221,"[6,5]",Cluster Routing Cluster,23
ROUTE,2640.641772,32,"[6,5]",58_5,"[10,5]","[14,1]",35.322221,"[14,1]",Cluster Routing Cluster,32
RECEIVE,2640.641886,41,"[14,1]",58_5,"[10,5]","[14,1]",35.322221,,,32
SEND,2642.409118,6,"[15,1]",6_6,"[15,1]","[5,4]",28.922292,,,
ROUTE,2642.409118,6,"[15,1]",6_6,"[15,1]","[5,4]",28.922292,"[5,5]",Cluster Routing Cluster,6
ROUTE,2642.409196,7,"[5,5]",6_6,"[15,1]","[5,4]",28.922292,"[5,4]",Cluster Routing Cluster,7
RECEIVE,2642.409254,8,"[5,4]",6_6,"[15,1]","[5,4]",28.922292,,,7
SEND,2654.399418,75,"[31,3]",75_10,"[31,3]","[5,4]",23.905666,,,
ROUTE,2654.399418,75,"[31,3]",75_10,"[31,3]","[5,4]",23.905666,"[31,254]",Up Tree,75
ROUTE,2654.399462,76,"[31,1]",75_10,"[31,3]","[5,4]",23.905666,"[24,5]",Up Tree,76
ROUTE,2654.399553,77,"[24,5]",75_10,"[31,3]","[5,4]",23.905666,"[24,254]",Cluster Routing Router Gateway,76
ROUTE,2654.399633,78,"[17,3]",75_10,"[31,3]","[5,4]",23.905666,"[17,254]",Up Tree,78
ROUTE,2654.399749,69,"[17,1]",75_10,"[31,3]","[5,4]",23.905666,"[10,3]",Up Tree,69
ROUTE,2654.399822,59,"[10,3]",75_10,"[31,3]","[5,4]",23.905666,"[10,254]",Cluster Routing Router Gateway,69
ROUTE,2654.399909,48,"[10,1]",75_10,"[31,3]","[5,4]",23.905666,"[2,5]",Up Tree,48
ROUTE,2654.400012,38,"[2,5]",75_10,"[31,3]","[5,4]",23.905666,"[2,254]",Cluster Routing Router Gateway,48
ROUTE,2654.400109,37,"[2,1]",75_10,"[31,3]","[5,4]",23.905666,"[2,4]",Down Tree,37
ROUTE,2654.400223,28,"[2,4]",75_10,"[31,3]","[5,4]",23.905666,"[5,1]",Cluster Routing Cluster,28
SEND,2659.495055,74,"[22,5]",74_16,"[22,5]","[4,4]",14.614019,,,
ROUTE,2659.495055,74,"[22,5]",74_16,"[22,5]","[4,4]",14.614019,"[4,5]",Cluster Routing Cluster,74
ROUTE,2659.495154,65,"[4,5]",74_16,"[22,5]","[4,4]",14.614019,"[4,4]",Cluster Routing Cluster,65
RECEIVE,2659.495223,55,"[4,4]",74_16,"[22,5]","[4,4]",14.614019,,,65
SEND,2662.110627,98,"[25,1]",98_4,"[25,1]","[31,3]",44.824324,,,
ROUTE,2662.110627,98,"[25,1]",98_4,"[25,1]","[31,3]",44.824324,"[25,254]",Up Tree,98
ROUTE,2662.110744,79,"[17,4]",98_4,"[25,1]","[31,3]",44.824324,"[17,254]",Up Tree,79
ROUTE,2662.110863,69,"[17,1]",98_4,"[25,1]","[31,3]",44.824324,"[17,3]",Down Tree,69
ROUTE,2662.110978,78,"[17,3]",98_4,"[25,1]","[31,3]",44.824324,"[24,5]",Down Tree,78
ROUTE,2662.111059,77,"[24,5]",98_4,"[25,1]","[31,3]",44.824324,"[29,3]",Cluster Routing Cluster,77
SEND,2666.609189,19,"[5,1]",19_4,"[5,1]","[29,1]",25.418068,,,
SEND,2669.298697,41,"[14,1]",41_7,"[14,1]","[10,2]",10.697864,,,
SEND,2691.525602,27,"[2,6]",27_4,"[2,6]","[2,2]",22.933947,,,
ROUTE,2691.525602,27,"[2,6]",27_4,"[2,6]","[2,2]",22.933947,"[1,3]",Cluster Routing Cluster,27
ROUTE,2691.525707,26,"[1,3]",27_4,"[2,6]","[2,2]",22.933947,"[3,254]",Cluster Routing Cluster,26
RECEIVE,2691.525817,35,"[2,2]",27_4,"[2,6]","[2,2]",22.933947,,,26
SEND,2698.130361,75,"[31,3]",75_11,"[31,3]","[10,4]",20.720724,,,
ROUTE,2698.130361,75,"[31,3]",75_11,"[31,3]","[10,4]",20.720724,"[31,254]",Up Tree,75
ROUTE,2698.130406,76,"[31,1]",75_11,"[31,3]","[10,4]",20.720724,"[24,5]",Up Tree,76
ROUTE,2698.130496,77,"[24,5]",75_11,"[31,3]","[10,4]",20.720724,"[24,254]",Cluster Routing Router Gateway,76
ROUTE,2698.130576,78,"[17,3]",75_11,"[31,3]","[10,4]",20.720724,"[17,254]",Up Tree,78
ROUTE,2698.130692,69,"[17,1]",75_11,"[31,3]","[10,4]",20.720724,"[10,3]",Up Tree,69
ROUTE,2698.130765,59,"[10,3]",75_11,"[31,3]","[10,4]",20.720724,"[10,254]",Cluster Routing Cluster,59
ROUTE,2698.130853,48,"[10,1]",75_11,"[31,3]","[10,4]",20.720724,"[10,4]",Cluster Routing Cluster,48
RECEIVE,2698.130947,39,"[10,4]",75_11,"[31,3]","[10,4]",20.720724,,,48
SEND,2704.470333,95,"[29,3]",95_5,"[29,3]","[12,1]",34.739641,,,
ROUTE,2704.470333,95,"[29,3]",95_5,"[29,3]","[12,1]",34.739641,"[29,254]",Up Tree,95
ROUTE,2704.470427,96,"[29,2]",95_5,"[29,3]","[12,1]",34.739641,"[24,3]",Up Tree,96
ROUTE,2704.470545,87,"[24,3]",95_5,"[29,3]","[12,1]",34.739641,"[24,254]",Cluster Routing Router Gateway,96
ROUTE,2704.470646,78,"[17,3]",95_5,"[29,3]","[12,1]",34.739641,"[17,254]",Up Tree,78
ROUTE,2704.470761,69,"[17,1]",95_5,"[29,3]","[12,1]",34.739641,"[10,3]",Up Tree,69
ROUTE,2704.470835,59,"[10,3]",95_5,"[29,3]","[12,1]",34.739641,"[10,254]",Cluster Routing Router Gateway,69
ROUTE,2704.470922,48,"[10,1]",95_5,"[29,3]","[12,1]",34.739641,"[2,5]",Up Tree,48
ROUTE,2704.471025,38,"[2,5]",95_5,"[29,3]","[12,1]",34.739641,"[2,254]",Cluster Routing Router Gateway,48
ROUTE,2704.471122,37,"[2,1]",95_5,"[29,3]","[12,1]",34.739641,"[1,3]",Up Tree,37
ROUTE,2704.471239,26,"[1,3]",95_5,"[29,3]","[12,1]",34.739641,"[1,254]",Cluster Routing Router Gateway,37
ROUTE,2704.471352,24,"[1,1]",95_5,"[29,3]","[12,1]",34.739641,"[1,4]",Down Tree,24
ROUTE,2704.471440,23,"[1,4]",95_5,"[29,3]","[12,1]",34.739641,"[6,7]",Cluster Routing Cluster,23
SEND,2705.910378,25,"[3,9]",25_5,"[3,9]","[28,1]",36.286483,,,
ROUTE,2705.910378,25,"[3,9]",25_5,"[3,9]","[28,1]",36.286483,"[3,254]",Up Tree,25
SEND,2724.962438,1,"[12,3]",1_5,"[12,3]","[10,5]",37.384803,,,
ROUTE,2724.962438,1,"[12,3]",1_5,"[12,3]","[10,5]",37.384803,"[12,254]",Up Tree,1
ROUTE,2724.962533,2,"[12,2]",1_5,"[12,3]","[10,5]",37.384803,"[6,3]",Up Tree,2
ROUTE,2724.962613,13,"[6,3]",1_5,"[12,3]","[10,5]",37.384803,"[6,254]",Cluster Routing Router Gateway,2
ROUTE,2724.962714,22,"[6,1]",1_5,"[12,3]","[10,5]",37.384803,"[1,4]",Up Tree,22
ROUTE,2724.962808,23,"[1,4]",1_5,"[12,3]","[10,5]",37.384803,"[1,254]",Cluster Routing Router Gateway,22
ROUTE,2724.962897,24,"[1,1]",1_5,"[12,3]","[10,5]",37.384803,"[1,3]",Down Tree,24
ROUTE,2724.963009,26,"[1,3]",1_5,"[12,3]","[10,5]",37.384803,"[2,1]",Cluster Routing Router Gateway 2,24
ROUTE,2724.963126,37,"[2,1]",1_5,"[12,3]","[10,5]",37.384803,"[2,3]",Cluster Routing Cluster,37
ROUTE,2724.963218,47,"[2,3]",1_5,"[12,3]","[10,5]",37.384803,"[10,5]",Cluster Routing Cluster,47
RECEIVE,2724.963293,58,"[10,5]",1_5,"[12,3]","[10,5]",37.384803,,,47
SEND,2756.491017,51,"[14,3]",51_6,"[14,3]","[6,6]",26.563060,,,
ROUTE,2756.491017,51,"[14,3]",51_6,"[14,3]","[6,6]",26.563060,"[16,4]",Cluster Routing Cluster,51
SEND,2756.923384,63,"[23,1]",63_5,"[23,1]","[5,3]",48.709569,,,
ROUTE,2756.923384,63,"[23,1]",63_5,"[23,1]","[5,3]",48.709569,"[23,254]",Up Tree,63
ROUTE,2756.923480,52,"[16,3]",63_5,"[23,1]","[5,3]",48.709569,"[16,254]",Up Tree,52
ROUTE,2756.923589,43,"[16,1]",63_5,"[23,1]","[5,3]",48.709569,"[6,5]",Up Tree,43
ROUTE,2756.923706,32,"[6,5]",63_5,"[23,1]","[5,3]",48.709569,"[6,254]",Cluster Routing Router Gateway,43
ROUTE,2756.923772,22,"[6,1]",63_5,"[23,1]","[5,3]",48.709569,"[1,4]",Up Tree,22
ROUTE,2756.923866,23,"[1,4]",63_5,"[23,1]","[5,3]",48.709569,"[1,254]",Cluster Routing Router Gateway,22
ROUTE,2756.923955,24,"[1,1]",63_5,"[23,1]","[5,3]",48.709569,"[1,3]",Cluster Routing Cluster,24
ROUTE,2756.924067,26,"[1,3]",63_5,"[23,1]","[5,3]",48.709569,"[5,3]",Cluster Routing Cluster,26
RECEIVE,2756.924187,17,"[5,3]",63_5,"[23,1]","[5,3]",48.709569,,,26
SEND,2761.400377,9,"[5,3]",9_4,"[5,3]","[28,1]",17.731528,,,
ROUTE,2761.400377,9,"[5,3]",9_4,"[5,3]","[28,1]",17.731528,"[5,254]",Up Tree,9
ROUTE,2761.400484,18,"[5,2]",9_4,"[5,3]","[28,1]",17.731528,"[2,4]",Up Tree,18
ROUTE,2761.400568,28,"[2,4]",9_4,"[5,3]","[28,1]",17.731528,"[2,254]",Cluster Routing Router Gateway,18
ROUTE,2761.400682,37,"[2,1]",9_4,"[5,3]","[28,1]",17.731528,"[1,3]",Up Tree,37
ROUTE,2761.400799,26,"[1,3]",9_4,"[5,3]","[28,1]",17.731528,"[1,254]",Cluster Routing Router Gateway,37
ROUTE,2761.400912,24,"[1,1]",9_4,"[5,3]","[28,1]",17.731528,"[1,4]",Down Tree,24
ROUTE,2761.401000,23,"[1,4]",9_4,"[5,3]","[28,1]",17.731528,"[6,1]",Cluster Routing Router Gateway 2,24
ROUTE,2761.401094,22,"[6,1]",9_4,"[5,3]","[28,1]",17.731528,"[6,5]",Down Tree,22
ROUTE,2761.401161,32,"[6,5]",9_4,"[5,3]","[28,1]",17.731528,"[16,1]",Cluster Routing Router Gateway 2,22
ROUTE,2761.401278,43,"[16,1]",9_4,"[5,3]","[28,1]",17.731528,"[16,3]",Down Tree,43
ROUTE,2761.401387,52,"[16,3]",9_4,"[5,3]","[28,1]",17.731528,"[23,2]",Cluster Routing Cluster,52
ROUTE,2761.401472,62,"[23,2]",9_4,"[5,3]","[28,1]",17.731528,"[28,1]",Cluster Routing Cluster,62
RECEIVE,2761.401548,73,"[28,1]",9_4,"[5,3]","[28,1]",17.731528,,,62
SEND,2772.699837,64,"[22,4]",64_4,"[22,4]","[31,2]",38.185079,,,
SEND,2773.034962,45,"[3,2]",45_11,"[3,2]","[10,4]",34.407183,,,
ROUTE,2773.034962,45,"[3,2]",45_11,"[3,2]","[10,4]",34.407183,"[3,254]",Up Tree,45
SEND,2785.357124,67,"[24,4]",67_5,"[24,4]","[5,3]",41.179433,,,
ROUTE,2785.357124,67,"[24,4]",67_5,"[24,4]","[5,3]",41.179433,"[24,254]",Up Tree,67
ROUTE,2785.357223,78,"[17,3]",67_5,"[24,4]","[5,3]",41.179433,"[17,254]",Up Tree,78
ROUTE,2785.357339,69,"[17,1]",67_5,"[24,4]","[5,3]",41.179433,"[10,3]",Up Tree,69
ROUTE,2785.357412,59,"[10,3]",67_5,"[24,4]","[5,3]",41.179433,"[10,254]",Cluster Routing Router Gateway,69
ROUTE,2785.357499,48,"[10,1]",67_5,"[24,4]","[5,3]",41.179433,"[2,5]",Up Tree,48
ROUTE,2785.357602,38,"[2,5]",67_5,"[24,4]","[5,3]",41.179433,"[2,6]",Cluster Routing Cluster,38
SEND,2804.105723,73,"[28,1]",73_5,"[28,1]","[12,1]",31.071140,,,
SEND,2813.030020,29,"[10,2]",29_5,"[10,2]","[4,4]",42.054451,,,
SEND,2828.961693,17,"[5,3]",17_8,"[5,3]","[10,2]",29.355480,,,
ROUTE,2828.961693,17,"[5,3]",17_8,"[5,3]","[10,2]",29.355480,"[2,4]",Cluster Routing Cluster,17
ROUTE,2828.961773,28,"[2,4]",17_8,"[5,3]","[10,2]",29.355480,"[10,2]",Cluster Routing Cluster,28
RECEIVE,2828.961852,29,"[10,2]",17_8,"[5,3]","[10,2]",29.355480,,,28
SEND,2836.235833,3,"[12,1]",3_5,"[12,1]","[33,1]",48.072721,,,
SEND,2839.733499,97,"[29,1]",97_4,"[29,1]","[32,1]",48.252078,,,
SEND,2853.787890,53,"[16,2]",53_5,"[16,2]","[5,3]",12.721980,,,
ROUTE,2853.787890,53,"[16,2]",53_5,"[16,2]","[5,3]",12.721980,"[16,254]",Up Tree,53
ROUTE,2853.787987,43,"[16,1]",53_5,"[16,2]","[5,3]",12.721980,"[6,5]",Up Tree,43
ROUTE,2853.788104,32,"[6,5]",53_5,"[16,2]","[5,3]",12.721980,"[6,254]",Cluster Routing Router Gateway,43
ROUTE,2853.788170,22,"[6,1]",53_5,"[16,2]","[5,3]",12.721980,"[1,4]",Up Tree,22
ROUTE,2853.788265,23,"[1,4]",53_5,"[16,2]","[5,3]",12.721980,"[1,254]",Cluster Routing Router Gateway,22
ROUTE,2853.788353,24,"[1,1]",53_5,"[16,2]","[5,3]",12.721980,"[1,3]",Cluster Routing Cluster,24
ROUTE,2853.788466,26,"[1,3]",53_5,"[16,2]","[5,3]",12.721980,"[5,3]",Cluster Routing Cluster,26
RECEIVE,2853.788585,17,"[5,3]",53_5,"[16,2]","[5,3]",12.721980,,,26
SEND,2854.211097,36,"[3,8]",36_8,"[3,8]","[29,3]",42.812604,,,
ROUTE,2854.211097,36,"[3,8]",36_8,"[3,8]","[29,3]",42.812604,"[3,254]",Up Tree,36
SEND,2862.318120,10,"[18,2]",10_11,"[18,2]","[10,2]",38.835210,,,
SEND,2884.579254,89,"[24,2]",89_5,"[24,2]","[24,4]",46.693864,,,
ROUTE,2884.579254,89,"[24,2]",89_5,"[24,2]","[24,4]",46.693864,"[24,254]",Up Tree,89
ROUTE,2884.579373,78,"[17,3]",89_5,"[24,2]","[24,4]",46.693864,"[24,4]",Cluster Routing Cluster,78
RECEIVE,2884.579472,67,"[24,4]",89_5,"[24,2]","[24,4]",46.693864,,,78
SEND,2893.730636,91,"[33,1]",91_4,"[33,1]","[11,1]",13.029034,,,
ROUTE,2893.730636,91,"[33,1]",91_4,"[33,1]","[11,1]",13.029034,"[33,254]",Up Tree,91
ROUTE,2893.730700,81,"[26,3]",91_4,"[33,1]","[11,1]",13.029034,"[26,254]",Up Tree,81
ROUTE,2893.730808,70,"[26,1]",91_4,"[33,1]","[11,1]",13.029034,"[21,1]",Up Tree,70
ROUTE,2893.730876,60,"[21,1]",91_4,"[33,1]","[11,1]",13.029034,"[21,254]",Cluster Routing Router Gateway,70
ROUTE,2893.730937,50,"[14,4]",91_4,"[33,1]","[11,1]",13.029034,"[14,254]",Up Tree,50
ROUTE,2893.731035,40,"[14,2]",91_4,"[33,1]","[11,1]",13.029034,"[6,4]",Cluster Routing Cluster,40
ROUTE,2893.731128,31,"[6,4]",91_4,"[33,1]","[11,1]",13.029034,"[11,1]",Cluster Routing Cluster,31
RECEIVE,2893.731246,20,"[11,1]",91_4,"[33,1]","[11,1]",13.029034,,,31
SEND,2896.100823,39,"[10,4]",39_5,"[10,4]","[12,3]",38.687885,,,
ROUTE,2896.100823,39,"[10,4]",39_5,"[10,4]","[12,3]",38.687885,"[10,254]",Up Tree,39
ROUTE,2896.100917,48,"[10,1]",39_5,"[10,4]","[12,3]",38.687885,"[2,5]",Up Tree,48
ROUTE,2896.101020,38,"[2,5]",39_5,"[10,4]","[12,3]",38.687885,"[2,254]",Cluster Routing Router Gateway,48
ROUTE,2896.101118,37,"[2,1]",39_5,"[10,4]","[12,3]",38.687885,"[1,3]",Up Tree,37
ROUTE,2896.101235,26,"[1,3]",39_5,"[10,4]","[12,3]",38.687885,"[1,254]",Cluster Routing Router Gateway,37
ROUTE,2896.101347,24,"[1,1]",39_5,"[10,4]","[12,3]",38.687885,"[1,4]",Down Tree,24
ROUTE,2896.101436,23,"[1,4]",39_5,"[10,4]","[12,3]",38.687885,"[6,7]",Cluster Routing Cluster,23
SEND,2901.649590,42,"[16,4]",42_5,"[16,4]","[4,2]",42.460525,,,
ROUTE,2901.649590,42,"[16,4]",42_5,"[16,4]","[4,2]",42.460525,"[16,254]",Up Tree,42
ROUTE,2901.649646,43,"[16,1]",42_5,"[16,4]","[4,2]",42.460525,"[6,5]",Up Tree,43
ROUTE,2901.649763,32,"[6,5]",42_5,"[16,4]","[4,2]",42.460525,"[6,254]",Cluster Routing Router Gateway,43
ROUTE,2901.649829,22,"[6,1]",42_5,"[16,4]","[4,2]",42.460525,"[1,4]",Up Tree,22
ROUTE,2901.649924,23,"[1,4]",42_5,"[16,4]","[4,2]",42.460525,"[1,254]",Cluster Routing Router Gateway,22
ROUTE,2901.650012,24,"[1,1]",42_5,"[16,4]","[4,2]",42.460525,"[1,3]",Down Tree,24
ROUTE,2901.650125,26,"[1,3]",42_5,"[16,4]","[4,2]",42.460525,"[2,1]",Cluster Routing Router Gateway 2,24
ROUTE,2901.650242,37,"[2,1]",42_5,"[16,4]","[4,2]",42.460525,"[2,2]",Cluster Routing Cluster,37
SEND,2915.655015,46,"[2,2]",46_11,"[2,2]","[29,3]",45.593769,,,
ROUTE,2915.655015,46,"[2,2]",46_11,"[2,2]","[29,3]",45.593769,"[2,254]",Up Tree,46
ROUTE,2915.655082,37,"[2,1]",46_11,"[2,2]","[29,3]",45.593769,"[2,5]",Down Tree,37
ROUTE,2915.655180,38,"[2,5]",46_11,"[2,2]","[29,3]",45.593769,"[10,1]",Cluster Routing Router Gateway 2,37
ROUTE,2915.655283,48,"[10,1]",46_11,"[2,2]","[29,3]",45.593769,"[10,3]",Down Tree,48
ROUTE,2915.655370,59,"[10,3]",46_11,"[2,2]","[29,3]",45.593769,"[17,1]",Cluster Routing Router Gateway 2,48
ROUTE,2915.655443,69,"[17,1]",46_11,"[2,2]","[29,3]",45.593769,"[17,3]",Down Tree,69
ROUTE,2915.655559,78,"[17,3]",46_11,"[2,2]","[29,3]",45.593769,"[24,3]",Cluster Routing Cluster,78
ROUTE,2915.655659,87,"[24,3]",46_11,"[2,2]","[29,3]",45.593769,"[29,3]",Cluster Routing Cluster,87
RECEIVE,2915.655749,86,"[29,3]",46_11,"[2,2]","[29,3]",45.593769,,,87
SEND,2922.223564,58,"[10,5]",58_6,"[10,5]","[14,3]",41.315054,,,
ROUTE,2922.223564,58,"[10,5]",58_6,"[10,5]","[14,3]",41.315054,"[10,254]",Up Tree,58
ROUTE,2922.223623,48,"[10,1]",58_6,"[10,5]","[14,3]",41.315054,"[2,5]",Up Tree,48
ROUTE,2922.223726,38,"[2,5]",58_6,"[10,5]","[14,3]",41.315054,"[2,254]",Cluster Routing Router Gateway,48
ROUTE,2922.223823,37,"[2,1]",58_6,"[10,5]","[14,3]",41.315054,"[1,3]",Up Tree,37
ROUTE,2922.223940,26,"[1,3]",58_6,"[10,5]","[14,3]",41.315054,"[1,254]",Cluster Routing Router Gateway,37
ROUTE,2922.224053,24,"[1,1]",58_6,"[10,5]","[14,3]",41.315054,"[1,4]",Down Tree,24
ROUTE,2922.224141,23,"[1,4]",58_6,"[10,5]","[14,3]",41.315054,"[6,1]",Cluster Routing Router Gateway 2,24
ROUTE,2922.224236,22,"[6,1]",58_6,"[10,5]","[14,3]",41.315054,"[6,4]",Down Tree,22
ROUTE,2922.224334,31,"[6,4]",58_6,"[10,5]","[14,3]",41.315054,"[14,1]",Cluster Routing Cluster,31
SEND,2922.290527,90,"[32,1]",90_5,"[32,1]","[15,1]",38.593636,,,
ROUTE,2922.290527,90,"[32,1]",90_5,"[32,1]","[15,1]",38.593636,"[32,254]",Up Tree,90
ROUTE,2922.290624,80,"[26,2]",90_5,"[32,1]","[15,1]",38.593636,"[26,254]",Up Tree,80
ROUTE,2922.290693,70,"[26,1]",90_5,"[32,1]","[15,1]",38.593636,"[21,1]",Up Tree,70
ROUTE,2922.290761,60,"[21,1]",90_5,"[32,1]","[15,1]",38.593636,"[21,254]",Cluster Routing Router Gateway,70
ROUTE,2922.290822,50,"[14,4]",90_5,"[32,1]","[15,1]",38.593636,"[14,254]",Up Tree,50
ROUTE,2922.290920,40,"[14,2]",90_5,"[32,1]","[15,1]",38.593636,"[6,4]",Up Tree,40
ROUTE,2922.291012,31,"[6,4]",90_5,"[32,1]","[15,1]",38.593636,"[6,254]",Cluster Routing Router Gateway,40
ROUTE,2922.291111,22,"[6,1]",90_5,"[32,1]","[15,1]",38.593636,"[1,4]",Up Tree,22
ROUTE,2922.291205,23,"[1,4]",90_5,"[32,1]","[15,1]",38.593636,"[1,254]",Cluster Routing Router Gateway,22
ROUTE,2922.291294,24,"[1,1]",90_5,"[32,1]","[15,1]",38.593636,"[1,3]",Down Tree,24
ROUTE,2922.291406,26,"[1,3]",90_5,"[32,1]","[15,1]",38.593636,"[15,254]",Cluster Routing Cluster,26
ROUTE,2922.291471,16,"[15,2]",90_5,"[32,1]","[15,1]",38.593636,"[15,1]",Cluster Routing Cluster,16
RECEIVE,2922.291564,6,"[15,1]",90_5,"[32,1]","[15,1]",38.593636,,,16
SEND,2922.461735,66,"[4,2]",66_32,"[4,2]","[2,2]",33.331744,,,
ROUTE,2922.461735,66,"[4,2]",66_32,"[4,2]","[2,2]",33.331744,"[4,254]",Up Tree,66
ROUTE,2922.461810,56,"[4,3]",66_32,"[4,2]","[2,2]",33.331744,"[2,2]",Cluster Routing Cluster,56
RECEIVE,2922.461898,46,"[2,2]",66_32,"[4,2]","[2,2]",33.331744,,,56
SEND,2925.212054,15,"[19,2]",15_5,"[19,2]","[6,7]",18.225574,,,
SEND,2925.889343,44,"[3,1]",44_19,"[3,1]","[31,2]",41.774794,,,
ROUTE,2925.889343,44,"[3,1]",44_19,"[3,1]","[31,2]",41.774794,"[3,254]",Up Tree,44
SEND,2934.501887,12,"[6,7]",12_5,"[6,7]","[14,3]",29.990478,,,
ROUTE,2934.501887,12,"[6,7]",12_5,"[6,7]","[14,3]",29.990478,"[6,254]",Up Tree,12
ROUTE,2934.501953,22,"[6,1]",12_5,"[6,7]","[14,3]",29.990478,"[6,4]",Down Tree,22
ROUTE,2934.502052,31,"[6,4]",12_5,"[6,7]","[14,3]",29.990478,"[14,1]",Cluster Routing Cluster,31
SEND,2937.635120,34,"[3,10]",34_5,"[3,10]","[17,2]",44.663940,,,
ROUTE,2937.635120,34,"[3,10]",34_5,"[3,10]","[17,2]",44.663940,"[3,254]",Up Tree,34
SEND,2943.803403,74,"[22,5]",74_17,"[22,5]","[4,2]",27.013744,,,
ROUTE,2943.803403,74,"[22,5]",74_17,"[22,5]","[4,2]",27.013744,"[31,3]",Cluster Routing Cluster,74
SEND,2947.553861,27,"[2,6]",27_5,"[2,6]","[24,4]",20.386165,,,
ROUTE,2947.553861,27,"[2,6]",27_5,"[2,6]","[24,4]",20.386165,"[2,254]",Up Tree,27
ROUTE,2947.553933,37,"[2,1]",27_5,"[2,6]","[24,4]",20.386165,"[2,5]",Down Tree,37
ROUTE,2947.554031,38,"[2,5]",27_5,"[2,6]","[24,4]",20.386165,"[10,1]",Cluster Routing Router Gateway 2,37
ROUTE,2947.554133,48,"[10,1]",27_5,"[2,6]","[24,4]",20.386165,"[4,2]",Cluster Routing Cluster,48
SEND,2961.331924,93,"[34,2]",93_4,"[34,2]","[31,2]",32.652962,,,
ROUTE,2961.331924,93,"[34,2]",93_4,"[34,2]","[31,2]",32.652962,"[35,1]",Cluster Routing Cluster,93
ROUTE,2961.332026,84,"[35,1]",93_4,"[34,2]","[31,2]",32.652962,"[31,2]",Cluster Routing Cluster,84
RECEIVE,2961.332082,85,"[31,2]",93_4,"[34,2]","[31,2]",32.652962,,,84
SEND,2961.439098,33,"[6,6]",33_6,"[6,6]","[24,4]",41.423276,,,
ROUTE,2961.439098,33,"[6,6]",33_6,"[6,6]","[24,4]",41.423276,"[6,254]",Up Tree,33
ROUTE,2961.439215,22,"[6,1]",33_6,"[6,6]","[24,4]",41.423276,"[1,4]",Up Tree,22
ROUTE,2961.439309,23,"[1,4]",33_6,"[6,6]","[24,4]",41.423276,"[1,254]",Cluster Routing Router Gateway,22
ROUTE,2961.439398,24,"[1,1]",33_6,"[6,6]","[24,4]",41.423276,"[1,3]",Down Tree,24
ROUTE,2961.439510,26,"[1,3]",33_6,"[6,6]","[24,4]",41.423276,"[2,1]",Cluster Routing Router Gateway 2,24
ROUTE,2961.439627,37,"[2,1]",33_6,"[6,6]","[24,4]",41.423276,"[2,5]",Down Tree,37
ROUTE,2961.439725,38,"[2,5]",33_6,"[6,6]","[24,4]",41.423276,"[10,1]",Cluster Routing Router Gateway 2,37
ROUTE,2961.439827,48,"[10,1]",33_6,"[6,6]","[24,4]",41.423276,"[4,2]",Cluster Routing Cluster,48
SEND,2975.137219,10,"[18,2]",10_12,"[18,2]","[10,5]",24.853349,,,
SEND,2979.372871,68,"[17,2]",68_5,"[17,2]","[31,2]",17.154734,,,
ROUTE,2979.372871,68,"[17,2]",68_5,"[17,2]","[31,2]",17.154734,"[17,254]",Up Tree,68
ROUTE,2979.372979,69,"[17,1]",68_5,"[17,2]","[31,2]",17.154734,"[17,3]",Down Tree,69
ROUTE,2979.373095,78,"[17,3]",68_5,"[17,2]","[31,2]",17.154734,"[24,5]",Down Tree,78
ROUTE,2979.373175,77,"[24,5]",68_5,"[17,2]","[31,2]",17.154734,"[31,1]",Cluster Routing Router Gateway 2,78
ROUTE,2979.373266,76,"[31,1]",68_5,"[17,2]","[31,2]",17.154734,"[31,2]",Cluster Routing Cluster,76
RECEIVE,2979.373371,85,"[31,2]",68_5,"[17,2]","[31,2]",17.154734,,,76
SEND,2984.427210,6,"[15,1]",6_7,"[15,1]","[32,1]",46.262130,,,
SEND,2985.435138,95,"[29,3]",95_6,"[29,3]","[5,1]",12.059372,,,
ROUTE,2985.435138,95,"[29,3]",95_6,"[29,3]","[5,1]",12.059372,"[29,254]",Up Tree,95
ROUTE,2985.435231,96,"[29,2]",95_6,"[29,3]","[5,1]",12.059372,"[24,3]",Up Tree,96
ROUTE,2985.435350,87,"[24,3]",95_6,"[29,3]","[5,1]",12.059372,"[24,254]",Cluster Routing Router Gateway,96
ROUTE,2985.435451,78,"[17,3]",95_6,"[29,3]","[5,1]",12.059372,"[17,254]",Up Tree,78
ROUTE,2985.435566,69,"[17,1]",95_6,"[29,3]","[5,1]",12.059372,"[10,3]",Up Tree,69
ROUTE,2985.435640,59,"[10,3]",95_6,"[29,3]","[5,1]",12.059372,"[10,254]",Cluster Routing Router Gateway,69
ROUTE,2985.435727,48,"[10,1]",95_6,"[29,3]","[5,1]",12.059372,"[2,5]",Up Tree,48
ROUTE,2985.435830,38,"[2,5]",95_6,"[29,3]","[5,1]",12.059372,"[10,2]",Cluster Routing Cluster,38
SEND,2986.028784,20,"[11,1]",20_7,"[11,1]","[4,4]",41.595558,,,
SEND,2987.865037,8,"[5,4]",8_6,"[5,4]","[4,2]",35.021303,,,
ROUTE,2987.865037,8,"[5,4]",8_6,"[5,4]","[4,2]",35.021303,"[5,254]",Up Tree,8
ROUTE,2987.865086,18,"[5,2]",8_6,"[5,4]","[4,2]",35.021303,"[2,4]",Up Tree,18
ROUTE,2987.865170,28,"[2,4]",8_6,"[5,4]","[4,2]",35.021303,"[2,254]",Cluster Routing Router Gateway,18
ROUTE,2987.865284,37,"[2,1]",8_6,"[5,4]","[4,2]",35.021303,"[2,2]",Cluster Routing Cluster,37
SEND,2999.758533,41,"[14,1]",41_8,"[14,1]","[3,1]",27.595361,,,
ROUTE,2999.758533,41,"[14,1]",41_8,"[14,1]","[3,1]",27.595361,"[16,4]",Cluster Routing Cluster,41
SEND,3018.685311,51,"[14,3]",51_7,"[14,3]","[25,1]",10.300219,,,
ROUTE,3018.685311,51,"[14,3]",51_7,"[14,3]","[25,1]",10.300219,"[14,254]",Up Tree,51
ROUTE,3018.685391,40,"[14,2]",51_7,"[14,3]","[25,1]",10.300219,"[6,4]",Up Tree,40
ROUTE,3018.685483,31,"[6,4]",51_7,"[14,3]","[25,1]",10.300219,"[6,254]",Cluster Routing Router Gateway,40
ROUTE,3018.685582,22,"[6,1]",51_7,"[14,3]","[25,1]",10.300219,"[1,4]",Up Tree,22
ROUTE,3018.685676,23,"[1,4]",51_7,"[14,3]","[25,1]",10.300219,"[1,254]",Cluster Routing Router Gateway,22
ROUTE,3018.685765,24,"[1,1]",51_7,"[14,3]","[25,1]",10.300219,"[1,3]",Down Tree,24
ROUTE,3018.685877,26,"[1,3]",51_7,"[14,3]","[25,1]",10.300219,"[2,1]",Cluster Routing Router Gateway 2,24
ROUTE,3018.685995,37,"[2,1]",51_7,"[14,3]","[25,1]",10.300219,"[2,5]",Down Tree,37
ROUTE,3018.686092,38,"[2,5]",51_7,"[14,3]","[25,1]",10.300219,"[10,1]",Cluster Routing Router Gateway 2,37
ROUTE,3018.686195,48,"[10,1]",51_7,"[14,3]","[25,1]",10.300219,"[10,3]",Down Tree,48
ROUTE,3018.686282,59,"[10,3]",51_7,"[14,3]","[25,1]",10.300219,"[17,1]",Cluster Routing Router Gateway 2,48
ROUTE,3018.686355,69,"[17,1]",51_7,"[14,3]","[25,1]",10.300219,"[25,254]",Cluster Routing Cluster,69
ROUTE,3018.686474,79,"[17,4]",51_7,"[14,3]","[25,1]",10.300219,"[25,1]",Cluster Routing Cluster,79
RECEIVE,3018.686591,98,"[25,1]",51_7,"[14,3]","[25,1]",10.300219,,,79
SEND,3022.354193,55,"[4,4]",55_5,"[4,4]","[3,10]",28.187708,,,
ROUTE,3022.354193,55,"[4,4]",55_5,"[4,4]","[3,10]",28.187708,"[4,254]",Up Tree,55
ROUTE,3022.354272,56,"[4,3]",55_5,"[4,4]","[3,10]",28.187708,"[3,2]",Cluster Routing Cluster,56
SEND,3022.631938,49,"[10,2]",49_6,"[10,2]","[5,3]",29.233201,,,
ROUTE,3022.631938,49,"[10,2]",49_6,"[10,2]","[5,3]",29.233201,"[10,254]",Up Tree,49
ROUTE,3022.631994,48,"[10,1]",49_6,"[10,2]","[5,3]",29.233201,"[2,5]",Up Tree,48
ROUTE,3022.632097,38,"[2,5]",49_6,"[10,2]","[5,3]",29.233201,"[2,6]",Cluster Routing Cluster,38
SEND,3026.264338,25,"[3,9]",25_6,"[3,9]","[4,4]",24.769433,,,
ROUTE,3026.264338,25,"[3,9]",25_6,"[3,9]","[4,4]",24.769433,"[3,254]",Up Tree,25
ROUTE,3026.264435,35,"[2,2]",25_6,"[3,9]","[4,4]",24.769433,"[3,2]",Cluster Routing Cluster,35
SEND,3030.268760,85,"[31,2]",85_6,"[31,2]","[25,1]",45.822907,,,
ROUTE,3030.268760,85,"[31,2]",85_6,"[31,2]","[25,1]",45.822907,"[31,254]",Up Tree,85
ROUTE,3030.268865,76,"[31,1]",85_6,"[31,2]","[25,1]",45.822907,"[24,5]",Up Tree,76
ROUTE,3030.268956,77,"[24,5]",85_6,"[31,2]","[25,1]",45.822907,"[24,3]",Cluster Routing Cluster,77
ROUTE,3030.269028,87,"[24,3]",85_6,"[31,2]","[25,1]",45.822907,"[25,1]",Cluster Routing Cluster,87
RECEIVE,3030.269120,98,"[25,1]",85_6,"[31,2]","[25,1]",45.822907,,,87
SEND,3036.980116,86,"[29,3]",86_5,"[29,3]","[10,4]",26.602557,,,
SEND,3038.659310,57,"[4,2]",57_17,"[4,2]","[15,1]",21.554397,,,
SEND,3039.575616,98,"[25,1]",98_5,"[25,1]","[34,1]",44.593361,,,
ROUTE,3039.575616,98,"[25,1]",98_5,"[25,1]","[34,1]",44.593361,"[25,254]",Up Tree,98
ROUTE,3039.575733,79,"[17,4]",98_5,"[25,1]","[34,1]",44.593361,"[17,254]",Up Tree,79
ROUTE,3039.575852,69,"[17,1]",98_5,"[25,1]","[34,1]",44.593361,"[10,3]",Up Tree,69
ROUTE,3039.575925,59,"[10,3]",98_5,"[25,1]","[34,1]",44.593361,"[10,254]",Cluster Routing Router Gateway,69
ROUTE,3039.576012,48,"[10,1]",98_5,"[25,1]","[34,1]",44.593361,"[2,5]",Up Tree,48
ROUTE,3039.576115,38,"[2,5]",98_5,"[25,1]","[34,1]",44.593361,"[2,254]",Cluster Routing Router Gateway,48
ROUTE,3039.576212,37,"[2,1]",98_5,"[25,1]","[34,1]",44.593361,"[1,3]",Up Tree,37
ROUTE,3039.576329,26,"[1,3]",98_5,"[25,1]","[34,1]",44.593361,"[1,254]",Cluster Routing Router Gateway,37
ROUTE,3039.576442,24,"[1,1]",98_5,"[25,1]","[34,1]",44.593361,"[1,4]",Down Tree,24
ROUTE,3039.576530,23,"[1,4]",98_5,"[25,1]","[34,1]",44.593361,"[6,1]",Cluster Routing Router Gateway 2,24
ROUTE,3039.576625,22,"[6,1]",98_5,"[25,1]","[34,1]",44.593361,"[6,4]",Down Tree,22
ROUTE,3039.576724,31,"[6,4]",98_5,"[25,1]","[34,1]",44.593361,"[14,2]",Cluster Routing Router Gateway 2,22
ROUTE,3039.576816,40,"[14,2]",98_5,"[25,1]","[34,1]",44.593361,"[14,4]",Down Tree,40
ROUTE,3039.576914,50,"[14,4]",98_5,"[25,1]","[34,1]",44.593361,"[21,2]",Down Tree,50
ROUTE,3039.577025,61,"[21,2]",98_5,"[25,1]","[34,1]",44.593361,"[27,1]",Cluster Routing Router Gateway 2,50
ROUTE,3039.577127,71,"[27,1]",98_5,"[25,1]","[34,1]",44.593361,"[34,254]",Cluster Routing Cluster,71
ROUTE,3039.577225,82,"[27,2]",98_5,"[25,1]","[34,1]",44.593361,"[34,1]",Cluster Routing Cluster,82
RECEIVE,3039.577311,92,"[34,1]",98_5,"[25,1]","[34,1]",44.593361,,,82
SEND,3100.334297,92,"[34,1]",92_5,"[34,1]","[12,1]",27.471637,,,
ROUTE,3100.334297,92,"[34,1]",92_5,"[34,1]","[12,1]",27.471637,"[34,254]",Up Tree,92
ROUTE,3100.334383,82,"[27,2]",92_5,"[34,1]","[12,1]",27.471637,"[27,254]",Up Tree,82
ROUTE,3100.334481,71,"[27,1]",92_5,"[34,1]","[12,1]",27.471637,"[21,2]",Up Tree,71
ROUTE,3100.334583,61,"[21,2]",92_5,"[34,1]","[12,1]",27.471637,"[21,254]",Cluster Routing Router Gateway,71
ROUTE,3100.334694,50,"[14,4]",92_5,"[34,1]","[12,1]",27.471637,"[14,254]",Up Tree,50
ROUTE,3100.334792,40,"[14,2]",92_5,"[34,1]","[12,1]",27.471637,"[6,4]",Up Tree,40
ROUTE,3100.334885,31,"[6,4]",92_5,"[34,1]","[12,1]",27.471637,"[6,254]",Cluster Routing Router Gateway,40
ROUTE,3100.334983,22,"[6,1]",92_5,"[34,1]","[12,1]",27.471637,"[6,7]",Cluster Routing Cluster,22
SEND,3103.239357,1,"[12,3]",1_6,"[12,3]","[22,4]",33.729206,,,
ROUTE,3103.239357,1,"[12,3]",1_6,"[12,3]","[22,4]",33.729206,"[12,254]",Up Tree,1
ROUTE,3103.239451,2,"[12,2]",1_6,"[12,3]","[22,4]",33.729206,"[6,3]",Up Tree,2
ROUTE,3103.239532,13,"[6,3]",1_6,"[12,3]","[22,4]",33.729206,"[6,254]",Cluster Routing Router Gateway,2
ROUTE,3103.239632,22,"[6,1]",1_6,"[12,3]","[22,4]",33.729206,"[1,4]",Up Tree,22
ROUTE,3103.239726,23,"[1,4]",1_6,"[12,3]","[22,4]",33.729206,"[1,254]",Cluster Routing Router Gateway,22
ROUTE,3103.239815,24,"[1,1]",1_6,"[12,3]","[22,4]",33.729206,"[1,3]",Down Tree,24
ROUTE,3103.239927,26,"[1,3]",1_6,"[12,3]","[22,4]",33.729206,"[2,1]",Cluster Routing Router Gateway 2,24
ROUTE,3103.240045,37,"[2,1]",1_6,"[12,3]","[22,4]",33.729206,"[2,3]",Down Tree,37
ROUTE,3103.240136,47,"[2,3]",1_6,"[12,3]","[22,4]",33.729206,"[4,3]",Cluster Routing Router Gateway 2,37
ROUTE,3103.240228,56,"[4,3]",1_6,"[12,3]","[22,4]",33.729206,"[4,4]",Cluster Routing Cluster,56
SEND,3107.304025,29,"[10,2]",29_6,"[10,2]","[24,2]",40.463449,,,
SEND,3110.217604,75,"[31,3]",75_12,"[31,3]","[34,1]",42.859003,,,
ROUTE,3110.217604,75,"[31,3]",75_12,"[31,3]","[34,1]",42.859003,"[31,254]",Up Tree,75
ROUTE,3110.217648,76,"[31,1]",75_12,"[31,3]","[34,1]",42.859003,"[24,5]",Up Tree,76
ROUTE,3110.217738,77,"[24,5]",75_12,"[31,3]","[34,1]",42.859003,"[24,254]",Cluster Routing Router Gateway,76
ROUTE,3110.217819,78,"[17,3]",75_12,"[31,3]","[34,1]",42.859003,"[17,254]",Up Tree,78
ROUTE,3110.217934,69,"[17,1]",75_12,"[31,3]","[34,1]",42.859003,"[10,3]",Up Tree,69
ROUTE,3110.218008,59,"[10,3]",75_12,"[31,3]","[34,1]",42.859003,"[10,254]",Cluster Routing Router Gateway,69
ROUTE,3110.218095,48,"[10,1]",75_12,"[31,3]","[34,1]",42.859003,"[2,5]",Up Tree,48
ROUTE,3110.218198,38,"[2,5]",75_12,"[31,3]","[34,1]",42.859003,"[2,254]",Cluster Routing Router Gateway,48
ROUTE,3110.218295,37,"[2,1]",75_12,"[31,3]","[34,1]",42.859003,"[1,3]",Up Tree,37
ROUTE,3110.218412,26,"[1,3]",75_12,"[31,3]","[34,1]",42.859003,"[1,254]",Cluster Routing Router Gateway,37
ROUTE,3110.218525,24,"[1,1]",75_12,"[31,3]","[34,1]",42.859003,"[1,4]",Down Tree,24
ROUTE,3110.218613,23,"[1,4]",75_12,"[31,3]","[34,1]",42.859003,"[6,1]",Cluster Routing Router Gateway 2,24
ROUTE,3110.218708,22,"[6,1]",75_12,"[31,3]","[34,1]",42.859003,"[6,4]",Down Tree,22
ROUTE,3110.218807,31,"[6,4]",75_12,"[31,3]","[34,1]",42.859003,"[14,2]",Cluster Routing Router Gateway 2,22
ROUTE,3110.218899,40,"[14,2]",75_12,"[31,3]","[34,1]",42.859003,"[14,4]",Down Tree,40
ROUTE,3110.218997,50,"[14,4]",75_12,"[31,3]","[34,1]",42.859003,"[21,2]",Down Tree,50
ROUTE,3110.219108,61,"[21,2]",75_12,"[31,3]","[34,1]",42.859003,"[27,1]",Cluster Routing Router Gateway 2,50
ROUTE,3110.219210,71,"[27,1]",75_12,"[31,3]","[34,1]",42.859003,"[34,254]",Cluster Routing Cluster,71
ROUTE,3110.219308,82,"[27,2]",75_12,"[31,3]","[34,1]",42.859003,"[34,1]",Cluster Routing Cluster,82
RECEIVE,3110.219394,92,"[34,1]",75_12,"[31,3]","[34,1]",42.859003,,,82
SEND,3115.856305,3,"[12,1]",3_6,"[12,1]","[24,2]",18.956068,,,
SEND,3118.676207,64,"[22,4]",64_5,"[22,4]","[14,1]",29.390432,,,
SEND,3122.615848,19,"[5,1]",19_5,"[5,1]","[23,1]",25.430282,,,
SEND,3139.565745,45,"[3,2]",45_12,"[3,2]","[34,1]",10.693254,,,
ROUTE,3139.565745,45,"[3,2]",45_12,"[3,2]","[34,1]",10.693254,"[3,254]",Up Tree,45
SEND,3149.270611,17,"[5,3]",17_9,"[5,3]","[24,4]",22.513295,,,
SEND,3164.382877,75,"[31,3]",75_13,"[31,3]","[16,2]",47.740245,,,
ROUTE,3164.382877,75,"[31,3]",75_13,"[31,3]","[16,2]",47.740245,"[31,254]",Up Tree,75
ROUTE,3164.382922,76,"[31,1]",75_13,"[31,3]","[16,2]",47.740245,"[24,5]",Up Tree,76
ROUTE,3164.383012,77,"[24,5]",75_13,"[31,3]","[16,2]",47.740245,"[24,254]",Cluster Routing Router Gateway,76
ROUTE,3164.383092,78,"[17,3]",75_13,"[31,3]","[16,2]",47.740245,"[17,254]",Up Tree,78
ROUTE,3164.383208,69,"[17,1]",75_13,"[31,3]","[16,2]",47.740245,"[10,3]",Up Tree,69
ROUTE,3164.383281,59,"[10,3]",75_13,"[31,3]","[16,2]",47.740245,"[10,254]",Cluster Routing Router Gateway,69
ROUTE,3164.383369,48,"[10,1]",75_13,"[31,3]","[16,2]",47.740245,"[2,5]",Up Tree,48
ROUTE,3164.383471,38,"[2,5]",75_13,"[31,3]","[16,2]",47.740245,"[2,254]",Cluster Routing Router Gateway,48
ROUTE,3164.383569,37,"[2,1]",75_13,"[31,3]","[16,2]",47.740245,"[1,3]",Up Tree,37
ROUTE,3164.383686,26,"[1,3]",75_13,"[31,3]","[16,2]",47.740245,"[1,254]",Cluster Routing Router Gateway,37
ROUTE,3164.383798,24,"[1,1]",75_13,"[31,3]","[16,2]",47.740245,"[1,4]",Down Tree,24
ROUTE,3164.383887,23,"[1,4]",75_13,"[31,3]","[16,2]",47.740245,"[6,1]",Cluster Routing Router Gateway 2,24
ROUTE,3164.383981,22,"[6,1]",75_13,"[31,3]","[16,2]",47.740245,"[6,5]",Down Tree,22
ROUTE,3164.384048,32,"[6,5]",75_13,"[31,3]","[16,2]",47.740245,"[16,254]",Cluster Routing Cluster,32
ROUTE,3164.384164,43,"[16,1]",75_13,"[31,3]","[16,2]",47.740245,"[16,2]",Cluster Routing Cluster,43
RECEIVE,3164.384262,53,"[16,2]",75_13,"[31,3]","[16,2]",47.740245,,,43
SEND,3168.772203,67,"[24,4]",67_6,"[24,4]","[5,3]",10.323164,,,
ROUTE,3168.772203,67,"[24,4]",67_6,"[24,4]","[5,3]",10.323164,"[24,254]",Up Tree,67
ROUTE,3168.772302,78,"[17,3]",67_6,"[24,4]","[5,3]",10.323164,"[17,254]",Up Tree,78
ROUTE,3168.772418,69,"[17,1]",67_6,"[24,4]","[5,3]",10.323164,"[10,3]",Up Tree,69
ROUTE,3168.772492,59,"[10,3]",67_6,"[24,4]","[5,3]",10.323164,"[10,254]",Cluster Routing Router Gateway,69
ROUTE,3168.772579,48,"[10,1]",67_6,"[24,4]","[5,3]",10.323164,"[2,5]",Up Tree,48
ROUTE,3168.772682,38,"[2,5]",67_6,"[24,4]","[5,3]",10.323164,"[2,6]",Cluster Routing Cluster,38
SEND,3175.141036,90,"[32,1]",90_6,"[32,1]","[10,4]",22.208366,,,
ROUTE,3175.141036,90,"[32,1]",90_6,"[32,1]","[10,4]",22.208366,"[32,254]",Up Tree,90
ROUTE,3175.141133,80,"[26,2]",90_6,"[32,1]","[10,4]",22.208366,"[26,254]",Up Tree,80
ROUTE,3175.141201,70,"[26,1]",90_6,"[32,1]","[10,4]",22.208366,"[21,1]",Up Tree,70
ROUTE,3175.141270,60,"[21,1]",90_6,"[32,1]","[10,4]",22.208366,"[21,254]",Cluster Routing Router Gateway,70
ROUTE,3175.141331,50,"[14,4]",90_6,"[32,1]","[10,4]",22.208366,"[14,254]",Up Tree,50
ROUTE,3175.141429,40,"[14,2]",90_6,"[32,1]","[10,4]",22.208366,"[6,4]",Up Tree,40
ROUTE,3175.141521,31,"[6,4]",90_6,"[32,1]","[10,4]",22.208366,"[6,254]",Cluster Routing Router Gateway,40
ROUTE,3175.141620,22,"[6,1]",90_6,"[32,1]","[10,4]",22.208366,"[1,4]",Up Tree,22
ROUTE,3175.141714,23,"[1,4]",90_6,"[32,1]","[10,4]",22.208366,"[1,254]",Cluster Routing Router Gateway,22
ROUTE,3175.141803,24,"[1,1]",90_6,"[32,1]","[10,4]",22.208366,"[1,3]",Down Tree,24
ROUTE,3175.141915,26,"[1,3]",90_6,"[32,1]","[10,4]",22.208366,"[2,1]",Cluster Routing Router Gateway 2,24
ROUTE,3175.142032,37,"[2,1]",90_6,"[32,1]","[10,4]",22.208366,"[2,5]",Cluster Routing Cluster,37
ROUTE,3175.142130,38,"[2,5]",90_6,"[32,1]","[10,4]",22.208366,"[10,4]",Cluster Routing Cluster,38
RECEIVE,3175.142205,39,"[10,4]",90_6,"[32,1]","[10,4]",22.208366,,,38
SEND,3206.743502,97,"[29,1]",97_5,"[29,1]","[17,2]",38.137150,,,
SEND,3223.584919,91,"[33,1]",91_5,"[33,1]","[16,4]",28.873522,,,
ROUTE,3223.584919,91,"[33,1]",91_5,"[33,1]","[16,4]",28.873522,"[33,254]",Up Tree,91
ROUTE,3223.584982,81,"[26,3]",91_5,"[33,1]","[16,4]",28.873522,"[26,254]",Up Tree,81
ROUTE,3223.585090,70,"[26,1]",91_5,"[33,1]","[16,4]",28.873522,"[21,1]",Up Tree,70
ROUTE,3223.585158,60,"[21,1]",91_5,"[33,1]","[16,4]",28.873522,"[21,254]",Cluster Routing Router Gateway,70
ROUTE,3223.585219,50,"[14,4]",91_5,"[33,1]","[16,4]",28.873522,"[14,3]",Cluster Routing Cluster,50
SEND,3237.081067,9,"[5,3]",9_5,"[5,3]","[12,1]",47.310205,,,
ROUTE,3237.081067,9,"[5,3]",9_5,"[5,3]","[12,1]",47.310205,"[5,254]",Up Tree,9
ROUTE,3237.081174,18,"[5,2]",9_5,"[5,3]","[12,1]",47.310205,"[2,4]",Up Tree,18
ROUTE,3237.081258,28,"[2,4]",9_5,"[5,3]","[12,1]",47.310205,"[2,254]",Cluster Routing Router Gateway,18
ROUTE,3237.081372,37,"[2,1]",9_5,"[5,3]","[12,1]",47.310205,"[1,3]",Up Tree,37
ROUTE,3237.081489,26,"[1,3]",9_5,"[5,3]","[12,1]",47.310205,"[1,254]",Cluster Routing Router Gateway,37
ROUTE,3237.081601,24,"[1,1]",9_5,"[5,3]","[12,1]",47.310205,"[1,4]",Down Tree,24
ROUTE,3237.081690,23,"[1,4]",9_5,"[5,3]","[12,1]",47.310205,"[6,7]",Cluster Routing Cluster,23
SEND,3242.905129,58,"[10,5]",58_7,"[10,5]","[29,1]",28.900411,,,
ROUTE,3242.905129,58,"[10,5]",58_7,"[10,5]","[29,1]",28.900411,"[10,254]",Up Tree,58
ROUTE,3242.905188,48,"[10,1]",58_7,"[10,5]","[29,1]",28.900411,"[10,3]",Down Tree,48
ROUTE,3242.905275,59,"[10,3]",58_7,"[10,5]","[29,1]",28.900411,"[17,1]",Cluster Routing Router Gateway 2,48
ROUTE,3242.905349,69,"[17,1]",58_7,"[10,5]","[29,1]",28.900411,"[17,3]",Down Tree,69
ROUTE,3242.905464,78,"[17,3]",58_7,"[10,5]","[29,1]",28.900411,"[24,3]",Cluster Routing Cluster,78
ROUTE,3242.905565,87,"[24,3]",58_7,"[10,5]","[29,1]",28.900411,"[29,1]",Cluster Routing Cluster,87
RECEIVE,3242.905649,97,"[29,1]",58_7,"[10,5]","[29,1]",28.900411,,,87
SEND,3244.772152,20,"[11,1]",20_8,"[11,1]","[22,4]",40.970453,,,
SEND,3251.622617,63,"[23,1]",63_6,"[23,1]","[29,3]",42.472640,,,
ROUTE,3251.622617,63,"[23,1]",63_6,"[23,1]","[29,3]",42.472640,"[23,254]",Up Tree,63
ROUTE,3251.622713,52,"[16,3]",63_6,"[23,1]","[29,3]",42.472640,"[16,254]",Up Tree,52
ROUTE,3251.622822,43,"[16,1]",63_6,"[23,1]","[29,3]",42.472640,"[6,5]",Up Tree,43
ROUTE,3251.622939,32,"[6,5]",63_6,"[23,1]","[29,3]",42.472640,"[6,254]",Cluster Routing Router Gateway,43
ROUTE,3251.623006,22,"[6,1]",63_6,"[23,1]","[29,3]",42.472640,"[1,4]",Up Tree,22
ROUTE,3251.623100,23,"[1,4]",63_6,"[23,1]","[29,3]",42.472640,"[1,254]",Cluster Routing Router Gateway,22
ROUTE,3251.623188,24,"[1,1]",63_6,"[23,1]","[29,3]",42.472640,"[1,3]",Down Tree,24
ROUTE,3251.623301,26,"[1,3]",63_6,"[23,1]","[29,3]",42.472640,"[2,1]",Cluster Routing Router Gateway 2,24
ROUTE,3251.623418,37,"[2,1]",63_6,"[23,1]","[29,3]",42.472640,"[2,5]",Down Tree,37
ROUTE,3251.623515,38,"[2,5]",63_6,"[23,1]","[29,3]",42.472640,"[10,1]",Cluster Routing Router Gateway 2,37
ROUTE,3251.623618,48,"[10,1]",63_6,"[23,1]","[29,3]",42.472640,"[10,3]",Down Tree,48
ROUTE,3251.623705,59,"[10,3]",63_6,"[23,1]","[29,3]",42.472640,"[17,1]",Cluster Routing Router Gateway 2,48
ROUTE,3251.623779,69,"[17,1]",63_6,"[23,1]","[29,3]",42.472640,"[17,3]",Down Tree,69
ROUTE,3251.623894,78,"[17,3]",63_6,"[23,1]","[29,3]",42.472640,"[24,3]",Cluster Routing Cluster,78
ROUTE,3251.623995,87,"[24,3]",63_6,"[23,1]","[29,3]",42.472640,"[29,3]",Cluster Routing Cluster,87
RECEIVE,3251.624085,86,"[29,3]",63_6,"[23,1]","[29,3]",42.472640,,,87
SEND,3252.019559,12,"[6,7]",12_6,"[6,7]","[4,2]",17.053641,,,
ROUTE,3252.019559,12,"[6,7]",12_6,"[6,7]","[4,2]",17.053641,"[6,254]",Up Tree,12
ROUTE,3252.019626,22,"[6,1]",12_6,"[6,7]","[4,2]",17.053641,"[1,4]",Up Tree,22
ROUTE,3252.019720,23,"[1,4]",12_6,"[6,7]","[4,2]",17.053641,"[1,254]",Cluster Routing Router Gateway,22
ROUTE,3252.019809,24,"[1,1]",12_6,"[6,7]","[4,2]",17.053641,"[1,3]",Down Tree,24
ROUTE,3252.019921,26,"[1,3]",12_6,"[6,7]","[4,2]",17.053641,"[2,1]",Cluster Routing Router Gateway 2,24
ROUTE,3252.020038,37,"[2,1]",12_6,"[6,7]","[4,2]",17.053641,"[2,2]",Cluster Routing Cluster,37
SEND,3252.381946,44,"[3,1]",44_20,"[3,1]","[3,10]",28.692107,,,
ROUTE,3252.381946,44,"[3,1]",44_20,"[3,1]","[3,10]",28.692107,"[3,10]",Cluster Routing Cluster,44
RECEIVE,3252.382013,34,"[3,10]",44_20,"[3,1]","[3,10]",28.692107,,,44
SEND,3254.716903,42,"[16,4]",42_6,"[16,4]","[31,2]",17.046324,,,
ROUTE,3254.716903,42,"[16,4]",42_6,"[16,4]","[31,2]",17.046324,"[16,254]",Up Tree,42
ROUTE,3254.716960,43,"[16,1]",42_6,"[16,4]","[31,2]",17.046324,"[6,5]",Up Tree,43
ROUTE,3254.717077,32,"[6,5]",42_6,"[16,4]","[31,2]",17.046324,"[6,254]",Cluster Routing Router Gateway,43
ROUTE,3254.717143,22,"[6,1]",42_6,"[16,4]","[31,2]",17.046324,"[1,4]",Up Tree,22
ROUTE,3254.717237,23,"[1,4]",42_6,"[16,4]","[31,2]",17.046324,"[1,254]",Cluster Routing Router Gateway,22
ROUTE,3254.717326,24,"[1,1]",42_6,"[16,4]","[31,2]",17.046324,"[1,3]",Down Tree,24
ROUTE,3254.717438,26,"[1,3]",42_6,"[16,4]","[31,2]",17.046324,"[2,1]",Cluster Routing Router Gateway 2,24
ROUTE,3254.717556,37,"[2,1]",42_6,"[16,4]","[31,2]",17.046324,"[2,5]",Down Tree,37
ROUTE,3254.717653,38,"[2,5]",42_6,"[16,4]","[31,2]",17.046324,"[10,1]",Cluster Routing Router Gateway 2,37
ROUTE,3254.717756,48,"[10,1]",42_6,"[16,4]","[31,2]",17.046324,"[10,3]",Down Tree,48
ROUTE,3254.717843,59,"[10,3]",42_6,"[16,4]","[31,2]",17.046324,"[17,1]",Cluster Routing Router Gateway 2,48
ROUTE,3254.717916,69,"[17,1]",42_6,"[16,4]","[31,2]",17.046324,"[17,3]",Down Tree,69
ROUTE,3254.718032,78,"[17,3]",42_6,"[16,4]","[31,2]",17.046324,"[24,5]",Down Tree,78
ROUTE,3254.718112,77,"[24,5]",42_6,"[16,4]","[31,2]",17.046324,"[31,1]",Cluster Routing Router Gateway 2,78
ROUTE,3254.718203,76,"[31,1]",42_6,"[16,4]","[31,2]",17.046324,"[31,2]",Cluster Routing Cluster,76
RECEIVE,3254.718308,85,"[31,2]",42_6,"[16,4]","[31,2]",17.046324,,,76
SEND,3261.351478,73,"[28,1]",73_6,"[28,1]","[5,3]",14.012506,,,
SEND,3265.362311,36,"[3,8]",36_9,"[3,8]","[12,1]",28.415635,,,
ROUTE,3265.362311,36,"[3,8]",36_9,"[3,8]","[12,1]",28.415635,"[3,254]",Up Tree,36
SEND,3271.534586,89,"[24,2]",89_6,"[24,2]","[16,2]",44.066039,,,
ROUTE,3271.534586,89,"[24,2]",89_6,"[24,2]","[16,2]",44.066039,"[24,254]",Up Tree,89
ROUTE,3271.534705,78,"[17,3]",89_6,"[24,2]","[16,2]",44.066039,"[17,254]",Up Tree,78
ROUTE,3271.534821,69,"[17,1]",89_6,"[24,2]","[16,2]",44.066039,"[10,3]",Up Tree,69
ROUTE,3271.534894,59,"[10,3]",89_6,"[24,2]","[16,2]",44.066039,"[10,254]",Cluster Routing Router Gateway,69
ROUTE,3271.534982,48,"[10,1]",89_6,"[24,2]","[16,2]",44.066039,"[2,5]",Up Tree,48
ROUTE,3271.535084,38,"[2,5]",89_6,"[24,2]","[16,2]",44.066039,"[2,254]",Cluster Routing Router Gateway,48
ROUTE,3271.535182,37,"[2,1]",89_6,"[24,2]","[16,2]",44.066039,"[1,3]",Up Tree,37
ROUTE,3271.535299,26,"[1,3]",89_6,"[24,2]","[16,2]",44.066039,"[1,254]",Cluster Routing Router Gateway,37
ROUTE,3271.535411,24,"[1,1]",89_6,"[24,2]","[16,2]",44.066039,"[1,4]",Down Tree,24
ROUTE,3271.535500,23,"[1,4]",89_6,"[24,2]","[16,2]",44.066039,"[6,1]",Cluster Routing Router Gateway 2,24
ROUTE,3271.535594,22,"[6,1]",89_6,"[24,2]","[16,2]",44.066039,"[6,5]",Down Tree,22
ROUTE,3271.535661,32,"[6,5]",89_6,"[24,2]","[16,2]",44.066039,"[16,254]",Cluster Routing Cluster,32
ROUTE,3271.535777,43,"[16,1]",89_6,"[24,2]","[16,2]",44.066039,"[16,2]",Cluster Routing Cluster,43
RECEIVE,3271.535875,53,"[16,2]",89_6,"[24,2]","[16,2]",44.066039,,,43
SEND,3275.141208,68,"[17,2]",68_6,"[17,2]","[15,1]",20.218278,,,
ROUTE,3275.141208,68,"[17,2]",68_6,"[17,2]","[15,1]",20.218278,"[17,254]",Up Tree,68
ROUTE,3275.141317,69,"[17,1]",68_6,"[17,2]","[15,1]",20.218278,"[10,3]",Up Tree,69
ROUTE,3275.141390,59,"[10,3]",68_6,"[17,2]","[15,1]",20.218278,"[10,254]",Cluster Routing Router Gateway,69
ROUTE,3275.141477,48,"[10,1]",68_6,"[17,2]","[15,1]",20.218278,"[2,5]",Up Tree,48
ROUTE,3275.141580,38,"[2,5]",68_6,"[17,2]","[15,1]",20.218278,"[2,254]",Cluster Routing Router Gateway,48
ROUTE,3275.141677,37,"[2,1]",68_6,"[17,2]","[15,1]",20.218278,"[2,4]",Down Tree,37
ROUTE,3275.141791,28,"[2,4]",68_6,"[17,2]","[15,1]",20.218278,"[5,2]",Cluster Routing Router Gateway 2,37
ROUTE,3275.141875,18,"[5,2]",68_6,"[17,2]","[15,1]",20.218278,"[5,5]",Cluster Routing Cluster,18
ROUTE,3275.141968,7,"[5,5]",68_6,"[17,2]","[15,1]",20.218278,"[15,1]",Cluster Routing Cluster,7
RECEIVE,3275.142046,6,"[15,1]",68_6,"[17,2]","[15,1]",20.218278,,,7
SEND,3285.699464,39,"[10,4]",39_6,"[10,4]","[12,1]",29.844489,,,
ROUTE,3285.699464,39,"[10,4]",39_6,"[10,4]","[12,1]",29.844489,"[10,254]",Up Tree,39
ROUTE,3285.699558,48,"[10,1]",39_6,"[10,4]","[12,1]",29.844489,"[2,5]",Up Tree,48
ROUTE,3285.699661,38,"[2,5]",39_6,"[10,4]","[12,1]",29.844489,"[2,254]",Cluster Routing Router Gateway,48
ROUTE,3285.699758,37,"[2,1]",39_6,"[10,4]","[12,1]",29.844489,"[1,3]",Up Tree,37
ROUTE,3285.699875,26,"[1,3]",39_6,"[10,4]","[12,1]",29.844489,"[1,254]",Cluster Routing Router Gateway,37
ROUTE,3285.699988,24,"[1,1]",39_6,"[10,4]","[12,1]",29.844489,"[1,4]",Down Tree,24
ROUTE,3285.700076,23,"[1,4]",39_6,"[10,4]","[12,1]",29.844489,"[6,7]",Cluster Routing Cluster,23
SEND,3294.720814,57,"[4,2]",57_18,"[4,2]","[33,1]",26.159684,,,
SEND,3305.126905,95,"[29,3]",95_7,"[29,3]","[34,2]",13.136860,,,
ROUTE,3305.126905,95,"[29,3]",95_7,"[29,3]","[34,2]",13.136860,"[34,2]",Cluster Routing Cluster,95
RECEIVE,3305.127029,93,"[34,2]",95_7,"[29,3]","[34,2]",13.136860,,,95
SEND,3307.125304,74,"[22,5]",74_18,"[22,5]","[4,2]",15.583916,,,
ROUTE,3307.125304,74,"[22,5]",74_18,"[22,5]","[4,2]",15.583916,"[31,3]",Cluster Routing Cluster,74
SEND,3309.110576,25,"[3,9]",25_7,"[3,9]","[2,2]",25.616331,,,
ROUTE,3309.110576,25,"[3,9]",25_7,"[3,9]","[2,2]",25.616331,"[3,254]",Cluster Routing Cluster,25
RECEIVE,3309.110674,35,"[2,2]",25_7,"[3,9]","[2,2]",25.616331,,,25
SEND,3331.294356,33,"[6,6]",33_7,"[6,6]","[29,3]",16.826321,,,
ROUTE,3331.294356,33,"[6,6]",33_7,"[6,6]","[29,3]",16.826321,"[6,254]",Up Tree,33
ROUTE,3331.294472,22,"[6,1]",33_7,"[6,6]","[29,3]",16.826321,"[1,4]",Up Tree,22
ROUTE,3331.294566,23,"[1,4]",33_7,"[6,6]","[29,3]",16.826321,"[1,254]",Cluster Routing Router Gateway,22
ROUTE,3331.294655,24,"[1,1]",33_7,"[6,6]","[29,3]",16.826321,"[1,3]",Down Tree,24
ROUTE,3331.294767,26,"[1,3]",33_7,"[6,6]","[29,3]",16.826321,"[2,1]",Cluster Routing Router Gateway 2,24
ROUTE,3331.294885,37,"[2,1]",33_7,"[6,6]","[29,3]",16.826321,"[2,5]",Down Tree,37
ROUTE,3331.294982,38,"[2,5]",33_7,"[6,6]","[29,3]",16.826321,"[10,1]",Cluster Routing Router Gateway 2,37
ROUTE,3331.295085,48,"[10,1]",33_7,"[6,6]","[29,3]",16.826321,"[10,3]",Down Tree,48
ROUTE,3331.295172,59,"[10,3]",33_7,"[6,6]","[29,3]",16.826321,"[17,1]",Cluster Routing Router Gateway 2,48
ROUTE,3331.295245,69,"[17,1]",33_7,"[6,6]","[29,3]",16.826321,"[17,3]",Down Tree,69
ROUTE,3331.295361,78,"[17,3]",33_7,"[6,6]","[29,3]",16.826321,"[24,3]",Cluster Routing Cluster,78
ROUTE,3331.295462,87,"[24,3]",33_7,"[6,6]","[29,3]",16.826321,"[29,3]",Cluster Routing Cluster,87
RECEIVE,3331.295551,86,"[29,3]",33_7,"[6,6]","[29,3]",16.826321,,,87
SEND,3333.237877,98,"[25,1]",98_6,"[25,1]","[5,3]",37.729276,,,
ROUTE,3333.237877,98,"[25,1]",98_6,"[25,1]","[5,3]",37.729276,"[25,254]",Up Tree,98
ROUTE,3333.237994,79,"[17,4]",98_6,"[25,1]","[5,3]",37.729276,"[17,254]",Up Tree,79
ROUTE,3333.238113,69,"[17,1]",98_6,"[25,1]","[5,3]",37.729276,"[10,3]",Up Tree,69
ROUTE,3333.238186,59,"[10,3]",98_6,"[25,1]","[5,3]",37.729276,"[10,254]",Cluster Routing Router Gateway,69
ROUTE,3333.238274,48,"[10,1]",98_6,"[25,1]","[5,3]",37.729276,"[2,5]",Up Tree,48
ROUTE,3333.238376,38,"[2,5]",98_6,"[25,1]","[5,3]",37.729276,"[2,6]",Cluster Routing Cluster,38
SEND,3333.432992,66,"[4,2]",66_33,"[4,2]","[29,3]",43.145504,,,
ROUTE,3333.432992,66,"[4,2]",66_33,"[4,2]","[29,3]",43.145504,"[31,3]",Cluster Routing Cluster,66
SEND,3335.776469,86,"[29,3]",86_6,"[29,3]","[24,4]",30.960327,,,
ROUTE,3335.776469,86,"[29,3]",86_6,"[29,3]","[24,4]",30.960327,"[24,5]",Cluster Routing Cluster,86
ROUTE,3335.776541,77,"[24,5]",86_6,"[29,3]","[24,4]",30.960327,"[24,4]",Cluster Routing Cluster,77
RECEIVE,3335.776641,67,"[24,4]",86_6,"[29,3]","[24,4]",30.960327,,,77
SEND,3339.203296,34,"[3,10]",34_6,"[3,10]","[15,1]",10.062489,,,
ROUTE,3339.203296,34,"[3,10]",34_6,"[3,10]","[15,1]",10.062489,"[3,254]",Up Tree,34
SEND,3343.954966,10,"[18,2]",10_13,"[18,2]","[23,1]",33.915336,,,
SEND,3345.182180,53,"[16,2]",53_6,"[16,2]","[15,1]",17.385661,,,
ROUTE,3345.182180,53,"[16,2]",53_6,"[16,2]","[15,1]",17.385661,"[16,254]",Up Tree,53
ROUTE,3345.182277,43,"[16,1]",53_6,"[16,2]","[15,1]",17.385661,"[6,5]",Up Tree,43
ROUTE,3345.182394,32,"[6,5]",53_6,"[16,2]","[15,1]",17.385661,"[6,254]",Cluster Routing Router Gateway,43
ROUTE,3345.182461,22,"[6,1]",53_6,"[16,2]","[15,1]",17.385661,"[1,4]",Up Tree,22
ROUTE,3345.182555,23,"[1,4]",53_6,"[16,2]","[15,1]",17.385661,"[1,254]",Cluster Routing Router Gateway,22
ROUTE,3345.182643,24,"[1,1]",53_6,"[16,2]","[15,1]",17.385661,"[1,3]",Down Tree,24
ROUTE,3345.182756,26,"[1,3]",53_6,"[16,2]","[15,1]",17.385661,"[15,254]",Cluster Routing Cluster,26
ROUTE,3345.182820,16,"[15,2]",53_6,"[16,2]","[15,1]",17.385661,"[15,1]",Cluster Routing Cluster,16
RECEIVE,3345.182914,6,"[15,1]",53_6,"[16,2]","[15,1]",17.385661,,,16
SEND,3356.829294,46,"[2,2]",46_12,"[2,2]","[11,1]",33.091643,,,
ROUTE,3356.829294,46,"[2,2]",46_12,"[2,2]","[11,1]",33.091643,"[2,254]",Up Tree,46
ROUTE,3356.829361,37,"[2,1]",46_12,"[2,2]","[11,1]",33.091643,"[1,3]",Up Tree,37
ROUTE,3356.829479,26,"[1,3]",46_12,"[2,2]","[11,1]",33.091643,"[1,254]",Cluster Routing Router Gateway,37
ROUTE,3356.829591,24,"[1,1]",46_12,"[2,2]","[11,1]",33.091643,"[1,4]",Down Tree,24
ROUTE,3356.829680,23,"[1,4]",46_12,"[2,2]","[11,1]",33.091643,"[6,1]",Cluster Routing Router Gateway 2,24
ROUTE,3356.829774,22,"[6,1]",46_12,"[2,2]","[11,1]",33.091643,"[6,2]",Cluster Routing Cluster,22
ROUTE,3356.829850,21,"[6,2]",46_12,"[2,2]","[11,1]",33.091643,"[11,1]",Cluster Routing Cluster,21
RECEIVE,3356.829911,20,"[11,1]",46_12,"[2,2]","[11,1]",33.091643,,,21
SEND,3370.817785,6,"[15,1]",6_8,"[15,1]","[6,7]",27.308979,,,
SEND,3372.743541,1,"[12,3]",1_7,"[12,3]","[5,1]",11.838216,,,
ROUTE,3372.743541,1,"[12,3]",1_7,"[12,3]","[5,1]",11.838216,"[12,254]",Up Tree,1
ROUTE,3372.743636,2,"[12,2]",1_7,"[12,3]","[5,1]",11.838216,"[6,3]",Up Tree,2
ROUTE,3372.743716,13,"[6,3]",1_7,"[12,3]","[5,1]",11.838216,"[6,254]",Cluster Routing Router Gateway,2
ROUTE,3372.743816,22,"[6,1]",1_7,"[12,3]","[5,1]",11.838216,"[1,4]",Up Tree,22
ROUTE,3372.743911,23,"[1,4]",1_7,"[12,3]","[5,1]",11.838216,"[1,254]",Cluster Routing Router Gateway,22
ROUTE,3372.743999,24,"[1,1]",1_7,"[12,3]","[5,1]",11.838216,"[1,3]",Down Tree,24
ROUTE,3372.744112,26,"[1,3]",1_7,"[12,3]","[5,1]",11.838216,"[5,3]",Cluster Routing Cluster,26
SEND,3375.140796,51,"[14,3]",51_8,"[14,3]","[28,1]",32.257524,,,
ROUTE,3375.140796,51,"[14,3]",51_8,"[14,3]","[28,1]",32.257524,"[14,254]",Up Tree,51
ROUTE,3375.140877,40,"[14,2]",51_8,"[14,3]","[28,1]",32.257524,"[6,4]",Up Tree,40
ROUTE,3375.140969,31,"[6,4]",51_8,"[14,3]","[28,1]",32.257524,"[6,254]",Cluster Routing Router Gateway,40
ROUTE,3375.141068,22,"[6,1]",51_8,"[14,3]","[28,1]",32.257524,"[6,5]",Down Tree,22
ROUTE,3375.141134,32,"[6,5]",51_8,"[14,3]","[28,1]",32.257524,"[16,1]",Cluster Routing Router Gateway 2,22
ROUTE,3375.141251,43,"[16,1]",51_8,"[14,3]","[28,1]",32.257524,"[16,3]",Down Tree,43
ROUTE,3375.141360,52,"[16,3]",51_8,"[14,3]","[28,1]",32.257524,"[23,2]",Cluster Routing Cluster,52
ROUTE,3375.141446,62,"[23,2]",51_8,"[14,3]","[28,1]",32.257524,"[28,1]",Cluster Routing Cluster,62
RECEIVE,3375.141521,73,"[28,1]",51_8,"[14,3]","[28,1]",32.257524,,,62
SEND,3395.171021,15,"[19,2]",15_6,"[19,2]","[31,2]",37.133557,,,
SEND,3398.150709,10,"[18,2]",10_14,"[18,2]","[16,2]",40.925270,,,
SEND,3404.347448,3,"[12,1]",3_7,"[12,1]","[34,1]",24.700338,,,
SEND,3408.602301,75,"[31,3]",75_14,"[31,3]","[6,6]",13.999732,,,
ROUTE,3408.602301,75,"[31,3]",75_14,"[31,3]","[6,6]",13.999732,"[31,254]",Up Tree,75
ROUTE,3408.602346,76,"[31,1]",75_14,"[31,3]","[6,6]",13.999732,"[24,5]",Up Tree,76
ROUTE,3408.602436,77,"[24,5]",75_14,"[31,3]","[6,6]",13.999732,"[24,254]",Cluster Routing Router Gateway,76
ROUTE,3408.602516,78,"[17,3]",75_14,"[31,3]","[6,6]",13.999732,"[17,254]",Up Tree,78
ROUTE,3408.602632,69,"[17,1]",75_14,"[31,3]","[6,6]",13.999732,"[10,3]",Up Tree,69
ROUTE,3408.602706,59,"[10,3]",75_14,"[31,3]","[6,6]",13.999732,"[10,254]",Cluster Routing Router Gateway,69
ROUTE,3408.602793,48,"[10,1]",75_14,"[31,3]","[6,6]",13.999732,"[2,5]",Up Tree,48
ROUTE,3408.602896,38,"[2,5]",75_14,"[31,3]","[6,6]",13.999732,"[2,254]",Cluster Routing Router Gateway,48
ROUTE,3408.602993,37,"[2,1]",75_14,"[31,3]","[6,6]",13.999732,"[1,3]",Up Tree,37
ROUTE,3408.603110,26,"[1,3]",75_14,"[31,3]","[6,6]",13.999732,"[3,10]",Cluster Routing Cluster,26
SEND,3423.137484,27,"[2,6]",27_6,"[2,6]","[11,1]",46.053442,,,
ROUTE,3423.137484,27,"[2,6]",27_6,"[2,6]","[11,1]",46.053442,"[2,254]",Up Tree,27
ROUTE,3423.137556,37,"[2,1]",27_6,"[2,6]","[11,1]",46.053442,"[1,3]",Up Tree,37
ROUTE,3423.137673,26,"[1,3]",27_6,"[2,6]","[11,1]",46.053442,"[1,254]",Cluster Routing Router Gateway,37
ROUTE,3423.137785,24,"[1,1]",27_6,"[2,6]","[11,1]",46.053442,"[1,4]",Down Tree,24
ROUTE,3423.137874,23,"[1,4]",27_6,"[2,6]","[11,1]",46.053442,"[6,1]",Cluster Routing Router Gateway 2,24
ROUTE,3423.137968,22,"[6,1]",27_6,"[2,6]","[11,1]",46.053442,"[6,2]",Cluster Routing Cluster,22
ROUTE,3423.138044,21,"[6,2]",27_6,"[2,6]","[11,1]",46.053442,"[11,1]",Cluster Routing Cluster,21
RECEIVE,3423.138105,20,"[11,1]",27_6,"[2,6]","[11,1]",46.053442,,,21
SEND,3431.537174,41,"[14,1]",41_9,"[14,1]","[17,2]",46.995004,,,
SEND,3436.587835,49,"[10,2]",49_7,"[10,2]","[18,2]",31.895887,,,
ROUTE,3436.587835,49,"[10,2]",49_7,"[10,2]","[18,2]",31.895887,"[10,254]",Up Tree,49
ROUTE,3436.587892,48,"[10,1]",49_7,"[10,2]","[18,2]",31.895887,"[2,5]",Up Tree,48
ROUTE,3436.587995,38,"[2,5]",49_7,"[10,2]","[18,2]",31.895887,"[2,254]",Cluster Routing Router Gateway,48
ROUTE,3436.588092,37,"[2,1]",49_7,"[10,2]","[18,2]",31.895887,"[1,3]",Up Tree,37
ROUTE,3436.588209,26,"[1,3]",49_7,"[10,2]","[18,2]",31.895887,"[1,254]",Cluster Routing Router Gateway,37
ROUTE,3436.588322,24,"[1,1]",49_7,"[10,2]","[18,2]",31.895887,"[1,4]",Down Tree,24
ROUTE,3436.588410,23,"[1,4]",49_7,"[10,2]","[18,2]",31.895887,"[6,1]",Cluster Routing Router Gateway 2,24
ROUTE,3436.588504,22,"[6,1]",49_7,"[10,2]","[18,2]",31.895887,"[6,2]",Cluster Routing Cluster,22
ROUTE,3436.588580,21,"[6,2]",49_7,"[10,2]","[18,2]",31.895887,"[18,2]",Cluster Routing Cluster,21
RECEIVE,3436.588668,10,"[18,2]",49_7,"[10,2]","[18,2]",31.895887,,,21
SEND,3441.122517,92,"[34,1]",92_6,"[34,1]","[3,8]",41.125509,,,
ROUTE,3441.122517,92,"[34,1]",92_6,"[34,1]","[3,8]",41.125509,"[34,254]",Up Tree,92
ROUTE,3441.122603,82,"[27,2]",92_6,"[34,1]","[3,8]",41.125509,"[27,254]",Up Tree,82
ROUTE,3441.122701,71,"[27,1]",92_6,"[34,1]","[3,8]",41.125509,"[21,2]",Up Tree,71
ROUTE,3441.122803,61,"[21,2]",92_6,"[34,1]","[3,8]",41.125509,"[21,254]",Cluster Routing Router Gateway,71
ROUTE,3441.122914,50,"[14,4]",92_6,"[34,1]","[3,8]",41.125509,"[14,254]",Up Tree,50
ROUTE,3441.123012,40,"[14,2]",92_6,"[34,1]","[3,8]",41.125509,"[6,4]",Up Tree,40
ROUTE,3441.123104,31,"[6,4]",92_6,"[34,1]","[3,8]",41.125509,"[6,254]",Cluster Routing Router Gateway,40
ROUTE,3441.123203,22,"[6,1]",92_6,"[34,1]","[3,8]",41.125509,"[1,4]",Up Tree,22
ROUTE,3441.123297,23,"[1,4]",92_6,"[34,1]","[3,8]",41.125509,"[3,10]",Cluster Routing Cluster,23
SEND,3441.427874,8,"[5,4]",8_7,"[5,4]","[31,3]",47.434412,,,
ROUTE,3441.427874,8,"[5,4]",8_7,"[5,4]","[31,3]",47.434412,"[5,254]",Up Tree,8
ROUTE,3441.427923,18,"[5,2]",8_7,"[5,4]","[31,3]",47.434412,"[2,4]",Up Tree,18
ROUTE,3441.428007,28,"[2,4]",8_7,"[5,4]","[31,3]",47.434412,"[2,254]",Cluster Routing Router Gateway,18
ROUTE,3441.428121,37,"[2,1]",8_7,"[5,4]","[31,3]",47.434412,"[2,5]",Down Tree,37
ROUTE,3441.428219,38,"[2,5]",8_7,"[5,4]","[31,3]",47.434412,"[10,1]",Cluster Routing Router Gateway 2,37
ROUTE,3441.428321,48,"[10,1]",8_7,"[5,4]","[31,3]",47.434412,"[10,3]",Down Tree,48
ROUTE,3441.428408,59,"[10,3]",8_7,"[5,4]","[31,3]",47.434412,"[17,1]",Cluster Routing Router Gateway 2,48
ROUTE,3441.428482,69,"[17,1]",8_7,"[5,4]","[31,3]",47.434412,"[17,3]",Down Tree,69
ROUTE,3441.428598,78,"[17,3]",8_7,"[5,4]","[31,3]",47.434412,"[24,5]",Down Tree,78
ROUTE,3441.428678,77,"[24,5]",8_7,"[5,4]","[31,3]",47.434412,"[29,3]",Cluster Routing Cluster,77
SEND,3446.964766,55,"[4,4]",55_6,"[4,4]","[34,2]",33.687261,,,
ROUTE,3446.964766,55,"[4,4]",55_6,"[4,4]","[34,2]",33.687261,"[4,254]",Up Tree,55
ROUTE,3446.964846,56,"[4,3]",55_6,"[4,4]","[34,2]",33.687261,"[2,3]",Up Tree,56
ROUTE,3446.964937,47,"[2,3]",55_6,"[4,4]","[34,2]",33.687261,"[2,254]",Cluster Routing Router Gateway,56
ROUTE,3446.965029,37,"[2,1]",55_6,"[4,4]","[34,2]",33.687261,"[1,3]",Up Tree,37
ROUTE,3446.965146,26,"[1,3]",55_6,"[4,4]","[34,2]",33.687261,"[1,254]",Cluster Routing Router Gateway,37
ROUTE,3446.965258,24,"[1,1]",55_6,"[4,4]","[34,2]",33.687261,"[1,4]",Down Tree,24
ROUTE,3446.965347,23,"[1,4]",55_6,"[4,4]","[34,2]",33.687261,"[6,1]",Cluster Routing Router Gateway 2,24
ROUTE,3446.965441,22,"[6,1]",55_6,"[4,4]","[34,2]",33.687261,"[6,4]",Down Tree,22
ROUTE,3446.965540,31,"[6,4]",55_6,"[4,4]","[34,2]",33.687261,"[14,2]",Cluster Routing Router Gateway 2,22
ROUTE,3446.965632,40,"[14,2]",55_6,"[4,4]","[34,2]",33.687261,"[14,4]",Down Tree,40
ROUTE,3446.965730,50,"[14,4]",55_6,"[4,4]","[34,2]",33.687261,"[21,2]",Down Tree,50
ROUTE,3446.965842,61,"[21,2]",55_6,"[4,4]","[34,2]",33.687261,"[27,1]",Cluster Routing Router Gateway 2,50
ROUTE,3446.965944,71,"[27,1]",55_6,"[4,4]","[34,2]",33.687261,"[34,254]",Cluster Routing Cluster,71
ROUTE,3446.966042,82,"[27,2]",55_6,"[4,4]","[34,2]",33.687261,"[34,2]",Cluster Routing Cluster,82
RECEIVE,3446.966158,93,"[34,2]",55_6,"[4,4]","[34,2]",33.687261,,,82
SEND,3452.715669,93,"[34,2]",93_5,"[34,2]","[25,1]",24.032669,,,
ROUTE,3452.715669,93,"[34,2]",93_5,"[34,2]","[25,1]",24.032669,"[34,254]",Up Tree,93
ROUTE,3452.715785,82,"[27,2]",93_5,"[34,2]","[25,1]",24.032669,"[27,254]",Up Tree,82
ROUTE,3452.715883,71,"[27,1]",93_5,"[34,2]","[25,1]",24.032669,"[21,2]",Up Tree,71
ROUTE,3452.715985,61,"[21,2]",93_5,"[34,2]","[25,1]",24.032669,"[21,254]",Cluster Routing Router Gateway,71
ROUTE,3452.716097,50,"[14,4]",93_5,"[34,2]","[25,1]",24.032669,"[14,254]",Up Tree,50
ROUTE,3452.716195,40,"[14,2]",93_5,"[34,2]","[25,1]",24.032669,"[6,4]",Up Tree,40
ROUTE,3452.716287,31,"[6,4]",93_5,"[34,2]","[25,1]",24.032669,"[6,254]",Cluster Routing Router Gateway,40
ROUTE,3452.716386,22,"[6,1]",93_5,"[34,2]","[25,1]",24.032669,"[1,4]",Up Tree,22
ROUTE,3452.716480,23,"[1,4]",93_5,"[34,2]","[25,1]",24.032669,"[1,254]",Cluster Routing Router Gateway,22
ROUTE,3452.716569,24,"[1,1]",93_5,"[34,2]","[25,1]",24.032669,"[1,3]",Down Tree,24
ROUTE,3452.716681,26,"[1,3]",93_5,"[34,2]","[25,1]",24.032669,"[2,1]",Cluster Routing Router Gateway 2,24
ROUTE,3452.716798,37,"[2,1]",93_5,"[34,2]","[25,1]",24.032669,"[2,5]",Down Tree,37
ROUTE,3452.716896,38,"[2,5]",93_5,"[34,2]","[25,1]",24.032669,"[10,1]",Cluster Routing Router Gateway 2,37
ROUTE,3452.716998,48,"[10,1]",93_5,"[34,2]","[25,1]",24.032669,"[10,3]",Down Tree,48
ROUTE,3452.717086,59,"[10,3]",93_5,"[34,2]","[25,1]",24.032669,"[17,1]",Cluster Routing Router Gateway 2,48
ROUTE,3452.717159,69,"[17,1]",93_5,"[34,2]","[25,1]",24.032669,"[25,254]",Cluster Routing Cluster,69
ROUTE,3452.717278,79,"[17,4]",93_5,"[34,2]","[25,1]",24.032669,"[25,1]",Cluster Routing Cluster,79
RECEIVE,3452.717395,98,"[25,1]",93_5,"[34,2]","[25,1]",24.032669,,,79
SEND,3460.135294,67,"[24,4]",67_7,"[24,4]","[25,1]",47.414094,,,
ROUTE,3460.135294,67,"[24,4]",67_7,"[24,4]","[25,1]",47.414094,"[24,254]",Up Tree,67
ROUTE,3460.135393,78,"[17,3]",67_7,"[24,4]","[25,1]",47.414094,"[24,3]",Cluster Routing Cluster,78
ROUTE,3460.135493,87,"[24,3]",67_7,"[24,4]","[25,1]",47.414094,"[25,1]",Cluster Routing Cluster,87
RECEIVE,3460.135585,98,"[25,1]",67_7,"[24,4]","[25,1]",47.414094,,,87
SEND,3486.236900,29,"[10,2]",29_7,"[10,2]","[32,1]",30.139366,,,
SEND,3492.614094,85,"[31,2]",85_7,"[31,2]","[16,2]",22.906578,,,
ROUTE,3492.614094,85,"[31,2]",85_7,"[31,2]","[16,2]",22.906578,"[31,254]",Up Tree,85
ROUTE,3492.614199,76,"[31,1]",85_7,"[31,2]","[16,2]",22.906578,"[24,5]",Up Tree,76
ROUTE,3492.614290,77,"[24,5]",85_7,"[31,2]","[16,2]",22.906578,"[24,254]",Cluster Routing Router Gateway,76
ROUTE,3492.614370,78,"[17,3]",85_7,"[31,2]","[16,2]",22.906578,"[17,254]",Up Tree,78
ROUTE,3492.614486,69,"[17,1]",85_7,"[31,2]","[16,2]",22.906578,"[10,3]",Up Tree,69
ROUTE,3492.614559,59,"[10,3]",85_7,"[31,2]","[16,2]",22.906578,"[10,254]",Cluster Routing Router Gateway,69
ROUTE,3492.614646,48,"[10,1]",85_7,"[31,2]","[16,2]",22.906578,"[2,5]",Up Tree,48
ROUTE,3492.614749,38,"[2,5]",85_7,"[31,2]","[16,2]",22.906578,"[2,254]",Cluster Routing Router Gateway,48
ROUTE,3492.614846,37,"[2,1]",85_7,"[31,2]","[16,2]",22.906578,"[1,3]",Up Tree,37
ROUTE,3492.614964,26,"[1,3]",85_7,"[31,2]","[16,2]",22.906578,"[1,254]",Cluster Routing Router Gateway,37
ROUTE,3492.615076,24,"[1,1]",85_7,"[31,2]","[16,2]",22.906578,"[1,4]",Down Tree,24
ROUTE,3492.615165,23,"[1,4]",85_7,"[31,2]","[16,2]",22.906578,"[6,1]",Cluster Routing Router Gateway 2,24
ROUTE,3492.615259,22,"[6,1]",85_7,"[31,2]","[16,2]",22.906578,"[6,5]",Down Tree,22
ROUTE,3492.615325,32,"[6,5]",85_7,"[31,2]","[16,2]",22.906578,"[16,254]",Cluster Routing Cluster,32
ROUTE,3492.615442,43,"[16,1]",85_7,"[31,2]","[16,2]",22.906578,"[16,2]",Cluster Routing Cluster,43
RECEIVE,3492.615540,53,"[16,2]",85_7,"[31,2]","[16,2]",22.906578,,,43
SEND,3496.299395,20,"[11,1]",20_9,"[11,1]","[10,4]",45.806033,,,
SEND,3511.208976,45,"[3,2]",45_13,"[3,2]","[15,1]",13.881782,,,
ROUTE,3511.208976,45,"[3,2]",45_13,"[3,2]","[15,1]",13.881782,"[3,254]",Up Tree,45
SEND,3517.623852,90,"[32,1]",90_7,"[32,1]","[14,1]",14.462301,,,
ROUTE,3517.623852,90,"[32,1]",90_7,"[32,1]","[14,1]",14.462301,"[32,254]",Up Tree,90
ROUTE,3517.623949,80,"[26,2]",90_7,"[32,1]","[14,1]",14.462301,"[26,254]",Up Tree,80
ROUTE,3517.624018,70,"[26,1]",90_7,"[32,1]","[14,1]",14.462301,"[21,1]",Up Tree,70
ROUTE,3517.624086,60,"[21,1]",90_7,"[32,1]","[14,1]",14.462301,"[21,254]",Cluster Routing Router Gateway,70
ROUTE,3517.624147,50,"[14,4]",90_7,"[32,1]","[14,1]",14.462301,"[14,254]",Cluster Routing Cluster,50
ROUTE,3517.624245,40,"[14,2]",90_7,"[32,1]","[14,1]",14.462301,"[14,1]",Cluster Routing Cluster,40
RECEIVE,3517.624325,41,"[14,1]",90_7,"[32,1]","[14,1]",14.462301,,,40
SEND,3537.758004,17,"[5,3]",17_10,"[5,3]","[16,4]",46.812398,,,
SEND,3538.977815,58,"[10,5]",58_8,"[10,5]","[11,1]",38.408831,,,
ROUTE,3538.977815,58,"[10,5]",58_8,"[10,5]","[11,1]",38.408831,"[10,254]",Up Tree,58
ROUTE,3538.977874,48,"[10,1]",58_8,"[10,5]","[11,1]",38.408831,"[2,5]",Up Tree,48
ROUTE,3538.977977,38,"[2,5]",58_8,"[10,5]","[11,1]",38.408831,"[2,254]",Cluster Routing Router Gateway,48
ROUTE,3538.978074,37,"[2,1]",58_8,"[10,5]","[11,1]",38.408831,"[1,3]",Up Tree,37
ROUTE,3538.978192,26,"[1,3]",58_8,"[10,5]","[11,1]",38.408831,"[1,254]",Cluster Routing Router Gateway,37
ROUTE,3538.978304,24,"[1,1]",58_8,"[10,5]","[11,1]",38.408831,"[1,4]",Down Tree,24
ROUTE,3538.978393,23,"[1,4]",58_8,"[10,5]","[11,1]",38.408831,"[6,1]",Cluster Routing Router Gateway 2,24
ROUTE,3538.978487,22,"[6,1]",58_8,"[10,5]","[11,1]",38.408831,"[6,2]",Cluster Routing Cluster,22
ROUTE,3538.978563,21,"[6,2]",58_8,"[10,5]","[11,1]",38.408831,"[11,1]",Cluster Routing Cluster,21
RECEIVE,3538.978624,20,"[11,1]",58_8,"[10,5]","[11,1]",38.408831,,,21
SEND,3552.787912,36,"[3,8]",36_10,"[3,8]","[5,3]",30.795640,,,
ROUTE,3552.787912,36,"[3,8]",36_10,"[3,8]","[5,3]",30.795640,"[15,254]",Cluster Routing Cluster,36
ROUTE,3552.788024,16,"[15,2]",36_10,"[3,8]","[5,3]",30.795640,"[5,3]",Cluster Routing Cluster,16
RECEIVE,3552.788091,17,"[5,3]",36_10,"[3,8]","[5,3]",30.795640,,,16
SEND,3555.525020,63,"[23,1]",63_7,"[23,1]","[12,1]",30.498668,,,
ROUTE,3555.525020,63,"[23,1]",63_7,"[23,1]","[12,1]",30.498668,"[23,254]",Up Tree,63
ROUTE,3555.525116,52,"[16,3]",63_7,"[23,1]","[12,1]",30.498668,"[16,254]",Up Tree,52
ROUTE,3555.525225,43,"[16,1]",63_7,"[23,1]","[12,1]",30.498668,"[6,5]",Up Tree,43
ROUTE,3555.525342,32,"[6,5]",63_7,"[23,1]","[12,1]",30.498668,"[6,254]",Cluster Routing Router Gateway,43
ROUTE,3555.525408,22,"[6,1]",63_7,"[23,1]","[12,1]",30.498668,"[6,7]",Cluster Routing Cluster,22
SEND,3562.708440,19,"[5,1]",19_6,"[5,1]","[29,1]",29.227802,,,
SEND,3575.588139,64,"[22,4]",64_6,"[22,4]","[3,1]",29.768496,,,
ROUTE,3575.588139,64,"[22,4]",64_6,"[22,4]","[3,1]",29.768496,"[4,4]",Cluster Routing Cluster,64
SEND,3586.703549,33,"[6,6]",33_8,"[6,6]","[22,4]",22.744938,,,
ROUTE,3586.703549,33,"[6,6]",33_8,"[6,6]","[22,4]",22.744938,"[6,254]",Up Tree,33
ROUTE,3586.703666,22,"[6,1]",33_8,"[6,6]","[22,4]",22.744938,"[1,4]",Up Tree,22
ROUTE,3586.703760,23,"[1,4]",33_8,"[6,6]","[22,4]",22.744938,"[1,254]",Cluster Routing Router Gateway,22
ROUTE,3586.703849,24,"[1,1]",33_8,"[6,6]","[22,4]",22.744938,"[1,3]",Down Tree,24
ROUTE,3586.703961,26,"[1,3]",33_8,"[6,6]","[22,4]",22.744938,"[2,1]",Cluster Routing Router Gateway 2,24
ROUTE,3586.704078,37,"[2,1]",33_8,"[6,6]","[22,4]",22.744938,"[2,3]",Down Tree,37
ROUTE,3586.704170,47,"[2,3]",33_8,"[6,6]","[22,4]",22.744938,"[4,3]",Cluster Routing Router Gateway 2,37
ROUTE,3586.704261,56,"[4,3]",33_8,"[6,6]","[22,4]",22.744938,"[4,4]",Cluster Routing Cluster,56
SEND,3592.869964,44,"[3,1]",44_21,"[3,1]","[34,2]",15.354234,,,
ROUTE,3592.869964,44,"[3,1]",44_21,"[3,1]","[34,2]",15.354234,"[3,254]",Up Tree,44
SEND,3609.419605,25,"[3,9]",25_8,"[3,9]","[29,3]",39.672691,,,
ROUTE,3609.419605,25,"[3,9]",25_8,"[3,9]","[29,3]",39.672691,"[3,254]",Up Tree,25
SEND,3615.425734,46,"[2,2]",46_13,"[2,2]","[22,4]",30.630471,,,
ROUTE,3615.425734,46,"[2,2]",46_13,"[2,2]","[22,4]",30.630471,"[2,254]",Up Tree,46
ROUTE,3615.425801,37,"[2,1]",46_13,"[2,2]","[22,4]",30.630471,"[2,3]",Down Tree,37
ROUTE,3615.425893,47,"[2,3]",46_13,"[2,2]","[22,4]",30.630471,"[4,3]",Cluster Routing Router Gateway 2,37
ROUTE,3615.425984,56,"[4,3]",46_13,"[2,2]","[22,4]",30.630471,"[4,4]",Cluster Routing Cluster,56
SEND,3616.124450,89,"[24,2]",89_7,"[24,2]","[32,1]",22.146815,,,
ROUTE,3616.124450,89,"[24,2]",89_7,"[24,2]","[32,1]",22.146815,"[24,254]",Up Tree,89
ROUTE,3616.124569,78,"[17,3]",89_7,"[24,2]","[32,1]",22.146815,"[17,254]",Up Tree,78
ROUTE,3616.124685,69,"[17,1]",89_7,"[24,2]","[32,1]",22.146815,"[10,3]",Up Tree,69
ROUTE,3616.124758,59,"[10,3]",89_7,"[24,2]","[32,1]",22.146815,"[10,254]",Cluster Routing Router Gateway,69
ROUTE,3616.124846,48,"[10,1]",89_7,"[24,2]","[32,1]",22.146815,"[2,5]",Up Tree,48
ROUTE,3616.124948,38,"[2,5]",89_7,"[24,2]","[32,1]",22.146815,"[2,254]",Cluster Routing Router Gateway,48
ROUTE,3616.125046,37,"[2,1]",89_7,"[24,2]","[32,1]",22.146815,"[1,3]",Up Tree,37
ROUTE,3616.125163,26,"[1,3]",89_7,"[24,2]","[32,1]",22.146815,"[1,254]",Cluster Routing Router Gateway,37
ROUTE,3616.125275,24,"[1,1]",89_7,"[24,2]","[32,1]",22.146815,"[1,4]",Down Tree,24
ROUTE,3616.125364,23,"[1,4]",89_7,"[24,2]","[32,1]",22.146815,"[6,1]",Cluster Routing Router Gateway 2,24
ROUTE,3616.125458,22,"[6,1]",89_7,"[24,2]","[32,1]",22.146815,"[6,4]",Down Tree,22
ROUTE,3616.125557,31,"[6,4]",89_7,"[24,2]","[32,1]",22.146815,"[14,2]",Cluster Routing Router Gateway 2,22
ROUTE,3616.125649,40,"[14,2]",89_7,"[24,2]","[32,1]",22.146815,"[14,4]",Down Tree,40
ROUTE,3616.125747,50,"[14,4]",89_7,"[24,2]","[32,1]",22.146815,"[21,1]",Down Tree,50
ROUTE,3616.125808,60,"[21,1]",89_7,"[24,2]","[32,1]",22.146815,"[26,1]",Cluster Routing Router Gateway 2,50
ROUTE,3616.125876,70,"[26,1]",89_7,"[24,2]","[32,1]",22.146815,"[32,254]",Cluster Routing Cluster,70
ROUTE,3616.125945,80,"[26,2]",89_7,"[24,2]","[32,1]",22.146815,"[32,1]",Cluster Routing Cluster,80
RECEIVE,3616.126042,90,"[32,1]",89_7,"[24,2]","[32,1]",22.146815,,,80
SEND,3616.619786,66,"[4,2]",66_34,"[4,2]","[31,3]",36.882268,,,
ROUTE,3616.619786,66,"[4,2]",66_34,"[4,2]","[31,3]",36.882268,"[31,3]",Cluster Routing Cluster,66
RECEIVE,3616.619864,75,"[31,3]",66_34,"[4,2]","[31,3]",36.882268,,,66
SEND,3628.912852,12,"[6,7]",12_7,"[6,7]","[6,6]",17.161324,,,
ROUTE,3628.912852,12,"[6,7]",12_7,"[6,7]","[6,6]",17.161324,"[1,4]",Cluster Routing Cluster,12
ROUTE,3628.912963,23,"[1,4]",12_7,"[6,7]","[6,6]",17.161324,"[6,6]",Cluster Routing Cluster,23
RECEIVE,3628.913043,33,"[6,6]",12_7,"[6,7]","[6,6]",17.161324,,,23
SEND,3633.376963,75,"[31,3]",75_15,"[31,3]","[3,1]",15.936803,,,
ROUTE,3633.376963,75,"[31,3]",75_15,"[31,3]","[3,1]",15.936803,"[31,254]",Up Tree,75
ROUTE,3633.377007,76,"[31,1]",75_15,"[31,3]","[3,1]",15.936803,"[24,5]",Up Tree,76
ROUTE,3633.377098,77,"[24,5]",75_15,"[31,3]","[3,1]",15.936803,"[24,254]",Cluster Routing Router Gateway,76
ROUTE,3633.377178,78,"[17,3]",75_15,"[31,3]","[3,1]",15.936803,"[17,254]",Up Tree,78
ROUTE,3633.377294,69,"[17,1]",75_15,"[31,3]","[3,1]",15.936803,"[10,3]",Up Tree,69
ROUTE,3633.377367,59,"[10,3]",75_15,"[31,3]","[3,1]",15.936803,"[10,254]",Cluster Routing Router Gateway,69
ROUTE,3633.377455,48,"[10,1]",75_15,"[31,3]","[3,1]",15.936803,"[2,5]",Up Tree,48
ROUTE,3633.377557,38,"[2,5]",75_15,"[31,3]","[3,1]",15.936803,"[2,254]",Cluster Routing Router Gateway,48
ROUTE,3633.377655,37,"[2,1]",75_15,"[31,3]","[3,1]",15.936803,"[1,3]",Up Tree,37
ROUTE,3633.377772,26,"[1,3]",75_15,"[31,3]","[3,1]",15.936803,"[3,254]",Cluster Routing Cluster,26
ROUTE,3633.377882,35,"[2,2]",75_15,"[31,3]","[3,1]",15.936803,"[3,1]",Cluster Routing Cluster,35
RECEIVE,3633.377947,44,"[3,1]",75_15,"[31,3]","[3,1]",15.936803,,,35
SEND,3646.935569,97,"[29,1]",97_6,"[29,1]","[24,2]",47.422442,,,
ROUTE,3646.935569,97,"[29,1]",97_6,"[29,1]","[24,2]",47.422442,"[25,1]",Cluster Routing Cluster,97
SEND,3649.436808,98,"[25,1]",98_7,"[25,1]","[34,2]",27.321661,,,
ROUTE,3649.436808,98,"[25,1]",98_7,"[25,1]","[34,2]",27.321661,"[25,254]",Up Tree,98
ROUTE,3649.436925,79,"[17,4]",98_7,"[25,1]","[34,2]",27.321661,"[17,254]",Up Tree,79
ROUTE,3649.437043,69,"[17,1]",98_7,"[25,1]","[34,2]",27.321661,"[10,3]",Up Tree,69
ROUTE,3649.437117,59,"[10,3]",98_7,"[25,1]","[34,2]",27.321661,"[10,254]",Cluster Routing Router Gateway,69
ROUTE,3649.437204,48,"[10,1]",98_7,"[25,1]","[34,2]",27.321661,"[2,5]",Up Tree,48
ROUTE,3649.437307,38,"[2,5]",98_7,"[25,1]","[34,2]",27.321661,"[2,254]",Cluster Routing Router Gateway,48
ROUTE,3649.437404,37,"[2,1]",98_7,"[25,1]","[34,2]",27.321661,"[1,3]",Up Tree,37
ROUTE,3649.437521,26,"[1,3]",98_7,"[25,1]","[34,2]",27.321661,"[1,254]",Cluster Routing Router Gateway,37
ROUTE,3649.437634,24,"[1,1]",98_7,"[25,1]","[34,2]",27.321661,"[1,4]",Down Tree,24
ROUTE,3649.437722,23,"[1,4]",98_7,"[25,1]","[34,2]",27.321661,"[6,1]",Cluster Routing Router Gateway 2,24
ROUTE,3649.437817,22,"[6,1]",98_7,"[25,1]","[34,2]",27.321661,"[6,4]",Down Tree,22
ROUTE,3649.437916,31,"[6,4]",98_7,"[25,1]","[34,2]",27.321661,"[14,2]",Cluster Routing Router Gateway 2,22
ROUTE,3649.438008,40,"[14,2]",98_7,"[25,1]","[34,2]",27.321661,"[14,4]",Down Tree,40
ROUTE,3649.438106,50,"[14,4]",98_7,"[25,1]","[34,2]",27.321661,"[21,2]",Down Tree,50
ROUTE,3649.438217,61,"[21,2]",98_7,"[25,1]","[34,2]",27.321661,"[27,1]",Cluster Routing Router Gateway 2,50
ROUTE,3649.438319,71,"[27,1]",98_7,"[25,1]","[34,2]",27.321661,"[34,254]",Cluster Routing Cluster,71
ROUTE,3649.438417,82,"[27,2]",98_7,"[25,1]","[34,2]",27.321661,"[34,2]",Cluster Routing Cluster,82
RECEIVE,3649.438534,93,"[34,2]",98_7,"[25,1]","[34,2]",27.321661,,,82
SEND,3655.520926,10,"[18,2]",10_15,"[18,2]","[16,4]",19.614859,,,
SEND,3658.531520,86,"[29,3]",86_7,"[29,3]","[12,3]",17.307496,,,
SEND,3659.398650,9,"[5,3]",9_6,"[5,3]","[19,2]",18.305087,,,
ROUTE,3659.398650,9,"[5,3]",9_6,"[5,3]","[19,2]",18.305087,"[5,254]",Up Tree,9
ROUTE,3659.398757,18,"[5,2]",9_6,"[5,3]","[19,2]",18.305087,"[2,4]",Up Tree,18
ROUTE,3659.398841,28,"[2,4]",9_6,"[5,3]","[19,2]",18.305087,"[2,254]",Cluster Routing Router Gateway,18
ROUTE,3659.398955,37,"[2,1]",9_6,"[5,3]","[19,2]",18.305087,"[1,3]",Cluster Routing Cluster,37
ROUTE,3659.399072,26,"[1,3]",9_6,"[5,3]","[19,2]",18.305087,"[19,2]",Cluster Routing Cluster,26
RECEIVE,3659.399171,15,"[19,2]",9_6,"[5,3]","[19,2]",18.305087,,,26
SEND,3662.807610,57,"[4,2]",57_19,"[4,2]","[23,1]",40.303701,,,
SEND,3664.146536,91,"[33,1]",91_6,"[33,1]","[4,2]",23.953427,,,
ROUTE,3664.146536,91,"[33,1]",91_6,"[33,1]","[4,2]",23.953427,"[33,254]",Up Tree,91
ROUTE,3664.146600,81,"[26,3]",91_6,"[33,1]","[4,2]",23.953427,"[26,254]",Up Tree,81
ROUTE,3664.146708,70,"[26,1]",91_6,"[33,1]","[4,2]",23.953427,"[21,1]",Up Tree,70
ROUTE,3664.146776,60,"[21,1]",91_6,"[33,1]","[4,2]",23.953427,"[21,254]",Cluster Routing Router Gateway,70
ROUTE,3664.146837,50,"[14,4]",91_6,"[33,1]","[4,2]",23.953427,"[14,254]",Up Tree,50
ROUTE,3664.146935,40,"[14,2]",91_6,"[33,1]","[4,2]",23.953427,"[6,4]",Up Tree,40
ROUTE,3664.147027,31,"[6,4]",91_6,"[33,1]","[4,2]",23.953427,"[6,254]",Cluster Routing Router Gateway,40
ROUTE,3664.147126,22,"[6,1]",91_6,"[33,1]","[4,2]",23.953427,"[1,4]",Up Tree,22
ROUTE,3664.147220,23,"[1,4]",91_6,"[33,1]","[4,2]",23.953427,"[1,254]",Cluster Routing Router Gateway,22
ROUTE,3664.147309,24,"[1,1]",91_6,"[33,1]","[4,2]",23.953427,"[1,3]",Down Tree,24
ROUTE,3664.147421,26,"[1,3]",91_6,"[33,1]","[4,2]",23.953427,"[2,1]",Cluster Routing Router Gateway 2,24
ROUTE,3664.147539,37,"[2,1]",91_6,"[33,1]","[4,2]",23.953427,"[2,2]",Cluster Routing Cluster,37
SEND,3688.493009,42,"[16,4]",42_7,"[16,4]","[3,1]",42.274875,,,
ROUTE,3688.493009,42,"[16,4]",42_7,"[16,4]","[3,1]",42.274875,"[3,1]",Cluster Routing Cluster,42
SEND,3694.319281,15,"[19,2]",15_7,"[19,2]","[32,1]",38.881624,,,
SEND,3731.171996,3,"[12,1]",3_8,"[12,1]","[10,2]",42.587298,,,
SEND,3731.586255,95,"[29,3]",95_8,"[29,3]","[3,8]",46.761203,,,
ROUTE,3731.586255,95,"[29,3]",95_8,"[29,3]","[3,8]",46.761203,"[29,254]",Up Tree,95
ROUTE,3731.586348,96,"[29,2]",95_8,"[29,3]","[3,8]",46.761203,"[24,3]",Up Tree,96
ROUTE,3731.586467,87,"[24,3]",95_8,"[29,3]","[3,8]",46.761203,"[24,254]",Cluster Routing Router Gateway,96
ROUTE,3731.586567,78,"[17,3]",95_8,"[29,3]","[3,8]",46.761203,"[17,254]",Up Tree,78
ROUTE,3731.586683,69,"[17,1]",95_8,"[29,3]","[3,8]",46.761203,"[10,3]",Up Tree,69
ROUTE,3731.586756,59,"[10,3]",95_8,"[29,3]","[3,8]",46.761203,"[10,254]",Cluster Routing Router Gateway,69
ROUTE,3731.586844,48,"[10,1]",95_8,"[29,3]","[3,8]",46.761203,"[2,5]",Up Tree,48
ROUTE,3731.586946,38,"[2,5]",95_8,"[29,3]","[3,8]",46.761203,"[2,254]",Cluster Routing Cluster,38
ROUTE,3731.587044,37,"[2,1]",95_8,"[29,3]","[3,8]",46.761203,"[3,8]",Cluster Routing Cluster,37
RECEIVE,3731.587105,36,"[3,8]",95_8,"[29,3]","[3,8]",46.761203,,,37
SEND,3737.897853,29,"[10,2]",29_8,"[10,2]","[18,2]",46.817668,,,
SEND,3743.124155,41,"[14,1]",41_10,"[14,1]","[10,2]",27.116506,,,
SEND,3746.146391,73,"[28,1]",73_7,"[28,1]","[10,4]",23.985492,,,
SEND,3749.868313,68,"[17,2]",68_7,"[17,2]","[31,3]",30.571913,,,
ROUTE,3749.868313,68,"[17,2]",68_7,"[17,2]","[31,3]",30.571913,"[17,254]",Up Tree,68
ROUTE,3749.868421,69,"[17,1]",68_7,"[17,2]","[31,3]",30.571913,"[17,3]",Down Tree,69
ROUTE,3749.868537,78,"[17,3]",68_7,"[17,2]","[31,3]",30.571913,"[24,5]",Down Tree,78
ROUTE,3749.868618,77,"[24,5]",68_7,"[17,2]","[31,3]",30.571913,"[29,3]",Cluster Routing Cluster,77
SEND,3755.719926,53,"[16,2]",53_7,"[16,2]","[3,1]",30.406428,,,
ROUTE,3755.719926,53,"[16,2]",53_7,"[16,2]","[3,1]",30.406428,"[3,1]",Cluster Routing Cluster,53
RECEIVE,3755.720047,44,"[3,1]",53_7,"[16,2]","[3,1]",30.406428,,,53
SEND,3758.391464,34,"[3,10]",34_7,"[3,10]","[29,3]",43.831168,,,
ROUTE,3758.391464,34,"[3,10]",34_7,"[3,10]","[29,3]",43.831168,"[3,254]",Up Tree,34
SEND,3758.709604,6,"[15,1]",6_9,"[15,1]","[23,1]",14.651716,,,
SEND,3766.863285,55,"[4,4]",55_7,"[4,4]","[15,1]",25.482488,,,
ROUTE,3766.863285,55,"[4,4]",55_7,"[4,4]","[15,1]",25.482488,"[4,254]",Up Tree,55
ROUTE,3766.863365,56,"[4,3]",55_7,"[4,4]","[15,1]",25.482488,"[2,3]",Up Tree,56
ROUTE,3766.863456,47,"[2,3]",55_7,"[4,4]","[15,1]",25.482488,"[2,254]",Cluster Routing Router Gateway,56
ROUTE,3766.863548,37,"[2,1]",55_7,"[4,4]","[15,1]",25.482488,"[2,4]",Down Tree,37
ROUTE,3766.863662,28,"[2,4]",55_7,"[4,4]","[15,1]",25.482488,"[5,2]",Cluster Routing Router Gateway 2,37
ROUTE,3766.863746,18,"[5,2]",55_7,"[4,4]","[15,1]",25.482488,"[5,5]",Cluster Routing Cluster,18
ROUTE,3766.863838,7,"[5,5]",55_7,"[4,4]","[15,1]",25.482488,"[15,1]",Cluster Routing Cluster,7
RECEIVE,3766.863917,6,"[15,1]",55_7,"[4,4]","[15,1]",25.482488,,,7
SEND,3773.233743,74,"[22,5]",74_19,"[22,5]","[4,2]",22.509844,,,
ROUTE,3773.233743,74,"[22,5]",74_19,"[22,5]","[4,2]",22.509844,"[31,3]",Cluster Routing Cluster,74
SEND,3779.114878,45,"[3,2]",45_14,"[3,2]","[29,1]",47.688590,,,
ROUTE,3779.114878,45,"[3,2]",45_14,"[3,2]","[29,1]",47.688590,"[3,254]",Up Tree,45
SEND,3782.690837,39,"[10,4]",39_7,"[10,4]","[5,1]",25.500984,,,
ROUTE,3782.690837,39,"[10,4]",39_7,"[10,4]","[5,1]",25.500984,"[10,2]",Cluster Routing Cluster,39
SEND,3786.400295,27,"[2,6]",27_7,"[2,6]","[25,1]",43.582895,,,
ROUTE,3786.400295,27,"[2,6]",27_7,"[2,6]","[25,1]",43.582895,"[2,254]",Up Tree,27
ROUTE,3786.400366,37,"[2,1]",27_7,"[2,6]","[25,1]",43.582895,"[2,5]",Down Tree,37
ROUTE,3786.400464,38,"[2,5]",27_7,"[2,6]","[25,1]",43.582895,"[10,1]",Cluster Routing Router Gateway 2,37
ROUTE,3786.400566,48,"[10,1]",27_7,"[2,6]","[25,1]",43.582895,"[10,3]",Down Tree,48
ROUTE,3786.400654,59,"[10,3]",27_7,"[2,6]","[25,1]",43.582895,"[17,1]",Cluster Routing Router Gateway 2,48
ROUTE,3786.400727,69,"[17,1]",27_7,"[2,6]","[25,1]",43.582895,"[25,254]",Cluster Routing Cluster,69
ROUTE,3786.400846,79,"[17,4]",27_7,"[2,6]","[25,1]",43.582895,"[25,1]",Cluster Routing Cluster,79
RECEIVE,3786.400963,98,"[25,1]",27_7,"[2,6]","[25,1]",43.582895,,,79
SEND,3791.006906,92,"[34,1]",92_7,"[34,1]","[24,4]",34.288017,,,
ROUTE,3791.006906,92,"[34,1]",92_7,"[34,1]","[24,4]",34.288017,"[34,254]",Up Tree,92
ROUTE,3791.006992,82,"[27,2]",92_7,"[34,1]","[24,4]",34.288017,"[27,254]",Up Tree,82
ROUTE,3791.007090,71,"[27,1]",92_7,"[34,1]","[24,4]",34.288017,"[21,2]",Up Tree,71
ROUTE,3791.007192,61,"[21,2]",92_7,"[34,1]","[24,4]",34.288017,"[21,254]",Cluster Routing Router Gateway,71
ROUTE,3791.007303,50,"[14,4]",92_7,"[34,1]","[24,4]",34.288017,"[14,254]",Up Tree,50
ROUTE,3791.007401,40,"[14,2]",92_7,"[34,1]","[24,4]",34.288017,"[6,4]",Up Tree,40
ROUTE,3791.007494,31,"[6,4]",92_7,"[34,1]","[24,4]",34.288017,"[6,254]",Cluster Routing Router Gateway,40
ROUTE,3791.007592,22,"[6,1]",92_7,"[34,1]","[24,4]",34.288017,"[1,4]",Up Tree,22
ROUTE,3791.007687,23,"[1,4]",92_7,"[34,1]","[24,4]",34.288017,"[1,254]",Cluster Routing Router Gateway,22
ROUTE,3791.007775,24,"[1,1]",92_7,"[34,1]","[24,4]",34.288017,"[1,3]",Down Tree,24
ROUTE,3791.007888,26,"[1,3]",92_7,"[34,1]","[24,4]",34.288017,"[2,1]",Cluster Routing Router Gateway 2,24
ROUTE,3791.008005,37,"[2,1]",92_7,"[34,1]","[24,4]",34.288017,"[2,5]",Down Tree,37
ROUTE,3791.008102,38,"[2,5]",92_7,"[34,1]","[24,4]",34.288017,"[10,1]",Cluster Routing Router Gateway 2,37
ROUTE,3791.008205,48,"[10,1]",92_7,"[34,1]","[24,4]",34.288017,"[4,2]",Cluster Routing Cluster,48
SEND,3803.472720,1,"[12,3]",1_8,"[12,3]","[29,3]",42.203678,,,
ROUTE,3803.472720,1,"[12,3]",1_8,"[12,3]","[29,3]",42.203678,"[12,254]",Up Tree,1
ROUTE,3803.472815,2,"[12,2]",1_8,"[12,3]","[29,3]",42.203678,"[6,3]",Up Tree,2
ROUTE,3803.472895,13,"[6,3]",1_8,"[12,3]","[29,3]",42.203678,"[6,254]",Cluster Routing Router Gateway,2
ROUTE,3803.472995,22,"[6,1]",1_8,"[12,3]","[29,3]",42.203678,"[1,4]",Up Tree,22
ROUTE,3803.473090,23,"[1,4]",1_8,"[12,3]","[29,3]",42.203678,"[1,254]",Cluster Routing Router Gateway,22
ROUTE,3803.473178,24,"[1,1]",1_8,"[12,3]","[29,3]",42.203678,"[1,3]",Down Tree,24
ROUTE,3803.473291,26,"[1,3]",1_8,"[12,3]","[29,3]",42.203678,"[2,1]",Cluster Routing Router Gateway 2,24
ROUTE,3803.473408,37,"[2,1]",1_8,"[12,3]","[29,3]",42.203678,"[2,5]",Down Tree,37
ROUTE,3803.473505,38,"[2,5]",1_8,"[12,3]","[29,3]",42.203678,"[10,1]",Cluster Routing Router Gateway 2,37
ROUTE,3803.473608,48,"[10,1]",1_8,"[12,3]","[29,3]",42.203678,"[10,3]",Down Tree,48
ROUTE,3803.473695,59,"[10,3]",1_8,"[12,3]","[29,3]",42.203678,"[17,1]",Cluster Routing Router Gateway 2,48
ROUTE,3803.473768,69,"[17,1]",1_8,"[12,3]","[29,3]",42.203678,"[17,3]",Down Tree,69
ROUTE,3803.473884,78,"[17,3]",1_8,"[12,3]","[29,3]",42.203678,"[24,3]",Cluster Routing Cluster,78
ROUTE,3803.473985,87,"[24,3]",1_8,"[12,3]","[29,3]",42.203678,"[29,3]",Cluster Routing Cluster,87
RECEIVE,3803.474075,86,"[29,3]",1_8,"[12,3]","[29,3]",42.203678,,,87
SEND,3817.534561,63,"[23,1]",63_8,"[23,1]","[4,2]",10.193784,,,
ROUTE,3817.534561,63,"[23,1]",63_8,"[23,1]","[4,2]",10.193784,"[23,254]",Up Tree,63
ROUTE,3817.534657,52,"[16,3]",63_8,"[23,1]","[4,2]",10.193784,"[16,254]",Up Tree,52
ROUTE,3817.534766,43,"[16,1]",63_8,"[23,1]","[4,2]",10.193784,"[6,5]",Up Tree,43
ROUTE,3817.534883,32,"[6,5]",63_8,"[23,1]","[4,2]",10.193784,"[6,254]",Cluster Routing Router Gateway,43
ROUTE,3817.534950,22,"[6,1]",63_8,"[23,1]","[4,2]",10.193784,"[1,4]",Up Tree,22
ROUTE,3817.535044,23,"[1,4]",63_8,"[23,1]","[4,2]",10.193784,"[1,254]",Cluster Routing Router Gateway,22
ROUTE,3817.535132,24,"[1,1]",63_8,"[23,1]","[4,2]",10.193784,"[1,3]",Down Tree,24
ROUTE,3817.535245,26,"[1,3]",63_8,"[23,1]","[4,2]",10.193784,"[2,1]",Cluster Routing Router Gateway 2,24
ROUTE,3817.535362,37,"[2,1]",63_8,"[23,1]","[4,2]",10.193784,"[2,2]",Cluster Routing Cluster,37
SEND,3828.815972,8,"[5,4]",8_8,"[5,4]","[29,3]",43.346267,,,
ROUTE,3828.815972,8,"[5,4]",8_8,"[5,4]","[29,3]",43.346267,"[5,254]",Up Tree,8
ROUTE,3828.816020,18,"[5,2]",8_8,"[5,4]","[29,3]",43.346267,"[2,4]",Up Tree,18
ROUTE,3828.816105,28,"[2,4]",8_8,"[5,4]","[29,3]",43.346267,"[2,254]",Cluster Routing Router Gateway,18
ROUTE,3828.816218,37,"[2,1]",8_8,"[5,4]","[29,3]",43.346267,"[2,5]",Down Tree,37
ROUTE,3828.816316,38,"[2,5]",8_8,"[5,4]","[29,3]",43.346267,"[10,1]",Cluster Routing Router Gateway 2,37
ROUTE,3828.816418,48,"[10,1]",8_8,"[5,4]","[29,3]",43.346267,"[10,3]",Down Tree,48
ROUTE,3828.816506,59,"[10,3]",8_8,"[5,4]","[29,3]",43.346267,"[17,1]",Cluster Routing Router Gateway 2,48
ROUTE,3828.816579,69,"[17,1]",8_8,"[5,4]","[29,3]",43.346267,"[17,3]",Down Tree,69
ROUTE,3828.816695,78,"[17,3]",8_8,"[5,4]","[29,3]",43.346267,"[24,3]",Cluster Routing Cluster,78
ROUTE,3828.816795,87,"[24,3]",8_8,"[5,4]","[29,3]",43.346267,"[29,3]",Cluster Routing Cluster,87
RECEIVE,3828.816885,86,"[29,3]",8_8,"[5,4]","[29,3]",43.346267,,,87
SEND,3838.269308,17,"[5,3]",17_11,"[5,3]","[14,1]",24.746431,,,
SEND,3857.719643,20,"[11,1]",20_10,"[11,1]","[5,1]",13.861817,,,
SEND,3868.321487,51,"[14,3]",51_9,"[14,3]","[12,3]",19.162832,,,
ROUTE,3868.321487,51,"[14,3]",51_9,"[14,3]","[12,3]",19.162832,"[14,254]",Up Tree,51
ROUTE,3868.321567,40,"[14,2]",51_9,"[14,3]","[12,3]",19.162832,"[6,4]",Up Tree,40
ROUTE,3868.321659,31,"[6,4]",51_9,"[14,3]","[12,3]",19.162832,"[6,254]",Cluster Routing Router Gateway,40
ROUTE,3868.321758,22,"[6,1]",51_9,"[14,3]","[12,3]",19.162832,"[6,8]",Cluster Routing Cluster,22
ROUTE,3868.321860,11,"[6,8]",51_9,"[14,3]","[12,3]",19.162832,"[12,3]",Cluster Routing Cluster,11
RECEIVE,3868.321937,1,"[12,3]",51_9,"[14,3]","[12,3]",19.162832,,,11
SEND,3870.910999,66,"[4,2]",66_35,"[4,2]","[19,2]",10.495824,,,
ROUTE,3870.910999,66,"[4,2]",66_35,"[4,2]","[19,2]",10.495824,"[4,254]",Up Tree,66
ROUTE,3870.911074,56,"[4,3]",66_35,"[4,2]","[19,2]",10.495824,"[2,3]",Up Tree,56
ROUTE,3870.911165,47,"[2,3]",66_35,"[4,2]","[19,2]",10.495824,"[2,254]",Cluster Routing Router Gateway,56
ROUTE,3870.911257,37,"[2,1]",66_35,"[4,2]","[19,2]",10.495824,"[1,3]",Cluster Routing Cluster,37
ROUTE,3870.911374,26,"[1,3]",66_35,"[4,2]","[19,2]",10.495824,"[19,2]",Cluster Routing Cluster,26
RECEIVE,3870.911473,15,"[19,2]",66_35,"[4,2]","[19,2]",10.495824,,,26
SEND,3870.958437,93,"[34,2]",93_6,"[34,2]","[22,4]",34.409531,,,
ROUTE,3870.958437,93,"[34,2]",93_6,"[34,2]","[22,4]",34.409531,"[34,254]",Up Tree,93
ROUTE,3870.958553,82,"[27,2]",93_6,"[34,2]","[22,4]",34.409531,"[27,254]",Up Tree,82
ROUTE,3870.958651,71,"[27,1]",93_6,"[34,2]","[22,4]",34.409531,"[21,2]",Up Tree,71
ROUTE,3870.958753,61,"[21,2]",93_6,"[34,2]","[22,4]",34.409531,"[21,254]",Cluster Routing Router Gateway,71
ROUTE,3870.958865,50,"[14,4]",93_6,"[34,2]","[22,4]",34.409531,"[14,254]",Up Tree,50
ROUTE,3870.958963,40,"[14,2]",93_6,"[34,2]","[22,4]",34.409531,"[6,4]",Up Tree,40
ROUTE,3870.959055,31,"[6,4]",93_6,"[34,2]","[22,4]",34.409531,"[6,254]",Cluster Routing Router Gateway,40
ROUTE,3870.959154,22,"[6,1]",93_6,"[34,2]","[22,4]",34.409531,"[1,4]",Up Tree,22
ROUTE,3870.959248,23,"[1,4]",93_6,"[34,2]","[22,4]",34.409531,"[1,254]",Cluster Routing Router Gateway,22
ROUTE,3870.959337,24,"[1,1]",93_6,"[34,2]","[22,4]",34.409531,"[1,3]",Down Tree,24
ROUTE,3870.959449,26,"[1,3]",93_6,"[34,2]","[22,4]",34.409531,"[2,1]",Cluster Routing Router Gateway 2,24
ROUTE,3870.959566,37,"[2,1]",93_6,"[34,2]","[22,4]",34.409531,"[2,3]",Down Tree,37
ROUTE,3870.959658,47,"[2,3]",93_6,"[34,2]","[22,4]",34.409531,"[4,3]",Cluster Routing Router Gateway 2,37
ROUTE,3870.959750,56,"[4,3]",93_6,"[34,2]","[22,4]",34.409531,"[4,4]",Cluster Routing Cluster,56
SEND,3872.148623,49,"[10,2]",49_8,"[10,2]","[34,2]",22.844940,,,
ROUTE,3872.148623,49,"[10,2]",49_8,"[10,2]","[34,2]",22.844940,"[10,254]",Up Tree,49
ROUTE,3872.148679,48,"[10,1]",49_8,"[10,2]","[34,2]",22.844940,"[2,5]",Up Tree,48
ROUTE,3872.148782,38,"[2,5]",49_8,"[10,2]","[34,2]",22.844940,"[2,254]",Cluster Routing Router Gateway,48
ROUTE,3872.148879,37,"[2,1]",49_8,"[10,2]","[34,2]",22.844940,"[1,3]",Up Tree,37
ROUTE,3872.148997,26,"[1,3]",49_8,"[10,2]","[34,2]",22.844940,"[1,254]",Cluster Routing Router Gateway,37
ROUTE,3872.149109,24,"[1,1]",49_8,"[10,2]","[34,2]",22.844940,"[1,4]",Down Tree,24
ROUTE,3872.149198,23,"[1,4]",49_8,"[10,2]","[34,2]",22.844940,"[6,1]",Cluster Routing Router Gateway 2,24
ROUTE,3872.149292,22,"[6,1]",49_8,"[10,2]","[34,2]",22.844940,"[6,4]",Down Tree,22
ROUTE,3872.149391,31,"[6,4]",49_8,"[10,2]","[34,2]",22.844940,"[14,2]",Cluster Routing Router Gateway 2,22
ROUTE,3872.149483,40,"[14,2]",49_8,"[10,2]","[34,2]",22.844940,"[14,4]",Down Tree,40
ROUTE,3872.149581,50,"[14,4]",49_8,"[10,2]","[34,2]",22.844940,"[21,2]",Down Tree,50
ROUTE,3872.149692,61,"[21,2]",49_8,"[10,2]","[34,2]",22.844940,"[27,1]",Cluster Routing Router Gateway 2,50
ROUTE,3872.149794,71,"[27,1]",49_8,"[10,2]","[34,2]",22.844940,"[34,254]",Cluster Routing Cluster,71
ROUTE,3872.149892,82,"[27,2]",49_8,"[10,2]","[34,2]",22.844940,"[34,2]",Cluster Routing Cluster,82
RECEIVE,3872.150009,93,"[34,2]",49_8,"[10,2]","[34,2]",22.844940,,,82
SEND,3884.745150,75,"[31,3]",75_16,"[31,3]","[5,4]",22.090969,,,
ROUTE,3884.745150,75,"[31,3]",75_16,"[31,3]","[5,4]",22.090969,"[31,254]",Up Tree,75
ROUTE,3884.745194,76,"[31,1]",75_16,"[31,3]","[5,4]",22.090969,"[24,5]",Up Tree,76
ROUTE,3884.745285,77,"[24,5]",75_16,"[31,3]","[5,4]",22.090969,"[24,254]",Cluster Routing Router Gateway,76
ROUTE,3884.745365,78,"[17,3]",75_16,"[31,3]","[5,4]",22.090969,"[17,254]",Up Tree,78
ROUTE,3884.745481,69,"[17,1]",75_16,"[31,3]","[5,4]",22.090969,"[10,3]",Up Tree,69
ROUTE,3884.745554,59,"[10,3]",75_16,"[31,3]","[5,4]",22.090969,"[10,254]",Cluster Routing Router Gateway,69
ROUTE,3884.745642,48,"[10,1]",75_16,"[31,3]","[5,4]",22.090969,"[2,5]",Up Tree,48
ROUTE,3884.745744,38,"[2,5]",75_16,"[31,3]","[5,4]",22.090969,"[2,254]",Cluster Routing Router Gateway,48
ROUTE,3884.745842,37,"[2,1]",75_16,"[31,3]","[5,4]",22.090969,"[2,4]",Down Tree,37
ROUTE,3884.745955,28,"[2,4]",75_16,"[31,3]","[5,4]",22.090969,"[5,1]",Cluster Routing Cluster,28
SEND,3898.135277,10,"[18,2]",10_16,"[18,2]","[3,2]",39.189812,,,
SEND,3899.987625,98,"[25,1]",98_8,"[25,1]","[14,1]",29.558833,,,
ROUTE,3899.987625,98,"[25,1]",98_8,"[25,1]","[14,1]",29.558833,"[25,254]",Up Tree,98
ROUTE,3899.987742,79,"[17,4]",98_8,"[25,1]","[14,1]",29.558833,"[17,254]",Up Tree,79
ROUTE,3899.987861,69,"[17,1]",98_8,"[25,1]","[14,1]",29.558833,"[10,3]",Up Tree,69
ROUTE,3899.987934,59,"[10,3]",98_8,"[25,1]","[14,1]",29.558833,"[10,254]",Cluster Routing Router Gateway,69
ROUTE,3899.988022,48,"[10,1]",98_8,"[25,1]","[14,1]",29.558833,"[2,5]",Up Tree,48
ROUTE,3899.988124,38,"[2,5]",98_8,"[25,1]","[14,1]",29.558833,"[2,254]",Cluster Routing Router Gateway,48
ROUTE,3899.988222,37,"[2,1]",98_8,"[25,1]","[14,1]",29.558833,"[1,3]",Up Tree,37
ROUTE,3899.988339,26,"[1,3]",98_8,"[25,1]","[14,1]",29.558833,"[1,254]",Cluster Routing Router Gateway,37
ROUTE,3899.988451,24,"[1,1]",98_8,"[25,1]","[14,1]",29.558833,"[1,4]",Down Tree,24
ROUTE,3899.988540,23,"[1,4]",98_8,"[25,1]","[14,1]",29.558833,"[6,5]",Cluster Routing Cluster,23
ROUTE,3899.988626,32,"[6,5]",98_8,"[25,1]","[14,1]",29.558833,"[14,1]",Cluster Routing Cluster,32
RECEIVE,3899.988740,41,"[14,1]",98_8,"[25,1]","[14,1]",29.558833,,,32
SEND,3904.528017,25,"[3,9]",25_9,"[3,9]","[2,2]",43.031958,,,
ROUTE,3904.528017,25,"[3,9]",25_9,"[3,9]","[2,2]",43.031958,"[3,254]",Cluster Routing Cluster,25
RECEIVE,3904.528115,35,"[2,2]",25_9,"[3,9]","[2,2]",43.031958,,,25
SEND,3912.306267,67,"[24,4]",67_8,"[24,4]","[12,3]",16.552191,,,
ROUTE,3912.306267,67,"[24,4]",67_8,"[24,4]","[12,3]",16.552191,"[24,254]",Up Tree,67
ROUTE,3912.306367,78,"[17,3]",67_8,"[24,4]","[12,3]",16.552191,"[17,254]",Up Tree,78
ROUTE,3912.306483,69,"[17,1]",67_8,"[24,4]","[12,3]",16.552191,"[10,3]",Up Tree,69
ROUTE,3912.306556,59,"[10,3]",67_8,"[24,4]","[12,3]",16.552191,"[10,254]",Cluster Routing Router Gateway,69
ROUTE,3912.306643,48,"[10,1]",67_8,"[24,4]","[12,3]",16.552191,"[2,5]",Up Tree,48
ROUTE,3912.306746,38,"[2,5]",67_8,"[24,4]","[12,3]",16.552191,"[2,254]",Cluster Routing Router Gateway,48
ROUTE,3912.306843,37,"[2,1]",67_8,"[24,4]","[12,3]",16.552191,"[1,3]",Up Tree,37
ROUTE,3912.306961,26,"[1,3]",67_8,"[24,4]","[12,3]",16.552191,"[1,254]",Cluster Routing Router Gateway,37
ROUTE,3912.307073,24,"[1,1]",67_8,"[24,4]","[12,3]",16.552191,"[1,4]",Down Tree,24
ROUTE,3912.307162,23,"[1,4]",67_8,"[24,4]","[12,3]",16.552191,"[6,7]",Cluster Routing Cluster,23
SEND,3915.845047,12,"[6,7]",12_8,"[6,7]","[29,1]",40.086657,,,
ROUTE,3915.845047,12,"[6,7]",12_8,"[6,7]","[29,1]",40.086657,"[6,254]",Up Tree,12
ROUTE,3915.845114,22,"[6,1]",12_8,"[6,7]","[29,1]",40.086657,"[1,4]",Up Tree,22
ROUTE,3915.845208,23,"[1,4]",12_8,"[6,7]","[29,1]",40.086657,"[1,254]",Cluster Routing Router Gateway,22
ROUTE,3915.845297,24,"[1,1]",12_8,"[6,7]","[29,1]",40.086657,"[1,3]",Down Tree,24
ROUTE,3915.845409,26,"[1,3]",12_8,"[6,7]","[29,1]",40.086657,"[2,1]",Cluster Routing Router Gateway 2,24
ROUTE,3915.845526,37,"[2,1]",12_8,"[6,7]","[29,1]",40.086657,"[2,5]",Down Tree,37
ROUTE,3915.845624,38,"[2,5]",12_8,"[6,7]","[29,1]",40.086657,"[10,1]",Cluster Routing Router Gateway 2,37
ROUTE,3915.845727,48,"[10,1]",12_8,"[6,7]","[29,1]",40.086657,"[10,3]",Down Tree,48
ROUTE,3915.845814,59,"[10,3]",12_8,"[6,7]","[29,1]",40.086657,"[17,1]",Cluster Routing Router Gateway 2,48
ROUTE,3915.845887,69,"[17,1]",12_8,"[6,7]","[29,1]",40.086657,"[17,3]",Down Tree,69
ROUTE,3915.846003,78,"[17,3]",12_8,"[6,7]","[29,1]",40.086657,"[24,3]",Cluster Routing Cluster,78
ROUTE,3915.846103,87,"[24,3]",12_8,"[6,7]","[29,1]",40.086657,"[29,1]",Cluster Routing Cluster,87
RECEIVE,3915.846188,97,"[29,1]",12_8,"[6,7]","[29,1]",40.086657,,,87
SEND,3924.553203,75,"[31,3]",75_17,"[31,3]","[34,2]",10.015342,,,
ROUTE,3924.553203,75,"[31,3]",75_17,"[31,3]","[34,2]",10.015342,"[35,1]",Cluster Routing Cluster,75
SEND,3924.595858,86,"[29,3]",86_8,"[29,3]","[5,1]",44.747386,,,
SEND,3931.705389,19,"[5,1]",19_7,"[5,1]","[2,2]",17.908392,,,
SEND,3945.840342,46,"[2,2]",46_14,"[2,2]","[11,1]",23.098804,,,
ROUTE,3945.840342,46,"[2,2]",46_14,"[2,2]","[11,1]",23.098804,"[2,254]",Up Tree,46
ROUTE,3945.840409,37,"[2,1]",46_14,"[2,2]","[11,1]",23.098804,"[1,3]",Up Tree,37
ROUTE,3945.840526,26,"[1,3]",46_14,"[2,2]","[11,1]",23.098804,"[1,254]",Cluster Routing Router Gateway,37
ROUTE,3945.840639,24,"[1,1]",46_14,"[2,2]","[11,1]",23.098804,"[1,4]",Down Tree,24
ROUTE,3945.840727,23,"[1,4]",46_14,"[2,2]","[11,1]",23.098804,"[6,1]",Cluster Routing Router Gateway 2,24
ROUTE,3945.840822,22,"[6,1]",46_14,"[2,2]","[11,1]",23.098804,"[6,2]",Cluster Routing Cluster,22
ROUTE,3945.840897,21,"[6,2]",46_14,"[2,2]","[11,1]",23.098804,"[11,1]",Cluster Routing Cluster,21
RECEIVE,3945.840959,20,"[11,1]",46_14,"[2,2]","[11,1]",23.098804,,,21
SEND,3957.347706,85,"[31,2]",85_8,"[31,2]","[10,2]",49.819860,,,
ROUTE,3957.347706,85,"[31,2]",85_8,"[31,2]","[10,2]",49.819860,"[31,254]",Up Tree,85
ROUTE,3957.347812,76,"[31,1]",85_8,"[31,2]","[10,2]",49.819860,"[24,5]",Up Tree,76
ROUTE,3957.347902,77,"[24,5]",85_8,"[31,2]","[10,2]",49.819860,"[24,254]",Cluster Routing Router Gateway,76
ROUTE,3957.347982,78,"[17,3]",85_8,"[31,2]","[10,2]",49.819860,"[17,254]",Up Tree,78
ROUTE,3957.348098,69,"[17,1]",85_8,"[31,2]","[10,2]",49.819860,"[10,3]",Cluster Routing Cluster,69
ROUTE,3957.348171,59,"[10,3]",85_8,"[31,2]","[10,2]",49.819860,"[10,2]",Cluster Routing Cluster,59
RECEIVE,3957.348223,49,"[10,2]",85_8,"[31,2]","[10,2]",49.819860,,,59
SEND,3959.289473,91,"[33,1]",91_7,"[33,1]","[3,9]",43.506181,,,
ROUTE,3959.289473,91,"[33,1]",91_7,"[33,1]","[3,9]",43.506181,"[33,254]",Up Tree,91
ROUTE,3959.289536,81,"[26,3]",91_7,"[33,1]","[3,9]",43.506181,"[26,254]",Up Tree,81
ROUTE,3959.289644,70,"[26,1]",91_7,"[33,1]","[3,9]",43.506181,"[21,1]",Up Tree,70
ROUTE,3959.289712,60,"[21,1]",91_7,"[33,1]","[3,9]",43.506181,"[21,254]",Cluster Routing Router Gateway,70
ROUTE,3959.289773,50,"[14,4]",91_7,"[33,1]","[3,9]",43.506181,"[14,254]",Up Tree,50
ROUTE,3959.289871,40,"[14,2]",91_7,"[33,1]","[3,9]",43.506181,"[6,4]",Up Tree,40
ROUTE,3959.289964,31,"[6,4]",91_7,"[33,1]","[3,9]",43.506181,"[6,254]",Cluster Routing Router Gateway,40
ROUTE,3959.290063,22,"[6,1]",91_7,"[33,1]","[3,9]",43.506181,"[1,4]",Up Tree,22
ROUTE,3959.290157,23,"[1,4]",91_7,"[33,1]","[3,9]",43.506181,"[3,10]",Cluster Routing Cluster,23
SEND,3973.976957,90,"[32,1]",90_8,"[32,1]","[24,2]",29.318585,,,
ROUTE,3973.976957,90,"[32,1]",90_8,"[32,1]","[24,2]",29.318585,"[32,254]",Up Tree,90
ROUTE,3973.977054,80,"[26,2]",90_8,"[32,1]","[24,2]",29.318585,"[26,254]",Up Tree,80
ROUTE,3973.977123,70,"[26,1]",90_8,"[32,1]","[24,2]",29.318585,"[21,1]",Up Tree,70
ROUTE,3973.977191,60,"[21,1]",90_8,"[32,1]","[24,2]",29.318585,"[21,254]",Cluster Routing Router Gateway,70
ROUTE,3973.977252,50,"[14,4]",90_8,"[32,1]","[24,2]",29.318585,"[14,254]",Up Tree,50
ROUTE,3973.977350,40,"[14,2]",90_8,"[32,1]","[24,2]",29.318585,"[6,4]",Up Tree,40
ROUTE,3973.977443,31,"[6,4]",90_8,"[32,1]","[24,2]",29.318585,"[6,254]",Cluster Routing Router Gateway,40
ROUTE,3973.977542,22,"[6,1]",90_8,"[32,1]","[24,2]",29.318585,"[1,4]",Up Tree,22
ROUTE,3973.977636,23,"[1,4]",90_8,"[32,1]","[24,2]",29.318585,"[1,254]",Cluster Routing Router Gateway,22
ROUTE,3973.977724,24,"[1,1]",90_8,"[32,1]","[24,2]",29.318585,"[1,3]",Down Tree,24
ROUTE,3973.977837,26,"[1,3]",90_8,"[32,1]","[24,2]",29.318585,"[2,1]",Cluster Routing Router Gateway 2,24
ROUTE,3973.977954,37,"[2,1]",90_8,"[32,1]","[24,2]",29.318585,"[2,5]",Down Tree,37
ROUTE,3973.978051,38,"[2,5]",90_8,"[32,1]","[24,2]",29.318585,"[10,1]",Cluster Routing Router Gateway 2,37
ROUTE,3973.978154,48,"[10,1]",90_8,"[32,1]","[24,2]",29.318585,"[10,3]",Down Tree,48
ROUTE,3973.978241,59,"[10,3]",90_8,"[32,1]","[24,2]",29.318585,"[17,1]",Cluster Routing Router Gateway 2,48
ROUTE,3973.978315,69,"[17,1]",90_8,"[32,1]","[24,2]",29.318585,"[24,254]",Cluster Routing Cluster,69
ROUTE,3973.978430,78,"[17,3]",90_8,"[32,1]","[24,2]",29.318585,"[24,2]",Cluster Routing Cluster,78
RECEIVE,3973.978549,89,"[24,2]",90_8,"[32,1]","[24,2]",29.318585,,,78
SEND,3975.210061,64,"[22,4]",64_7,"[22,4]","[28,1]",21.183477,,,
ROUTE,3975.210061,64,"[22,4]",64_7,"[22,4]","[28,1]",21.183477,"[28,1]",Cluster Routing Cluster,64
RECEIVE,3975.210179,73,"[28,1]",64_7,"[22,4]","[28,1]",21.183477,,,64
SEND,3983.151515,97,"[29,1]",97_7,"[29,1]","[4,2]",14.613425,,,
SEND,3998.142216,58,"[10,5]",58_9,"[10,5]","[32,1]",41.225747,,,
ROUTE,3998.142216,58,"[10,5]",58_9,"[10,5]","[32,1]",41.225747,"[10,254]",Up Tree,58
ROUTE,3998.142275,48,"[10,1]",58_9,"[10,5]","[32,1]",41.225747,"[2,5]",Up Tree,48
ROUTE,3998.142378,38,"[2,5]",58_9,"[10,5]","[32,1]",41.225747,"[2,254]",Cluster Routing Router Gateway,48
ROUTE,3998.142476,37,"[2,1]",58_9,"[10,5]","[32,1]",41.225747,"[1,3]",Up Tree,37
ROUTE,3998.142593,26,"[1,3]",58_9,"[10,5]","[32,1]",41.225747,"[1,254]",Cluster Routing Router Gateway,37
ROUTE,3998.142705,24,"[1,1]",58_9,"[10,5]","[32,1]",41.225747,"[1,4]",Down Tree,24
ROUTE,3998.142794,23,"[1,4]",58_9,"[10,5]","[32,1]",41.225747,"[6,1]",Cluster Routing Router Gateway 2,24
ROUTE,3998.142888,22,"[6,1]",58_9,"[10,5]","[32,1]",41.225747,"[6,4]",Down Tree,22
ROUTE,3998.142987,31,"[6,4]",58_9,"[10,5]","[32,1]",41.225747,"[14,2]",Cluster Routing Router Gateway 2,22
ROUTE,3998.143079,40,"[14,2]",58_9,"[10,5]","[32,1]",41.225747,"[14,4]",Down Tree,40
ROUTE,3998.143177,50,"[14,4]",58_9,"[10,5]","[32,1]",41.225747,"[21,1]",Down Tree,50
ROUTE,3998.143238,60,"[21,1]",58_9,"[10,5]","[32,1]",41.225747,"[26,1]",Cluster Routing Router Gateway 2,50
ROUTE,3998.143306,70,"[26,1]",58_9,"[10,5]","[32,1]",41.225747,"[32,254]",Cluster Routing Cluster,70
ROUTE,3998.143375,80,"[26,2]",58_9,"[10,5]","[32,1]",41.225747,"[32,1]",Cluster Routing Cluster,80
RECEIVE,3998.143472,90,"[32,1]",58_9,"[10,5]","[32,1]",41.225747,,,80
SEND,4006.572759,10,"[18,2]",10_17,"[18,2]","[14,3]",18.186358,,,
SEND,4007.733518,33,"[6,6]",33_9,"[6,6]","[15,1]",24.325478,,,
ROUTE,4007.733518,33,"[6,6]",33_9,"[6,6]","[15,1]",24.325478,"[6,254]",Up Tree,33
ROUTE,4007.733635,22,"[6,1]",33_9,"[6,6]","[15,1]",24.325478,"[1,4]",Up Tree,22
ROUTE,4007.733729,23,"[1,4]",33_9,"[6,6]","[15,1]",24.325478,"[1,254]",Cluster Routing Router Gateway,22
ROUTE,4007.733817,24,"[1,1]",33_9,"[6,6]","[15,1]",24.325478,"[1,3]",Down Tree,24
ROUTE,4007.733930,26,"[1,3]",33_9,"[6,6]","[15,1]",24.325478,"[15,254]",Cluster Routing Cluster,26
ROUTE,4007.733994,16,"[15,2]",33_9,"[6,6]","[15,1]",24.325478,"[15,1]",Cluster Routing Cluster,16
RECEIVE,4007.734088,6,"[15,1]",33_9,"[6,6]","[15,1]",24.325478,,,16
SEND,4015.644887,34,"[3,10]",34_8,"[3,10]","[5,1]",43.775243,,,
ROUTE,4015.644887,34,"[3,10]",34_8,"[3,10]","[5,1]",43.775243,"[3,254]",Up Tree,34
SEND,4020.600667,68,"[17,2]",68_8,"[17,2]","[3,9]",12.038437,,,
ROUTE,4020.600667,68,"[17,2]",68_8,"[17,2]","[3,9]",12.038437,"[17,254]",Up Tree,68
ROUTE,4020.600776,69,"[17,1]",68_8,"[17,2]","[3,9]",12.038437,"[10,3]",Up Tree,69
ROUTE,4020.600849,59,"[10,3]",68_8,"[17,2]","[3,9]",12.038437,"[10,254]",Cluster Routing Router Gateway,69
ROUTE,4020.600936,48,"[10,1]",68_8,"[17,2]","[3,9]",12.038437,"[2,5]",Up Tree,48
ROUTE,4020.601039,38,"[2,5]",68_8,"[17,2]","[3,9]",12.038437,"[2,254]",Cluster Routing Router Gateway,48
ROUTE,4020.601137,37,"[2,1]",68_8,"[17,2]","[3,9]",12.038437,"[3,8]",Cluster Routing Cluster,37
SEND,4022.281168,44,"[3,1]",44_22,"[3,1]","[3,10]",41.748170,,,
ROUTE,4022.281168,44,"[3,1]",44_22,"[3,1]","[3,10]",41.748170,"[3,10]",Cluster Routing Cluster,44
RECEIVE,4022.281235,34,"[3,10]",44_22,"[3,1]","[3,10]",41.748170,,,44
SEND,4026.697644,89,"[24,2]",89_8,"[24,2]","[4,2]",28.901421,,,
ROUTE,4026.697644,89,"[24,2]",89_8,"[24,2]","[4,2]",28.901421,"[24,254]",Up Tree,89
ROUTE,4026.697763,78,"[17,3]",89_8,"[24,2]","[4,2]",28.901421,"[24,4]",Cluster Routing Cluster,78
SEND,4032.452645,74,"[22,5]",74_20,"[22,5]","[3,10]",47.008864,,,
SEND,4039.738716,15,"[19,2]",15_8,"[19,2]","[11,1]",16.826508,,,
SEND,4041.487746,36,"[3,8]",36_11,"[3,8]","[31,2]",18.769824,,,
ROUTE,4041.487746,36,"[3,8]",36_11,"[3,8]","[31,2]",18.769824,"[3,254]",Up Tree,36
SEND,4048.059495,53,"[16,2]",53_8,"[16,2]","[6,7]",21.271946,,,
ROUTE,4048.059495,53,"[16,2]",53_8,"[16,2]","[6,7]",21.271946,"[16,254]",Up Tree,53
ROUTE,4048.059593,43,"[16,1]",53_8,"[16,2]","[6,7]",21.271946,"[6,5]",Up Tree,43
ROUTE,4048.059709,32,"[6,5]",53_8,"[16,2]","[6,7]",21.271946,"[6,2]",Cluster Routing Cluster,32
ROUTE,4048.059825,21,"[6,2]",53_8,"[16,2]","[6,7]",21.271946,"[6,7]",Cluster Routing Cluster,21
RECEIVE,4048.059938,12,"[6,7]",53_8,"[16,2]","[6,7]",21.271946,,,21
SEND,4048.819980,9,"[5,3]",9_7,"[5,3]","[24,2]",40.621132,,,
ROUTE,4048.819980,9,"[5,3]",9_7,"[5,3]","[24,2]",40.621132,"[5,254]",Up Tree,9
ROUTE,4048.820087,18,"[5,2]",9_7,"[5,3]","[24,2]",40.621132,"[2,4]",Up Tree,18
ROUTE,4048.820171,28,"[2,4]",9_7,"[5,3]","[24,2]",40.621132,"[2,254]",Cluster Routing Router Gateway,18
ROUTE,4048.820285,37,"[2,1]",9_7,"[5,3]","[24,2]",40.621132,"[2,5]",Down Tree,37
ROUTE,4048.820383,38,"[2,5]",9_7,"[5,3]","[24,2]",40.621132,"[10,1]",Cluster Routing Router Gateway 2,37
ROUTE,4048.820485,48,"[10,1]",9_7,"[5,3]","[24,2]",40.621132,"[10,3]",Down Tree,48
ROUTE,4048.820573,59,"[10,3]",9_7,"[5,3]","[24,2]",40.621132,"[17,1]",Cluster Routing Router Gateway 2,48
ROUTE,4048.820646,69,"[17,1]",9_7,"[5,3]","[24,2]",40.621132,"[24,254]",Cluster Routing Cluster,69
ROUTE,4048.820762,78,"[17,3]",9_7,"[5,3]","[24,2]",40.621132,"[24,2]",Cluster Routing Cluster,78
RECEIVE,4048.820880,89,"[24,2]",9_7,"[5,3]","[24,2]",40.621132,,,78
SEND,4058.980940,29,"[10,2]",29_9,"[10,2]","[16,4]",46.514596,,,
SEND,4071.307340,92,"[34,1]",92_8,"[34,1]","[24,2]",46.216975,,,
ROUTE,4071.307340,92,"[34,1]",92_8,"[34,1]","[24,2]",46.216975,"[34,254]",Up Tree,92
ROUTE,4071.307426,82,"[27,2]",92_8,"[34,1]","[24,2]",46.216975,"[27,254]",Up Tree,82
ROUTE,4071.307524,71,"[27,1]",92_8,"[34,1]","[24,2]",46.216975,"[21,2]",Up Tree,71
ROUTE,4071.307626,61,"[21,2]",92_8,"[34,1]","[24,2]",46.216975,"[21,254]",Cluster Routing Router Gateway,71
ROUTE,4071.307737,50,"[14,4]",92_8,"[34,1]","[24,2]",46.216975,"[14,254]",Up Tree,50
ROUTE,4071.307835,40,"[14,2]",92_8,"[34,1]","[24,2]",46.216975,"[6,4]",Up Tree,40
ROUTE,4071.307927,31,"[6,4]",92_8,"[34,1]","[24,2]",46.216975,"[6,254]",Cluster Routing Router Gateway,40
ROUTE,4071.308026,22,"[6,1]",92_8,"[34,1]","[24,2]",46.216975,"[1,4]",Up Tree,22
ROUTE,4071.308121,23,"[1,4]",92_8,"[34,1]","[24,2]",46.216975,"[1,254]",Cluster Routing Router Gateway,22
ROUTE,4071.308209,24,"[1,1]",92_8,"[34,1]","[24,2]",46.216975,"[1,3]",Down Tree,24
ROUTE,4071.308322,26,"[1,3]",92_8,"[34,1]","[24,2]",46.216975,"[2,1]",Cluster Routing Router Gateway 2,24
ROUTE,4071.308439,37,"[2,1]",92_8,"[34,1]","[24,2]",46.216975,"[2,5]",Down Tree,37
ROUTE,4071.308536,38,"[2,5]",92_8,"[34,1]","[24,2]",46.216975,"[10,1]",Cluster Routing Router Gateway 2,37
ROUTE,4071.308639,48,"[10,1]",92_8,"[34,1]","[24,2]",46.216975,"[10,3]",Down Tree,48
ROUTE,4071.308726,59,"[10,3]",92_8,"[34,1]","[24,2]",46.216975,"[17,1]",Cluster Routing Router Gateway 2,48
ROUTE,4071.308799,69,"[17,1]",92_8,"[34,1]","[24,2]",46.216975,"[24,254]",Cluster Routing Cluster,69
ROUTE,4071.308915,78,"[17,3]",92_8,"[34,1]","[24,2]",46.216975,"[24,2]",Cluster Routing Cluster,78
RECEIVE,4071.309034,89,"[24,2]",92_8,"[34,1]","[24,2]",46.216975,,,78
SEND,4095.009577,41,"[14,1]",41_11,"[14,1]","[15,1]",17.426638,,,
SEND,4107.951703,3,"[12,1]",3_9,"[12,1]","[6,6]",38.269982,,,
SEND,4112.083587,8,"[5,4]",8_9,"[5,4]","[5,3]",48.601569,,,
ROUTE,4112.083587,8,"[5,4]",8_9,"[5,4]","[5,3]",48.601569,"[5,3]",Cluster Routing Cluster,8
RECEIVE,4112.083672,17,"[5,3]",8_9,"[5,4]","[5,3]",48.601569,,,8
RECEIVE,4112.083686,9,"[5,3]",8_9,"[5,4]","[5,3]",48.601569,,,8
SEND,4128.499445,6,"[15,1]",6_10,"[15,1]","[4,2]",32.428630,,,
SEND,4148.675495,57,"[4,2]",57_20,"[4,2]","[24,4]",15.893109,,,
ROUTE,4148.675495,57,"[4,2]",57_20,"[4,2]","[24,4]",15.893109,"[24,4]",Cluster Routing Cluster,57
RECEIVE,4148.675585,67,"[24,4]",57_20,"[4,2]","[24,4]",15.893109,,,57
SEND,4161.959395,1,"[12,3]",1_9,"[12,3]","[34,1]",36.530366,,,
ROUTE,4161.959395,1,"[12,3]",1_9,"[12,3]","[34,1]",36.530366,"[12,254]",Up Tree,1
ROUTE,4161.959490,2,"[12,2]",1_9,"[12,3]","[34,1]",36.530366,"[6,3]",Up Tree,2
ROUTE,4161.959570,13,"[6,3]",1_9,"[12,3]","[34,1]",36.530366,"[6,254]",Cluster Routing Router Gateway,2
ROUTE,4161.959670,22,"[6,1]",1_9,"[12,3]","[34,1]",36.530366,"[6,4]",Down Tree,22
ROUTE,4161.959769,31,"[6,4]",1_9,"[12,3]","[34,1]",36.530366,"[14,2]",Cluster Routing Router Gateway 2,22
ROUTE,4161.959861,40,"[14,2]",1_9,"[12,3]","[34,1]",36.530366,"[14,4]",Down Tree,40
ROUTE,4161.959959,50,"[14,4]",1_9,"[12,3]","[34,1]",36.530366,"[21,2]",Down Tree,50
ROUTE,4161.960071,61,"[21,2]",1_9,"[12,3]","[34,1]",36.530366,"[27,1]",Cluster Routing Router Gateway 2,50
ROUTE,4161.960173,71,"[27,1]",1_9,"[12,3]","[34,1]",36.530366,"[34,254]",Cluster Routing Cluster,71
ROUTE,4161.960271,82,"[27,2]",1_9,"[12,3]","[34,1]",36.530366,"[34,1]",Cluster Routing Cluster,82
RECEIVE,4161.960357,92,"[34,1]",1_9,"[12,3]","[34,1]",36.530366,,,82
SEND,4167.881975,20,"[11,1]",20_11,"[11,1]","[5,1]",15.252654,,,
SEND,4168.895551,73,"[28,1]",73_8,"[28,1]","[24,4]",13.317629,,,
SEND,4172.800138,49,"[10,2]",49_9,"[10,2]","[12,3]",24.841440,,,
ROUTE,4172.800138,49,"[10,2]",49_9,"[10,2]","[12,3]",24.841440,"[10,254]",Up Tree,49
ROUTE,4172.800195,48,"[10,1]",49_9,"[10,2]","[12,3]",24.841440,"[2,5]",Up Tree,48
ROUTE,4172.800297,38,"[2,5]",49_9,"[10,2]","[12,3]",24.841440,"[2,254]",Cluster Routing Router Gateway,48
ROUTE,4172.800395,37,"[2,1]",49_9,"[10,2]","[12,3]",24.841440,"[1,3]",Up Tree,37
ROUTE,4172.800512,26,"[1,3]",49_9,"[10,2]","[12,3]",24.841440,"[1,254]",Cluster Routing Router Gateway,37
ROUTE,4172.800624,24,"[1,1]",49_9,"[10,2]","[12,3]",24.841440,"[1,4]",Down Tree,24
ROUTE,4172.800713,23,"[1,4]",49_9,"[10,2]","[12,3]",24.841440,"[6,7]",Cluster Routing Cluster,23
SEND,4173.814680,45,"[3,2]",45_15,"[3,2]","[5,4]",47.857109,,,
ROUTE,4173.814680,45,"[3,2]",45_15,"[3,2]","[5,4]",47.857109,"[3,254]",Up Tree,45
SEND,4180.741757,27,"[2,6]",27_8,"[2,6]","[29,1]",20.490134,,,
ROUTE,4180.741757,27,"[2,6]",27_8,"[2,6]","[29,1]",20.490134,"[2,254]",Up Tree,27
ROUTE,4180.741829,37,"[2,1]",27_8,"[2,6]","[29,1]",20.490134,"[2,5]",Down Tree,37
ROUTE,4180.741927,38,"[2,5]",27_8,"[2,6]","[29,1]",20.490134,"[10,1]",Cluster Routing Router Gateway 2,37
ROUTE,4180.742029,48,"[10,1]",27_8,"[2,6]","[29,1]",20.490134,"[10,3]",Down Tree,48
ROUTE,4180.742117,59,"[10,3]",27_8,"[2,6]","[29,1]",20.490134,"[17,1]",Cluster Routing Router Gateway 2,48
ROUTE,4180.742190,69,"[17,1]",27_8,"[2,6]","[29,1]",20.490134,"[17,3]",Down Tree,69
ROUTE,4180.742306,78,"[17,3]",27_8,"[2,6]","[29,1]",20.490134,"[24,3]",Cluster Routing Cluster,78
ROUTE,4180.742406,87,"[24,3]",27_8,"[2,6]","[29,1]",20.490134,"[29,1]",Cluster Routing Cluster,87
RECEIVE,4180.742491,97,"[29,1]",27_8,"[2,6]","[29,1]",20.490134,,,87
SEND,4181.713060,93,"[34,2]",93_7,"[34,2]","[3,2]",18.008852,,,
ROUTE,4181.713060,93,"[34,2]",93_7,"[34,2]","[3,2]",18.008852,"[34,254]",Up Tree,93
ROUTE,4181.713177,82,"[27,2]",93_7,"[34,2]","[3,2]",18.008852,"[27,254]",Up Tree,82
ROUTE,4181.713275,71,"[27,1]",93_7,"[34,2]","[3,2]",18.008852,"[21,2]",Up Tree,71
ROUTE,4181.713377,61,"[21,2]",93_7,"[34,2]","[3,2]",18.008852,"[21,254]",Cluster Routing Router Gateway,71
ROUTE,4181.713488,50,"[14,4]",93_7,"[34,2]","[3,2]",18.008852,"[14,254]",Up Tree,50
ROUTE,4181.713586,40,"[14,2]",93_7,"[34,2]","[3,2]",18.008852,"[6,4]",Up Tree,40
ROUTE,4181.713678,31,"[6,4]",93_7,"[34,2]","[3,2]",18.008852,"[6,254]",Cluster Routing Router Gateway,40
ROUTE,4181.713777,22,"[6,1]",93_7,"[34,2]","[3,2]",18.008852,"[1,4]",Up Tree,22
ROUTE,4181.713872,23,"[1,4]",93_7,"[34,2]","[3,2]",18.008852,"[1,254]",Cluster Routing Router Gateway,22
ROUTE,4181.713960,24,"[1,1]",93_7,"[34,2]","[3,2]",18.008852,"[3,254]",Cluster Routing Cluster,24
ROUTE,4181.714067,35,"[2,2]",93_7,"[34,2]","[3,2]",18.008852,"[3,2]",Cluster Routing Cluster,35
RECEIVE,4181.714136,45,"[3,2]",93_7,"[34,2]","[3,2]",18.008852,,,35
SEND,4186.197347,42,"[16,4]",42_8,"[16,4]","[31,3]",16.266132,,,
ROUTE,4186.197347,42,"[16,4]",42_8,"[16,4]","[31,3]",16.266132,"[16,254]",Up Tree,42
ROUTE,4186.197404,43,"[16,1]",42_8,"[16,4]","[31,3]",16.266132,"[6,5]",Up Tree,43
ROUTE,4186.197520,32,"[6,5]",42_8,"[16,4]","[31,3]",16.266132,"[6,254]",Cluster Routing Router Gateway,43
ROUTE,4186.197587,22,"[6,1]",42_8,"[16,4]","[31,3]",16.266132,"[1,4]",Up Tree,22
ROUTE,4186.197681,23,"[1,4]",42_8,"[16,4]","[31,3]",16.266132,"[1,254]",Cluster Routing Router Gateway,22
ROUTE,4186.197770,24,"[1,1]",42_8,"[16,4]","[31,3]",16.266132,"[1,3]",Down Tree,24
ROUTE,4186.197882,26,"[1,3]",42_8,"[16,4]","[31,3]",16.266132,"[2,1]",Cluster Routing Router Gateway 2,24
ROUTE,4186.197999,37,"[2,1]",42_8,"[16,4]","[31,3]",16.266132,"[2,5]",Down Tree,37
ROUTE,4186.198097,38,"[2,5]",42_8,"[16,4]","[31,3]",16.266132,"[10,1]",Cluster Routing Router Gateway 2,37
ROUTE,4186.198199,48,"[10,1]",42_8,"[16,4]","[31,3]",16.266132,"[10,3]",Down Tree,48
ROUTE,4186.198287,59,"[10,3]",42_8,"[16,4]","[31,3]",16.266132,"[17,1]",Cluster Routing Router Gateway 2,48
ROUTE,4186.198360,69,"[17,1]",42_8,"[16,4]","[31,3]",16.266132,"[17,3]",Down Tree,69
ROUTE,4186.198476,78,"[17,3]",42_8,"[16,4]","[31,3]",16.266132,"[24,5]",Down Tree,78
ROUTE,4186.198556,77,"[24,5]",42_8,"[16,4]","[31,3]",16.266132,"[29,3]",Cluster Routing Cluster,77
SEND,4197.839698,63,"[23,1]",63_9,"[23,1]","[31,3]",47.436347,,,
ROUTE,4197.839698,63,"[23,1]",63_9,"[23,1]","[31,3]",47.436347,"[23,254]",Up Tree,63
ROUTE,4197.839794,52,"[16,3]",63_9,"[23,1]","[31,3]",47.436347,"[16,254]",Up Tree,52
ROUTE,4197.839903,43,"[16,1]",63_9,"[23,1]","[31,3]",47.436347,"[6,5]",Up Tree,43
ROUTE,4197.840020,32,"[6,5]",63_9,"[23,1]","[31,3]",47.436347,"[6,254]",Cluster Routing Router Gateway,43
ROUTE,4197.840086,22,"[6,1]",63_9,"[23,1]","[31,3]",47.436347,"[1,4]",Up Tree,22
ROUTE,4197.840181,23,"[1,4]",63_9,"[23,1]","[31,3]",47.436347,"[1,254]",Cluster Routing Router Gateway,22
ROUTE,4197.840269,24,"[1,1]",63_9,"[23,1]","[31,3]",47.436347,"[1,3]",Down Tree,24
ROUTE,4197.840382,26,"[1,3]",63_9,"[23,1]","[31,3]",47.436347,"[2,1]",Cluster Routing Router Gateway 2,24
ROUTE,4197.840499,37,"[2,1]",63_9,"[23,1]","[31,3]",47.436347,"[2,5]",Down Tree,37
ROUTE,4197.840596,38,"[2,5]",63_9,"[23,1]","[31,3]",47.436347,"[10,1]",Cluster Routing Router Gateway 2,37
ROUTE,4197.840699,48,"[10,1]",63_9,"[23,1]","[31,3]",47.436347,"[10,3]",Down Tree,48
ROUTE,4197.840786,59,"[10,3]",63_9,"[23,1]","[31,3]",47.436347,"[17,1]",Cluster Routing Router Gateway 2,48
ROUTE,4197.840860,69,"[17,1]",63_9,"[23,1]","[31,3]",47.436347,"[17,3]",Down Tree,69
ROUTE,4197.840975,78,"[17,3]",63_9,"[23,1]","[31,3]",47.436347,"[24,5]",Down Tree,78
ROUTE,4197.841056,77,"[24,5]",63_9,"[23,1]","[31,3]",47.436347,"[29,3]",Cluster Routing Cluster,77
SEND,4204.669198,86,"[29,3]",86_9,"[29,3]","[4,2]",37.531998,,,
ROUTE,4204.669198,86,"[29,3]",86_9,"[29,3]","[4,2]",37.531998,"[31,3]",Cluster Routing Cluster,86
SEND,4205.476197,95,"[29,3]",95_9,"[29,3]","[29,1]",17.248243,,,
ROUTE,4205.476197,95,"[29,3]",95_9,"[29,3]","[29,1]",17.248243,"[29,254]",Cluster Routing Cluster,95
ROUTE,4205.476290,96,"[29,2]",95_9,"[29,3]","[29,1]",17.248243,"[29,1]",Cluster Routing Cluster,96
RECEIVE,4205.476381,97,"[29,1]",95_9,"[29,3]","[29,1]",17.248243,,,96
SEND,4205.879686,17,"[5,3]",17_12,"[5,3]","[34,1]",36.632954,,,
SEND,4207.146158,19,"[5,1]",19_8,"[5,1]","[10,2]",41.757845,,,
ROUTE,4207.146158,19,"[5,1]",19_8,"[5,1]","[10,2]",41.757845,"[10,2]",Cluster Routing Cluster,19
RECEIVE,4207.146207,29,"[10,2]",19_8,"[5,1]","[10,2]",41.757845,,,19
SEND,4214.518211,55,"[4,4]",55_8,"[4,4]","[5,1]",23.569150,,,
ROUTE,4214.518211,55,"[4,4]",55_8,"[4,4]","[5,1]",23.569150,"[4,254]",Up Tree,55
ROUTE,4214.518291,56,"[4,3]",55_8,"[4,4]","[5,1]",23.569150,"[2,3]",Up Tree,56
ROUTE,4214.518382,47,"[2,3]",55_8,"[4,4]","[5,1]",23.569150,"[2,254]",Cluster Routing Router Gateway,56
ROUTE,4214.518474,37,"[2,1]",55_8,"[4,4]","[5,1]",23.569150,"[2,4]",Cluster Routing Cluster,37
ROUTE,4214.518588,28,"[2,4]",55_8,"[4,4]","[5,1]",23.569150,"[5,1]",Cluster Routing Cluster,28
RECEIVE,4214.518666,19,"[5,1]",55_8,"[4,4]","[5,1]",23.569150,,,28
SEND,4228.719407,39,"[10,4]",39_8,"[10,4]","[22,5]",42.890865,,,
ROUTE,4228.719407,39,"[10,4]",39_8,"[10,4]","[22,5]",42.890865,"[10,254]",Up Tree,39
ROUTE,4228.719501,48,"[10,1]",39_8,"[10,4]","[22,5]",42.890865,"[2,5]",Up Tree,48
ROUTE,4228.719604,38,"[2,5]",39_8,"[10,4]","[22,5]",42.890865,"[2,254]",Cluster Routing Router Gateway,48
ROUTE,4228.719702,37,"[2,1]",39_8,"[10,4]","[22,5]",42.890865,"[2,3]",Down Tree,37
ROUTE,4228.719793,47,"[2,3]",39_8,"[10,4]","[22,5]",42.890865,"[4,3]",Cluster Routing Router Gateway 2,37
ROUTE,4228.719885,56,"[4,3]",39_8,"[10,4]","[22,5]",42.890865,"[4,5]",Cluster Routing Cluster,56
ROUTE,4228.719992,65,"[4,5]",39_8,"[10,4]","[22,5]",42.890865,"[22,5]",Cluster Routing Cluster,65
RECEIVE,4228.720091,74,"[22,5]",39_8,"[10,4]","[22,5]",42.890865,,,65
SEND,4258.380606,75,"[31,3]",75_18,"[31,3]","[22,4]",13.444583,,,
ROUTE,4258.380606,75,"[31,3]",75_18,"[31,3]","[22,4]",13.444583,"[22,5]",Cluster Routing Cluster,75
SEND,4259.697532,10,"[18,2]",10_18,"[18,2]","[23,1]",37.451822,,,
SEND,4264.343092,51,"[14,3]",51_10,"[14,3]","[31,3]",33.668304,,,
ROUTE,4264.343092,51,"[14,3]",51_10,"[14,3]","[31,3]",33.668304,"[14,254]",Up Tree,51
ROUTE,4264.343173,40,"[14,2]",51_10,"[14,3]","[31,3]",33.668304,"[6,4]",Up Tree,40
ROUTE,4264.343265,31,"[6,4]",51_10,"[14,3]","[31,3]",33.668304,"[6,254]",Cluster Routing Router Gateway,40
ROUTE,4264.343364,22,"[6,1]",51_10,"[14,3]","[31,3]",33.668304,"[1,4]",Up Tree,22
ROUTE,4264.343458,23,"[1,4]",51_10,"[14,3]","[31,3]",33.668304,"[1,254]",Cluster Routing Router Gateway,22
ROUTE,4264.343547,24,"[1,1]",51_10,"[14,3]","[31,3]",33.668304,"[1,3]",Down Tree,24
ROUTE,4264.343659,26,"[1,3]",51_10,"[14,3]","[31,3]",33.668304,"[2,1]",Cluster Routing Router Gateway 2,24
ROUTE,4264.343776,37,"[2,1]",51_10,"[14,3]","[31,3]",33.668304,"[2,5]",Down Tree,37
ROUTE,4264.343874,38,"[2,5]",51_10,"[14,3]","[31,3]",33.668304,"[10,1]",Cluster Routing Router Gateway 2,37
ROUTE,4264.343976,48,"[10,1]",51_10,"[14,3]","[31,3]",33.668304,"[10,3]",Down Tree,48
ROUTE,4264.344064,59,"[10,3]",51_10,"[14,3]","[31,3]",33.668304,"[17,1]",Cluster Routing Router Gateway 2,48
ROUTE,4264.344137,69,"[17,1]",51_10,"[14,3]","[31,3]",33.668304,"[17,3]",Down Tree,69
ROUTE,4264.344253,78,"[17,3]",51_10,"[14,3]","[31,3]",33.668304,"[24,5]",Down Tree,78
ROUTE,4264.344333,77,"[24,5]",51_10,"[14,3]","[31,3]",33.668304,"[29,3]",Cluster Routing Cluster,77
SEND,4270.787111,98,"[25,1]",98_9,"[25,1]","[29,3]",45.291535,,,
ROUTE,4270.787111,98,"[25,1]",98_9,"[25,1]","[29,3]",45.291535,"[24,3]",Cluster Routing Cluster,98
ROUTE,4270.787202,87,"[24,3]",98_9,"[25,1]","[29,3]",45.291535,"[29,3]",Cluster Routing Cluster,87
RECEIVE,4270.787292,86,"[29,3]",98_9,"[25,1]","[29,3]",45.291535,,,87
SEND,4278.010190,75,"[31,3]",75_19,"[31,3]","[4,4]",46.453419,,,
ROUTE,4278.010190,75,"[31,3]",75_19,"[31,3]","[4,4]",46.453419,"[4,5]",Cluster Routing Cluster,75
ROUTE,4278.010257,65,"[4,5]",75_19,"[31,3]","[4,4]",46.453419,"[4,4]",Cluster Routing Cluster,65
RECEIVE,4278.010325,55,"[4,4]",75_19,"[31,3]","[4,4]",46.453419,,,65
SEND,4292.173055,64,"[22,4]",64_8,"[22,4]","[5,4]",33.490400,,,
SEND,4304.531876,33,"[6,6]",33_10,"[6,6]","[4,2]",36.953425,,,
ROUTE,4304.531876,33,"[6,6]",33_10,"[6,6]","[4,2]",36.953425,"[6,254]",Up Tree,33
ROUTE,4304.531993,22,"[6,1]",33_10,"[6,6]","[4,2]",36.953425,"[1,4]",Up Tree,22
ROUTE,4304.532087,23,"[1,4]",33_10,"[6,6]","[4,2]",36.953425,"[1,254]",Cluster Routing Router Gateway,22
ROUTE,4304.532176,24,"[1,1]",33_10,"[6,6]","[4,2]",36.953425,"[1,3]",Down Tree,24
ROUTE,4304.532288,26,"[1,3]",33_10,"[6,6]","[4,2]",36.953425,"[2,1]",Cluster Routing Router Gateway 2,24
ROUTE,4304.532405,37,"[2,1]",33_10,"[6,6]","[4,2]",36.953425,"[2,2]",Cluster Routing Cluster,37
SEND,4306.106117,66,"[4,2]",66_36,"[4,2]","[12,3]",39.832449,,,
ROUTE,4306.106117,66,"[4,2]",66_36,"[4,2]","[12,3]",39.832449,"[4,254]",Up Tree,66
ROUTE,4306.106192,56,"[4,3]",66_36,"[4,2]","[12,3]",39.832449,"[2,3]",Up Tree,56
ROUTE,4306.106284,47,"[2,3]",66_36,"[4,2]","[12,3]",39.832449,"[2,254]",Cluster Routing Router Gateway,56
ROUTE,4306.106375,37,"[2,1]",66_36,"[4,2]","[12,3]",39.832449,"[1,3]",Up Tree,37
ROUTE,4306.106493,26,"[1,3]",66_36,"[4,2]","[12,3]",39.832449,"[1,254]",Cluster Routing Router Gateway,37
ROUTE,4306.106605,24,"[1,1]",66_36,"[4,2]","[12,3]",39.832449,"[1,4]",Down Tree,24
ROUTE,4306.106694,23,"[1,4]",66_36,"[4,2]","[12,3]",39.832449,"[6,7]",Cluster Routing Cluster,23
SEND,4308.755706,34,"[3,10]",34_9,"[3,10]","[14,1]",19.352190,,,
ROUTE,4308.755706,34,"[3,10]",34_9,"[3,10]","[14,1]",19.352190,"[3,254]",Up Tree,34
SEND,4313.990818,15,"[19,2]",15_9,"[19,2]","[5,3]",24.228337,,,
ROUTE,4313.990818,15,"[19,2]",15_9,"[19,2]","[5,3]",24.228337,"[15,254]",Cluster Routing Cluster,15
ROUTE,4313.990935,16,"[15,2]",15_9,"[19,2]","[5,3]",24.228337,"[5,3]",Cluster Routing Cluster,16
RECEIVE,4313.991002,17,"[5,3]",15_9,"[19,2]","[5,3]",24.228337,,,16
SEND,4330.611792,25,"[3,9]",25_10,"[3,9]","[10,2]",49.882199,,,
ROUTE,4330.611792,25,"[3,9]",25_10,"[3,9]","[10,2]",49.882199,"[3,254]",Up Tree,25
SEND,4337.924653,12,"[6,7]",12_9,"[6,7]","[14,3]",40.639315,,,
ROUTE,4337.924653,12,"[6,7]",12_9,"[6,7]","[14,3]",40.639315,"[6,254]",Up Tree,12
ROUTE,4337.924720,22,"[6,1]",12_9,"[6,7]","[14,3]",40.639315,"[6,4]",Down Tree,22
ROUTE,4337.924819,31,"[6,4]",12_9,"[6,7]","[14,3]",40.639315,"[14,1]",Cluster Routing Cluster,31
SEND,4341.153551,67,"[24,4]",67_9,"[24,4]","[5,4]",20.298302,,,
ROUTE,4341.153551,67,"[24,4]",67_9,"[24,4]","[5,4]",20.298302,"[24,254]",Up Tree,67
ROUTE,4341.153651,78,"[17,3]",67_9,"[24,4]","[5,4]",20.298302,"[17,254]",Up Tree,78
ROUTE,4341.153767,69,"[17,1]",67_9,"[24,4]","[5,4]",20.298302,"[10,3]",Up Tree,69
ROUTE,4341.153840,59,"[10,3]",67_9,"[24,4]","[5,4]",20.298302,"[10,254]",Cluster Routing Router Gateway,69
ROUTE,4341.153927,48,"[10,1]",67_9,"[24,4]","[5,4]",20.298302,"[2,5]",Up Tree,48
ROUTE,4341.154030,38,"[2,5]",67_9,"[24,4]","[5,4]",20.298302,"[2,254]",Cluster Routing Router Gateway,48
ROUTE,4341.154127,37,"[2,1]",67_9,"[24,4]","[5,4]",20.298302,"[2,4]",Down Tree,37
ROUTE,4341.154241,28,"[2,4]",67_9,"[24,4]","[5,4]",20.298302,"[5,1]",Cluster Routing Cluster,28
SEND,4341.476776,68,"[17,2]",68_9,"[17,2]","[4,2]",45.536988,,,
ROUTE,4341.476776,68,"[17,2]",68_9,"[17,2]","[4,2]",45.536988,"[24,4]",Cluster Routing Cluster,68
SEND,4351.953394,85,"[31,2]",85_9,"[31,2]","[4,2]",18.110749,,,
ROUTE,4351.953394,85,"[31,2]",85_9,"[31,2]","[4,2]",18.110749,"[31,3]",Cluster Routing Cluster,85
SEND,4360.521143,90,"[32,1]",90_9,"[32,1]","[6,6]",27.672540,,,
ROUTE,4360.521143,90,"[32,1]",90_9,"[32,1]","[6,6]",27.672540,"[32,254]",Up Tree,90
ROUTE,4360.521240,80,"[26,2]",90_9,"[32,1]","[6,6]",27.672540,"[26,254]",Up Tree,80
ROUTE,4360.521309,70,"[26,1]",90_9,"[32,1]","[6,6]",27.672540,"[21,1]",Up Tree,70
ROUTE,4360.521377,60,"[21,1]",90_9,"[32,1]","[6,6]",27.672540,"[21,254]",Cluster Routing Router Gateway,70
ROUTE,4360.521438,50,"[14,4]",90_9,"[32,1]","[6,6]",27.672540,"[14,254]",Up Tree,50
ROUTE,4360.521536,40,"[14,2]",90_9,"[32,1]","[6,6]",27.672540,"[6,4]",Up Tree,40
ROUTE,4360.521629,31,"[6,4]",90_9,"[32,1]","[6,6]",27.672540,"[16,4]",Cluster Routing Cluster,31
SEND,4375.018509,91,"[33,1]",91_8,"[33,1]","[3,9]",31.068704,,,
ROUTE,4375.018509,91,"[33,1]",91_8,"[33,1]","[3,9]",31.068704,"[33,254]",Up Tree,91
ROUTE,4375.018572,81,"[26,3]",91_8,"[33,1]","[3,9]",31.068704,"[26,254]",Up Tree,81
ROUTE,4375.018681,70,"[26,1]",91_8,"[33,1]","[3,9]",31.068704,"[21,1]",Up Tree,70
ROUTE,4375.018749,60,"[21,1]",91_8,"[33,1]","[3,9]",31.068704,"[21,254]",Cluster Routing Router Gateway,70
ROUTE,4375.018810,50,"[14,4]",91_8,"[33,1]","[3,9]",31.068704,"[14,254]",Up Tree,50
ROUTE,4375.018908,40,"[14,2]",91_8,"[33,1]","[3,9]",31.068704,"[6,4]",Up Tree,40
ROUTE,4375.019000,31,"[6,4]",91_8,"[33,1]","[3,9]",31.068704,"[6,254]",Cluster Routing Router Gateway,40
ROUTE,4375.019099,22,"[6,1]",91_8,"[33,1]","[3,9]",31.068704,"[1,4]",Up Tree,22
ROUTE,4375.019193,23,"[1,4]",91_8,"[33,1]","[3,9]",31.068704,"[3,10]",Cluster Routing Cluster,23
SEND,4380.461787,89,"[24,2]",89_9,"[24,2]","[3,1]",47.090075,,,
ROUTE,4380.461787,89,"[24,2]",89_9,"[24,2]","[3,1]",47.090075,"[24,254]",Up Tree,89
ROUTE,4380.461906,78,"[17,3]",89_9,"[24,2]","[3,1]",47.090075,"[17,254]",Up Tree,78
ROUTE,4380.462022,69,"[17,1]",89_9,"[24,2]","[3,1]",47.090075,"[10,3]",Up Tree,69
ROUTE,4380.462095,59,"[10,3]",89_9,"[24,2]","[3,1]",47.090075,"[10,254]",Cluster Routing Router Gateway,69
ROUTE,4380.462182,48,"[10,1]",89_9,"[24,2]","[3,1]",47.090075,"[2,5]",Up Tree,48
ROUTE,4380.462285,38,"[2,5]",89_9,"[24,2]","[3,1]",47.090075,"[2,254]",Cluster Routing Router Gateway,48
ROUTE,4380.462382,37,"[2,1]",89_9,"[24,2]","[3,1]",47.090075,"[1,3]",Up Tree,37
ROUTE,4380.462499,26,"[1,3]",89_9,"[24,2]","[3,1]",47.090075,"[3,254]",Cluster Routing Cluster,26
ROUTE,4380.462610,35,"[2,2]",89_9,"[24,2]","[3,1]",47.090075,"[3,1]",Cluster Routing Cluster,35
RECEIVE,4380.462674,44,"[3,1]",89_9,"[24,2]","[3,1]",47.090075,,,35
SEND,4386.973351,36,"[3,8]",36_12,"[3,8]","[34,1]",39.439190,,,
ROUTE,4386.973351,36,"[3,8]",36_12,"[3,8]","[34,1]",39.439190,"[3,254]",Up Tree,36
SEND,4389.360431,10,"[18,2]",10_19,"[18,2]","[31,3]",36.943412,,,
SEND,4416.751505,46,"[2,2]",46_15,"[2,2]","[5,1]",36.101081,,,
ROUTE,4416.751505,46,"[2,2]",46_15,"[2,2]","[5,1]",36.101081,"[2,254]",Up Tree,46
ROUTE,4416.751572,37,"[2,1]",46_15,"[2,2]","[5,1]",36.101081,"[2,4]",Cluster Routing Cluster,37
ROUTE,4416.751686,28,"[2,4]",46_15,"[2,2]","[5,1]",36.101081,"[5,1]",Cluster Routing Cluster,28
RECEIVE,4416.751764,19,"[5,1]",46_15,"[2,2]","[5,1]",36.101081,,,28
SEND,4426.395453,8,"[5,4]",8_10,"[5,4]","[5,3]",33.098067,,,
ROUTE,4426.395453,8,"[5,4]",8_10,"[5,4]","[5,3]",33.098067,"[5,3]",Cluster Routing Cluster,8
RECEIVE,4426.395538,17,"[5,3]",8_10,"[5,4]","[5,3]",33.098067,,,8
RECEIVE,4426.395552,9,"[5,3]",8_10,"[5,4]","[5,3]",33.098067,,,8
SEND,4432.973435,53,"[16,2]",53_9,"[16,2]","[17,2]",48.897120,,,
ROUTE,4432.973435,53,"[16,2]",53_9,"[16,2]","[17,2]",48.897120,"[16,254]",Up Tree,53
ROUTE,4432.973533,43,"[16,1]",53_9,"[16,2]","[17,2]",48.897120,"[6,5]",Up Tree,43
ROUTE,4432.973649,32,"[6,5]",53_9,"[16,2]","[17,2]",48.897120,"[6,254]",Cluster Routing Router Gateway,43
ROUTE,4432.973716,22,"[6,1]",53_9,"[16,2]","[17,2]",48.897120,"[1,4]",Up Tree,22
ROUTE,4432.973810,23,"[1,4]",53_9,"[16,2]","[17,2]",48.897120,"[1,254]",Cluster Routing Router Gateway,22
ROUTE,4432.973899,24,"[1,1]",53_9,"[16,2]","[17,2]",48.897120,"[1,3]",Down Tree,24
ROUTE,4432.974011,26,"[1,3]",53_9,"[16,2]","[17,2]",48.897120,"[2,1]",Cluster Routing Router Gateway 2,24
ROUTE,4432.974128,37,"[2,1]",53_9,"[16,2]","[17,2]",48.897120,"[2,5]",Down Tree,37
ROUTE,4432.974226,38,"[2,5]",53_9,"[16,2]","[17,2]",48.897120,"[10,1]",Cluster Routing Router Gateway 2,37
ROUTE,4432.974328,48,"[10,1]",53_9,"[16,2]","[17,2]",48.897120,"[10,5]",Cluster Routing Cluster,48
SEND,4436.502346,42,"[16,4]",42_9,"[16,4]","[3,1]",38.544609,,,
ROUTE,4436.502346,42,"[16,4]",42_9,"[16,4]","[3,1]",38.544609,"[3,1]",Cluster Routing Cluster,42
SEND,4438.186797,97,"[29,1]",97_8,"[29,1]","[10,2]",17.789803,,,
SEND,4440.054565,29,"[10,2]",29_10,"[10,2]","[3,9]",40.715673,,,
SEND,4460.393678,92,"[34,1]",92_9,"[34,1]","[12,1]",45.699387,,,
ROUTE,4460.393678,92,"[34,1]",92_9,"[34,1]","[12,1]",45.699387,"[34,254]",Up Tree,92
ROUTE,4460.393764,82,"[27,2]",92_9,"[34,1]","[12,1]",45.699387,"[27,254]",Up Tree,82
ROUTE,4460.393862,71,"[27,1]",92_9,"[34,1]","[12,1]",45.699387,"[21,2]",Up Tree,71
ROUTE,4460.393964,61,"[21,2]",92_9,"[34,1]","[12,1]",45.699387,"[21,254]",Cluster Routing Router Gateway,71
ROUTE,4460.394075,50,"[14,4]",92_9,"[34,1]","[12,1]",45.699387,"[14,254]",Up Tree,50
ROUTE,4460.394173,40,"[14,2]",92_9,"[34,1]","[12,1]",45.699387,"[6,4]",Up Tree,40
ROUTE,4460.394266,31,"[6,4]",92_9,"[34,1]","[12,1]",45.699387,"[6,254]",Cluster Routing Router Gateway,40
ROUTE,4460.394365,22,"[6,1]",92_9,"[34,1]","[12,1]",45.699387,"[6,7]",Cluster Routing Cluster,22
SEND,4466.589266,19,"[5,1]",19_9,"[5,1]","[10,2]",20.035277,,,
ROUTE,4466.589266,19,"[5,1]",19_9,"[5,1]","[10,2]",20.035277,"[10,2]",Cluster Routing Cluster,19
RECEIVE,4466.589315,29,"[10,2]",19_9,"[5,1]","[10,2]",20.035277,,,19
SEND,4475.031136,58,"[10,5]",58_10,"[10,5]","[10,2]",23.990738,,,
ROUTE,4475.031136,58,"[10,5]",58_10,"[10,5]","[10,2]",23.990738,"[10,2]",Cluster Routing Cluster,58
RECEIVE,4475.031227,49,"[10,2]",58_10,"[10,5]","[10,2]",23.990738,,,58
SEND,4487.555534,41,"[14,1]",41_12,"[14,1]","[34,2]",22.822670,,,
SEND,4488.398735,9,"[5,3]",9_8,"[5,3]","[18,2]",25.798416,,,
ROUTE,4488.398735,9,"[5,3]",9_8,"[5,3]","[18,2]",25.798416,"[5,254]",Up Tree,9
ROUTE,4488.398841,18,"[5,2]",9_8,"[5,3]","[18,2]",25.798416,"[2,4]",Up Tree,18
ROUTE,4488.398926,28,"[2,4]",9_8,"[5,3]","[18,2]",25.798416,"[2,254]",Cluster Routing Router Gateway,18
ROUTE,4488.399039,37,"[2,1]",9_8,"[5,3]","[18,2]",25.798416,"[1,3]",Up Tree,37
ROUTE,4488.399156,26,"[1,3]",9_8,"[5,3]","[18,2]",25.798416,"[1,254]",Cluster Routing Router Gateway,37
ROUTE,4488.399269,24,"[1,1]",9_8,"[5,3]","[18,2]",25.798416,"[1,4]",Down Tree,24
ROUTE,4488.399357,23,"[1,4]",9_8,"[5,3]","[18,2]",25.798416,"[6,1]",Cluster Routing Router Gateway 2,24
ROUTE,4488.399452,22,"[6,1]",9_8,"[5,3]","[18,2]",25.798416,"[6,2]",Cluster Routing Cluster,22
ROUTE,4488.399527,21,"[6,2]",9_8,"[5,3]","[18,2]",25.798416,"[18,2]",Cluster Routing Cluster,21
RECEIVE,4488.399615,10,"[18,2]",9_8,"[5,3]","[18,2]",25.798416,,,21
SEND,4497.073446,17,"[5,3]",17_13,"[5,3]","[22,4]",49.789465,,,
SEND,4503.078043,73,"[28,1]",73_9,"[28,1]","[10,4]",28.945934,,,
SEND,4511.776893,49,"[10,2]",49_10,"[10,2]","[6,7]",22.955051,,,
ROUTE,4511.776893,49,"[10,2]",49_10,"[10,2]","[6,7]",22.955051,"[10,254]",Up Tree,49
ROUTE,4511.776949,48,"[10,1]",49_10,"[10,2]","[6,7]",22.955051,"[2,5]",Up Tree,48
ROUTE,4511.777052,38,"[2,5]",49_10,"[10,2]","[6,7]",22.955051,"[2,254]",Cluster Routing Router Gateway,48
ROUTE,4511.777150,37,"[2,1]",49_10,"[10,2]","[6,7]",22.955051,"[1,3]",Up Tree,37
ROUTE,4511.777267,26,"[1,3]",49_10,"[10,2]","[6,7]",22.955051,"[1,254]",Cluster Routing Router Gateway,37
ROUTE,4511.777379,24,"[1,1]",49_10,"[10,2]","[6,7]",22.955051,"[1,4]",Cluster Routing Cluster,24
ROUTE,4511.777468,23,"[1,4]",49_10,"[10,2]","[6,7]",22.955051,"[6,7]",Cluster Routing Cluster,23
RECEIVE,4511.777579,12,"[6,7]",49_10,"[10,2]","[6,7]",22.955051,,,23
SEND,4518.993658,74,"[22,5]",74_21,"[22,5]","[28,1]",43.862543,,,
ROUTE,4518.993658,74,"[22,5]",74_21,"[22,5]","[28,1]",43.862543,"[28,1]",Cluster Routing Cluster,74
RECEIVE,4518.993761,73,"[28,1]",74_21,"[22,5]","[28,1]",43.862543,,,74
SEND,4521.422307,44,"[3,1]",44_23,"[3,1]","[15,1]",46.684789,,,
ROUTE,4521.422307,44,"[3,1]",44_23,"[3,1]","[15,1]",46.684789,"[3,254]",Up Tree,44
SEND,4530.107882,63,"[23,1]",63_10,"[23,1]","[5,3]",39.425748,,,
ROUTE,4530.107882,63,"[23,1]",63_10,"[23,1]","[5,3]",39.425748,"[23,254]",Up Tree,63
ROUTE,4530.107978,52,"[16,3]",63_10,"[23,1]","[5,3]",39.425748,"[16,254]",Up Tree,52
ROUTE,4530.108087,43,"[16,1]",63_10,"[23,1]","[5,3]",39.425748,"[6,5]",Up Tree,43
ROUTE,4530.108204,32,"[6,5]",63_10,"[23,1]","[5,3]",39.425748,"[6,254]",Cluster Routing Router Gateway,43
ROUTE,4530.108270,22,"[6,1]",63_10,"[23,1]","[5,3]",39.425748,"[1,4]",Up Tree,22
ROUTE,4530.108365,23,"[1,4]",63_10,"[23,1]","[5,3]",39.425748,"[1,254]",Cluster Routing Router Gateway,22
ROUTE,4530.108453,24,"[1,1]",63_10,"[23,1]","[5,3]",39.425748,"[1,3]",Cluster Routing Cluster,24
ROUTE,4530.108566,26,"[1,3]",63_10,"[23,1]","[5,3]",39.425748,"[5,3]",Cluster Routing Cluster,26
RECEIVE,4530.108685,17,"[5,3]",63_10,"[23,1]","[5,3]",39.425748,,,26
SEND,4543.415206,3,"[12,1]",3_10,"[12,1]","[10,5]",31.778587,,,
SEND,4550.140980,6,"[15,1]",6_11,"[15,1]","[3,8]",24.440330,,,
ROUTE,4550.140980,6,"[15,1]",6_11,"[15,1]","[3,8]",24.440330,"[15,254]",Cluster Routing Cluster,6
ROUTE,4550.141074,16,"[15,2]",6_11,"[15,1]","[3,8]",24.440330,"[3,8]",Cluster Routing Cluster,16
RECEIVE,4550.141187,36,"[3,8]",6_11,"[15,1]","[3,8]",24.440330,,,16
SEND,4550.533065,95,"[29,3]",95_10,"[29,3]","[3,2]",26.831915,,,
ROUTE,4550.533065,95,"[29,3]",95_10,"[29,3]","[3,2]",26.831915,"[29,254]",Up Tree,95
ROUTE,4550.533158,96,"[29,2]",95_10,"[29,3]","[3,2]",26.831915,"[24,3]",Up Tree,96
ROUTE,4550.533277,87,"[24,3]",95_10,"[29,3]","[3,2]",26.831915,"[24,254]",Cluster Routing Router Gateway,96
ROUTE,4550.533377,78,"[17,3]",95_10,"[29,3]","[3,2]",26.831915,"[17,254]",Up Tree,78
ROUTE,4550.533493,69,"[17,1]",95_10,"[29,3]","[3,2]",26.831915,"[10,3]",Up Tree,69
ROUTE,4550.533566,59,"[10,3]",95_10,"[29,3]","[3,2]",26.831915,"[10,254]",Cluster Routing Router Gateway,69
ROUTE,4550.533654,48,"[10,1]",95_10,"[29,3]","[3,2]",26.831915,"[2,5]",Up Tree,48
ROUTE,4550.533756,38,"[2,5]",95_10,"[29,3]","[3,2]",26.831915,"[2,254]",Cluster Routing Router Gateway,48
ROUTE,4550.533854,37,"[2,1]",95_10,"[29,3]","[3,2]",26.831915,"[3,8]",Cluster Routing Cluster,37
SEND,4575.892265,45,"[3,2]",45_16,"[3,2]","[2,6]",26.833048,,,
ROUTE,4575.892265,45,"[3,2]",45_16,"[3,2]","[2,6]",26.833048,"[3,8]",Cluster Routing Cluster,45
SEND,4578.974162,98,"[25,1]",98_10,"[25,1]","[11,1]",14.059672,,,
ROUTE,4578.974162,98,"[25,1]",98_10,"[25,1]","[11,1]",14.059672,"[25,254]",Up Tree,98
ROUTE,4578.974279,79,"[17,4]",98_10,"[25,1]","[11,1]",14.059672,"[17,254]",Up Tree,79
ROUTE,4578.974398,69,"[17,1]",98_10,"[25,1]","[11,1]",14.059672,"[10,3]",Up Tree,69
ROUTE,4578.974471,59,"[10,3]",98_10,"[25,1]","[11,1]",14.059672,"[10,254]",Cluster Routing Router Gateway,69
ROUTE,4578.974558,48,"[10,1]",98_10,"[25,1]","[11,1]",14.059672,"[2,5]",Up Tree,48
ROUTE,4578.974661,38,"[2,5]",98_10,"[25,1]","[11,1]",14.059672,"[2,254]",Cluster Routing Router Gateway,48
ROUTE,4578.974758,37,"[2,1]",98_10,"[25,1]","[11,1]",14.059672,"[1,3]",Up Tree,37
ROUTE,4578.974875,26,"[1,3]",98_10,"[25,1]","[11,1]",14.059672,"[1,254]",Cluster Routing Router Gateway,37
ROUTE,4578.974988,24,"[1,1]",98_10,"[25,1]","[11,1]",14.059672,"[1,4]",Down Tree,24
ROUTE,4578.975077,23,"[1,4]",98_10,"[25,1]","[11,1]",14.059672,"[6,1]",Cluster Routing Router Gateway 2,24
ROUTE,4578.975171,22,"[6,1]",98_10,"[25,1]","[11,1]",14.059672,"[6,2]",Cluster Routing Cluster,22
ROUTE,4578.975247,21,"[6,2]",98_10,"[25,1]","[11,1]",14.059672,"[11,1]",Cluster Routing Cluster,21
RECEIVE,4578.975308,20,"[11,1]",98_10,"[25,1]","[11,1]",14.059672,,,21
SEND,4595.355818,39,"[10,4]",39_9,"[10,4]","[24,4]",46.299833,,,
ROUTE,4595.355818,39,"[10,4]",39_9,"[10,4]","[24,4]",46.299833,"[10,254]",Up Tree,39
ROUTE,4595.355912,48,"[10,1]",39_9,"[10,4]","[24,4]",46.299833,"[4,2]",Cluster Routing Cluster,48
SEND,4595.607318,75,"[31,3]",75_20,"[31,3]","[29,3]",37.309862,,,
ROUTE,4595.607318,75,"[31,3]",75_20,"[31,3]","[29,3]",37.309862,"[29,3]",Cluster Routing Cluster,75
RECEIVE,4595.607418,86,"[29,3]",75_20,"[31,3]","[29,3]",37.309862,,,75
SEND,4599.912213,75,"[31,3]",75_21,"[31,3]","[22,4]",17.670121,,,
ROUTE,4599.912213,75,"[31,3]",75_21,"[31,3]","[22,4]",17.670121,"[22,5]",Cluster Routing Cluster,75
SEND,4605.807231,34,"[3,10]",34_10,"[3,10]","[4,2]",24.104650,,,
ROUTE,4605.807231,34,"[3,10]",34_10,"[3,10]","[4,2]",24.104650,"[3,254]",Up Tree,34
SEND,4608.586883,57,"[4,2]",57_21,"[4,2]","[34,2]",33.420867,,,
SEND,4609.840721,20,"[11,1]",20_12,"[11,1]","[3,10]",47.355501,,,
SEND,4625.419933,1,"[12,3]",1_10,"[12,3]","[12,1]",18.438226,,,
ROUTE,4625.419933,1,"[12,3]",1_10,"[12,3]","[12,1]",18.438226,"[6,7]",Cluster Routing Cluster,1
SEND,4628.529624,27,"[2,6]",27_9,"[2,6]","[28,1]",10.934931,,,
ROUTE,4628.529624,27,"[2,6]",27_9,"[2,6]","[28,1]",10.934931,"[2,254]",Up Tree,27
ROUTE,4628.529695,37,"[2,1]",27_9,"[2,6]","[28,1]",10.934931,"[1,3]",Up Tree,37
ROUTE,4628.529813,26,"[1,3]",27_9,"[2,6]","[28,1]",10.934931,"[1,254]",Cluster Routing Router Gateway,37
ROUTE,4628.529925,24,"[1,1]",27_9,"[2,6]","[28,1]",10.934931,"[1,4]",Down Tree,24
ROUTE,4628.530014,23,"[1,4]",27_9,"[2,6]","[28,1]",10.934931,"[6,1]",Cluster Routing Router Gateway 2,24
ROUTE,4628.530108,22,"[6,1]",27_9,"[2,6]","[28,1]",10.934931,"[6,5]",Down Tree,22
ROUTE,4628.530174,32,"[6,5]",27_9,"[2,6]","[28,1]",10.934931,"[16,1]",Cluster Routing Router Gateway 2,22
ROUTE,4628.530291,43,"[16,1]",27_9,"[2,6]","[28,1]",10.934931,"[16,3]",Down Tree,43
ROUTE,4628.530400,52,"[16,3]",27_9,"[2,6]","[28,1]",10.934931,"[23,2]",Cluster Routing Cluster,52
ROUTE,4628.530486,62,"[23,2]",27_9,"[2,6]","[28,1]",10.934931,"[28,1]",Cluster Routing Cluster,62
RECEIVE,4628.530561,73,"[28,1]",27_9,"[2,6]","[28,1]",10.934931,,,62
SEND,4640.671724,64,"[22,4]",64_9,"[22,4]","[14,1]",47.468268,,,
SEND,4641.102588,86,"[29,3]",86_10,"[29,3]","[3,9]",30.801872,,,
SEND,4666.225249,93,"[34,2]",93_8,"[34,2]","[24,2]",21.001695,,,
ROUTE,4666.225249,93,"[34,2]",93_8,"[34,2]","[24,2]",21.001695,"[34,254]",Up Tree,93
ROUTE,4666.225365,82,"[27,2]",93_8,"[34,2]","[24,2]",21.001695,"[27,254]",Up Tree,82
ROUTE,4666.225463,71,"[27,1]",93_8,"[34,2]","[24,2]",21.001695,"[21,2]",Up Tree,71
ROUTE,4666.225565,61,"[21,2]",93_8,"[34,2]","[24,2]",21.001695,"[21,254]",Cluster Routing Router Gateway,71
ROUTE,4666.225676,50,"[14,4]",93_8,"[34,2]","[24,2]",21.001695,"[14,254]",Up Tree,50
ROUTE,4666.225774,40,"[14,2]",93_8,"[34,2]","[24,2]",21.001695,"[6,4]",Up Tree,40
ROUTE,4666.225867,31,"[6,4]",93_8,"[34,2]","[24,2]",21.001695,"[6,254]",Cluster Routing Router Gateway,40
ROUTE,4666.225966,22,"[6,1]",93_8,"[34,2]","[24,2]",21.001695,"[1,4]",Up Tree,22
ROUTE,4666.226060,23,"[1,4]",93_8,"[34,2]","[24,2]",21.001695,"[1,254]",Cluster Routing Router Gateway,22
ROUTE,4666.226148,24,"[1,1]",93_8,"[34,2]","[24,2]",21.001695,"[1,3]",Down Tree,24
ROUTE,4666.226261,26,"[1,3]",93_8,"[34,2]","[24,2]",21.001695,"[2,1]",Cluster Routing Router Gateway 2,24
ROUTE,4666.226378,37,"[2,1]",93_8,"[34,2]","[24,2]",21.001695,"[2,5]",Down Tree,37
ROUTE,4666.226475,38,"[2,5]",93_8,"[34,2]","[24,2]",21.001695,"[10,1]",Cluster Routing Router Gateway 2,37
ROUTE,4666.226578,48,"[10,1]",93_8,"[34,2]","[24,2]",21.001695,"[10,3]",Down Tree,48
ROUTE,4666.226665,59,"[10,3]",93_8,"[34,2]","[24,2]",21.001695,"[17,1]",Cluster Routing Router Gateway 2,48
ROUTE,4666.226739,69,"[17,1]",93_8,"[34,2]","[24,2]",21.001695,"[24,254]",Cluster Routing Cluster,69
ROUTE,4666.226854,78,"[17,3]",93_8,"[34,2]","[24,2]",21.001695,"[24,2]",Cluster Routing Cluster,78
RECEIVE,4666.226973,89,"[24,2]",93_8,"[34,2]","[24,2]",21.001695,,,78
SEND,4671.397760,55,"[4,4]",55_9,"[4,4]","[11,1]",24.346418,,,
ROUTE,4671.397760,55,"[4,4]",55_9,"[4,4]","[11,1]",24.346418,"[4,254]",Up Tree,55
ROUTE,4671.397840,56,"[4,3]",55_9,"[4,4]","[11,1]",24.346418,"[2,3]",Up Tree,56
ROUTE,4671.397931,47,"[2,3]",55_9,"[4,4]","[11,1]",24.346418,"[2,254]",Cluster Routing Router Gateway,56
ROUTE,4671.398023,37,"[2,1]",55_9,"[4,4]","[11,1]",24.346418,"[1,3]",Up Tree,37
ROUTE,4671.398140,26,"[1,3]",55_9,"[4,4]","[11,1]",24.346418,"[1,254]",Cluster Routing Router Gateway,37
ROUTE,4671.398253,24,"[1,1]",55_9,"[4,4]","[11,1]",24.346418,"[1,4]",Down Tree,24
ROUTE,4671.398341,23,"[1,4]",55_9,"[4,4]","[11,1]",24.346418,"[6,1]",Cluster Routing Router Gateway 2,24
ROUTE,4671.398435,22,"[6,1]",55_9,"[4,4]","[11,1]",24.346418,"[6,2]",Cluster Routing Cluster,22
ROUTE,4671.398511,21,"[6,2]",55_9,"[4,4]","[11,1]",24.346418,"[11,1]",Cluster Routing Cluster,21
RECEIVE,4671.398573,20,"[11,1]",55_9,"[4,4]","[11,1]",24.346418,,,21
SEND,4676.276241,66,"[4,2]",66_37,"[4,2]","[5,3]",23.982742,,,
ROUTE,4676.276241,66,"[4,2]",66_37,"[4,2]","[5,3]",23.982742,"[4,254]",Up Tree,66
ROUTE,4676.276316,56,"[4,3]",66_37,"[4,2]","[5,3]",23.982742,"[2,3]",Up Tree,56
ROUTE,4676.276408,47,"[2,3]",66_37,"[4,2]","[5,3]",23.982742,"[2,254]",Cluster Routing Router Gateway,56
ROUTE,4676.276499,37,"[2,1]",66_37,"[4,2]","[5,3]",23.982742,"[2,4]",Cluster Routing Cluster,37
ROUTE,4676.276613,28,"[2,4]",66_37,"[4,2]","[5,3]",23.982742,"[5,3]",Cluster Routing Cluster,28
RECEIVE,4676.276693,17,"[5,3]",66_37,"[4,2]","[5,3]",23.982742,,,28
SEND,4680.851877,51,"[14,3]",51_11,"[14,3]","[3,10]",15.351942,,,
ROUTE,4680.851877,51,"[14,3]",51_11,"[14,3]","[3,10]",15.351942,"[14,254]",Up Tree,51
ROUTE,4680.851958,40,"[14,2]",51_11,"[14,3]","[3,10]",15.351942,"[6,4]",Up Tree,40
ROUTE,4680.852050,31,"[6,4]",51_11,"[14,3]","[3,10]",15.351942,"[6,254]",Cluster Routing Router Gateway,40
ROUTE,4680.852149,22,"[6,1]",51_11,"[14,3]","[3,10]",15.351942,"[1,4]",Cluster Routing Cluster,22
ROUTE,4680.852243,23,"[1,4]",51_11,"[14,3]","[3,10]",15.351942,"[3,10]",Cluster Routing Cluster,23
RECEIVE,4680.852354,34,"[3,10]",51_11,"[14,3]","[3,10]",15.351942,,,23
SEND,4682.962280,15,"[19,2]",15_10,"[19,2]","[28,1]",23.840794,,,
SEND,4696.558818,68,"[17,2]",68_10,"[17,2]","[3,8]",46.632651,,,
ROUTE,4696.558818,68,"[17,2]",68_10,"[17,2]","[3,8]",46.632651,"[17,254]",Up Tree,68
ROUTE,4696.558926,69,"[17,1]",68_10,"[17,2]","[3,8]",46.632651,"[10,3]",Up Tree,69
ROUTE,4696.559000,59,"[10,3]",68_10,"[17,2]","[3,8]",46.632651,"[10,254]",Cluster Routing Router Gateway,69
ROUTE,4696.559087,48,"[10,1]",68_10,"[17,2]","[3,8]",46.632651,"[2,5]",Up Tree,48
ROUTE,4696.559189,38,"[2,5]",68_10,"[17,2]","[3,8]",46.632651,"[2,254]",Cluster Routing Cluster,38
ROUTE,4696.559287,37,"[2,1]",68_10,"[17,2]","[3,8]",46.632651,"[3,8]",Cluster Routing Cluster,37
RECEIVE,4696.559348,36,"[3,8]",68_10,"[17,2]","[3,8]",46.632651,,,37
SEND,4700.251868,10,"[18,2]",10_20,"[18,2]","[29,3]",43.854215,,,
SEND,4701.819330,10,"[18,2]",10_21,"[18,2]","[12,1]",43.808444,,,
SEND,4732.719807,67,"[24,4]",67_10,"[24,4]","[4,4]",24.850271,,,
ROUTE,4732.719807,67,"[24,4]",67_10,"[24,4]","[4,4]",24.850271,"[24,254]",Up Tree,67
ROUTE,4732.719906,78,"[17,3]",67_10,"[24,4]","[4,4]",24.850271,"[17,254]",Up Tree,78
ROUTE,4732.720022,69,"[17,1]",67_10,"[24,4]","[4,4]",24.850271,"[10,3]",Up Tree,69
ROUTE,4732.720095,59,"[10,3]",67_10,"[24,4]","[4,4]",24.850271,"[10,254]",Cluster Routing Router Gateway,69
ROUTE,4732.720183,48,"[10,1]",67_10,"[24,4]","[4,4]",24.850271,"[2,5]",Up Tree,48
ROUTE,4732.720285,38,"[2,5]",67_10,"[24,4]","[4,4]",24.850271,"[2,254]",Cluster Routing Router Gateway,48
ROUTE,4732.720383,37,"[2,1]",67_10,"[24,4]","[4,4]",24.850271,"[2,3]",Down Tree,37
ROUTE,4732.720474,47,"[2,3]",67_10,"[24,4]","[4,4]",24.850271,"[4,254]",Cluster Routing Cluster,47
ROUTE,4732.720566,56,"[4,3]",67_10,"[24,4]","[4,4]",24.850271,"[4,4]",Cluster Routing Cluster,56
RECEIVE,4732.720646,55,"[4,4]",67_10,"[24,4]","[4,4]",24.850271,,,56
SEND,4751.579135,36,"[3,8]",36_13,"[3,8]","[32,1]",23.785584,,,
ROUTE,4751.579135,36,"[3,8]",36_13,"[3,8]","[32,1]",23.785584,"[3,254]",Up Tree,36
SEND,4752.059697,29,"[10,2]",29_11,"[10,2]","[33,1]",28.687246,,,
SEND,4754.098161,91,"[33,1]",91_9,"[33,1]","[5,1]",18.775512,,,
ROUTE,4754.098161,91,"[33,1]",91_9,"[33,1]","[5,1]",18.775512,"[33,254]",Up Tree,91
ROUTE,4754.098225,81,"[26,3]",91_9,"[33,1]","[5,1]",18.775512,"[26,254]",Up Tree,81
ROUTE,4754.098333,70,"[26,1]",91_9,"[33,1]","[5,1]",18.775512,"[21,1]",Up Tree,70
ROUTE,4754.098401,60,"[21,1]",91_9,"[33,1]","[5,1]",18.775512,"[21,254]",Cluster Routing Router Gateway,70
ROUTE,4754.098462,50,"[14,4]",91_9,"[33,1]","[5,1]",18.775512,"[14,254]",Up Tree,50
ROUTE,4754.098560,40,"[14,2]",91_9,"[33,1]","[5,1]",18.775512,"[6,4]",Up Tree,40
ROUTE,4754.098652,31,"[6,4]",91_9,"[33,1]","[5,1]",18.775512,"[6,254]",Cluster Routing Router Gateway,40
ROUTE,4754.098751,22,"[6,1]",91_9,"[33,1]","[5,1]",18.775512,"[1,4]",Up Tree,22
ROUTE,4754.098845,23,"[1,4]",91_9,"[33,1]","[5,1]",18.775512,"[1,254]",Cluster Routing Router Gateway,22
ROUTE,4754.098934,24,"[1,1]",91_9,"[33,1]","[5,1]",18.775512,"[1,3]",Down Tree,24
ROUTE,4754.099047,26,"[1,3]",91_9,"[33,1]","[5,1]",18.775512,"[5,3]",Cluster Routing Cluster,26
SEND,4761.929702,90,"[32,1]",90_10,"[32,1]","[4,2]",48.981996,,,
ROUTE,4761.929702,90,"[32,1]",90_10,"[32,1]","[4,2]",48.981996,"[32,254]",Up Tree,90
ROUTE,4761.929799,80,"[26,2]",90_10,"[32,1]","[4,2]",48.981996,"[26,254]",Up Tree,80
ROUTE,4761.929868,70,"[26,1]",90_10,"[32,1]","[4,2]",48.981996,"[21,1]",Up Tree,70
ROUTE,4761.929936,60,"[21,1]",90_10,"[32,1]","[4,2]",48.981996,"[21,254]",Cluster Routing Router Gateway,70
ROUTE,4761.929997,50,"[14,4]",90_10,"[32,1]","[4,2]",48.981996,"[14,254]",Up Tree,50
ROUTE,4761.930095,40,"[14,2]",90_10,"[32,1]","[4,2]",48.981996,"[6,4]",Up Tree,40
ROUTE,4761.930187,31,"[6,4]",90_10,"[32,1]","[4,2]",48.981996,"[6,254]",Cluster Routing Router Gateway,40
ROUTE,4761.930286,22,"[6,1]",90_10,"[32,1]","[4,2]",48.981996,"[1,4]",Up Tree,22
ROUTE,4761.930380,23,"[1,4]",90_10,"[32,1]","[4,2]",48.981996,"[1,254]",Cluster Routing Router Gateway,22
ROUTE,4761.930469,24,"[1,1]",90_10,"[32,1]","[4,2]",48.981996,"[1,3]",Down Tree,24
ROUTE,4761.930581,26,"[1,3]",90_10,"[32,1]","[4,2]",48.981996,"[2,1]",Cluster Routing Router Gateway 2,24
ROUTE,4761.930698,37,"[2,1]",90_10,"[32,1]","[4,2]",48.981996,"[2,2]",Cluster Routing Cluster,37
SEND,4781.554437,89,"[24,2]",89_10,"[24,2]","[33,1]",17.023716,,,
ROUTE,4781.554437,89,"[24,2]",89_10,"[24,2]","[33,1]",17.023716,"[24,254]",Up Tree,89
ROUTE,4781.554556,78,"[17,3]",89_10,"[24,2]","[33,1]",17.023716,"[17,254]",Up Tree,78
ROUTE,4781.554672,69,"[17,1]",89_10,"[24,2]","[33,1]",17.023716,"[10,3]",Up Tree,69
ROUTE,4781.554745,59,"[10,3]",89_10,"[24,2]","[33,1]",17.023716,"[10,254]",Cluster Routing Router Gateway,69
ROUTE,4781.554833,48,"[10,1]",89_10,"[24,2]","[33,1]",17.023716,"[2,5]",Up Tree,48
ROUTE,4781.554935,38,"[2,5]",89_10,"[24,2]","[33,1]",17.023716,"[2,254]",Cluster Routing Router Gateway,48
ROUTE,4781.555033,37,"[2,1]",89_10,"[24,2]","[33,1]",17.023716,"[1,3]",Up Tree,37
ROUTE,4781.555150,26,"[1,3]",89_10,"[24,2]","[33,1]",17.023716,"[1,254]",Cluster Routing Router Gateway,37
ROUTE,4781.555262,24,"[1,1]",89_10,"[24,2]","[33,1]",17.023716,"[1,4]",Down Tree,24
ROUTE,4781.555351,23,"[1,4]",89_10,"[24,2]","[33,1]",17.023716,"[6,1]",Cluster Routing Router Gateway 2,24
ROUTE,4781.555445,22,"[6,1]",89_10,"[24,2]","[33,1]",17.023716,"[6,4]",Down Tree,22
ROUTE,4781.555544,31,"[6,4]",89_10,"[24,2]","[33,1]",17.023716,"[14,2]",Cluster Routing Router Gateway 2,22
ROUTE,4781.555636,40,"[14,2]",89_10,"[24,2]","[33,1]",17.023716,"[14,4]",Down Tree,40
ROUTE,4781.555734,50,"[14,4]",89_10,"[24,2]","[33,1]",17.023716,"[21,1]",Down Tree,50
ROUTE,4781.555795,60,"[21,1]",89_10,"[24,2]","[33,1]",17.023716,"[26,1]",Cluster Routing Router Gateway 2,50
ROUTE,4781.555863,70,"[26,1]",89_10,"[24,2]","[33,1]",17.023716,"[33,254]",Cluster Routing Cluster,70
ROUTE,4781.555972,81,"[26,3]",89_10,"[24,2]","[33,1]",17.023716,"[33,1]",Cluster Routing Cluster,81
RECEIVE,4781.556035,91,"[33,1]",89_10,"[24,2]","[33,1]",17.023716,,,81
SEND,4786.877770,53,"[16,2]",53_10,"[16,2]","[19,2]",28.862462,,,
ROUTE,4786.877770,53,"[16,2]",53_10,"[16,2]","[19,2]",28.862462,"[16,254]",Up Tree,53
ROUTE,4786.877867,43,"[16,1]",53_10,"[16,2]","[19,2]",28.862462,"[6,5]",Up Tree,43
ROUTE,4786.877984,32,"[6,5]",53_10,"[16,2]","[19,2]",28.862462,"[6,254]",Cluster Routing Router Gateway,43
ROUTE,4786.878051,22,"[6,1]",53_10,"[16,2]","[19,2]",28.862462,"[1,4]",Up Tree,22
ROUTE,4786.878145,23,"[1,4]",53_10,"[16,2]","[19,2]",28.862462,"[1,2]",Cluster Routing Cluster,23
ROUTE,4786.878250,14,"[1,2]",53_10,"[16,2]","[19,2]",28.862462,"[19,2]",Cluster Routing Cluster,14
RECEIVE,4786.878283,15,"[19,2]",53_10,"[16,2]","[19,2]",28.862462,,,14
SEND,4787.201203,25,"[3,9]",25_11,"[3,9]","[12,1]",42.371609,,,
ROUTE,4787.201203,25,"[3,9]",25_11,"[3,9]","[12,1]",42.371609,"[3,254]",Up Tree,25
SEND,4793.417672,12,"[6,7]",12_10,"[6,7]","[12,1]",45.353871,,,
ROUTE,4793.417672,12,"[6,7]",12_10,"[6,7]","[12,1]",45.353871,"[12,1]",Cluster Routing Cluster,12
RECEIVE,4793.417775,3,"[12,1]",12_10,"[6,7]","[12,1]",45.353871,,,12
SEND,4794.028419,33,"[6,6]",33_11,"[6,6]","[24,4]",46.566917,,,
ROUTE,4794.028419,33,"[6,6]",33_11,"[6,6]","[24,4]",46.566917,"[6,254]",Up Tree,33
ROUTE,4794.028536,22,"[6,1]",33_11,"[6,6]","[24,4]",46.566917,"[1,4]",Up Tree,22
ROUTE,4794.028630,23,"[1,4]",33_11,"[6,6]","[24,4]",46.566917,"[1,254]",Cluster Routing Router Gateway,22
ROUTE,4794.028719,24,"[1,1]",33_11,"[6,6]","[24,4]",46.566917,"[1,3]",Down Tree,24
ROUTE,4794.028831,26,"[1,3]",33_11,"[6,6]","[24,4]",46.566917,"[2,1]",Cluster Routing Router Gateway 2,24
ROUTE,4794.028948,37,"[2,1]",33_11,"[6,6]","[24,4]",46.566917,"[2,5]",Down Tree,37
ROUTE,4794.029046,38,"[2,5]",33_11,"[6,6]","[24,4]",46.566917,"[10,1]",Cluster Routing Router Gateway 2,37
ROUTE,4794.029148,48,"[10,1]",33_11,"[6,6]","[24,4]",46.566917,"[4,2]",Cluster Routing Cluster,48
SEND,4796.248871,3,"[12,1]",3_11,"[12,1]","[24,2]",15.521747,,,
SEND,4797.061488,9,"[5,3]",9_9,"[5,3]","[10,2]",42.359154,,,
ROUTE,4797.061488,9,"[5,3]",9_9,"[5,3]","[10,2]",42.359154,"[5,254]",Up Tree,9
ROUTE,4797.061594,18,"[5,2]",9_9,"[5,3]","[10,2]",42.359154,"[10,2]",Cluster Routing Cluster,18
RECEIVE,4797.061709,29,"[10,2]",9_9,"[5,3]","[10,2]",42.359154,,,18
SEND,4803.122377,85,"[31,2]",85_10,"[31,2]","[10,2]",18.317433,,,
ROUTE,4803.122377,85,"[31,2]",85_10,"[31,2]","[10,2]",18.317433,"[31,254]",Up Tree,85
ROUTE,4803.122482,76,"[31,1]",85_10,"[31,2]","[10,2]",18.317433,"[24,5]",Up Tree,76
ROUTE,4803.122573,77,"[24,5]",85_10,"[31,2]","[10,2]",18.317433,"[24,254]",Cluster Routing Router Gateway,76
ROUTE,4803.122653,78,"[17,3]",85_10,"[31,2]","[10,2]",18.317433,"[17,254]",Up Tree,78
ROUTE,4803.122769,69,"[17,1]",85_10,"[31,2]","[10,2]",18.317433,"[10,3]",Cluster Routing Cluster,69
ROUTE,4803.122842,59,"[10,3]",85_10,"[31,2]","[10,2]",18.317433,"[10,2]",Cluster Routing Cluster,59
RECEIVE,4803.122893,49,"[10,2]",85_10,"[31,2]","[10,2]",18.317433,,,59
SEND,4803.962253,46,"[2,2]",46_16,"[2,2]","[10,2]",13.057423,,,
ROUTE,4803.962253,46,"[2,2]",46_16,"[2,2]","[10,2]",13.057423,"[2,254]",Up Tree,46
ROUTE,4803.962320,37,"[2,1]",46_16,"[2,2]","[10,2]",13.057423,"[2,4]",Cluster Routing Cluster,37
ROUTE,4803.962434,28,"[2,4]",46_16,"[2,2]","[10,2]",13.057423,"[10,2]",Cluster Routing Cluster,28
RECEIVE,4803.962513,29,"[10,2]",46_16,"[2,2]","[10,2]",13.057423,,,28
SEND,4804.906121,42,"[16,4]",42_10,"[16,4]","[12,3]",14.699613,,,
ROUTE,4804.906121,42,"[16,4]",42_10,"[16,4]","[12,3]",14.699613,"[16,254]",Up Tree,42
ROUTE,4804.906178,43,"[16,1]",42_10,"[16,4]","[12,3]",14.699613,"[6,5]",Up Tree,43
ROUTE,4804.906295,32,"[6,5]",42_10,"[16,4]","[12,3]",14.699613,"[6,254]",Cluster Routing Router Gateway,43
ROUTE,4804.906361,22,"[6,1]",42_10,"[16,4]","[12,3]",14.699613,"[6,8]",Cluster Routing Cluster,22
ROUTE,4804.906462,11,"[6,8]",42_10,"[16,4]","[12,3]",14.699613,"[12,3]",Cluster Routing Cluster,11
RECEIVE,4804.906539,1,"[12,3]",42_10,"[16,4]","[12,3]",14.699613,,,11
SEND,4815.602334,8,"[5,4]",8_11,"[5,4]","[3,10]",28.074993,,,
ROUTE,4815.602334,8,"[5,4]",8_11,"[5,4]","[3,10]",28.074993,"[5,254]",Up Tree,8
ROUTE,4815.602383,18,"[5,2]",8_11,"[5,4]","[3,10]",28.074993,"[2,4]",Up Tree,18
ROUTE,4815.602467,28,"[2,4]",8_11,"[5,4]","[3,10]",28.074993,"[2,254]",Cluster Routing Router Gateway,18
ROUTE,4815.602581,37,"[2,1]",8_11,"[5,4]","[3,10]",28.074993,"[1,3]",Up Tree,37
ROUTE,4815.602698,26,"[1,3]",8_11,"[5,4]","[3,10]",28.074993,"[3,10]",Cluster Routing Cluster,26
SEND,4827.228275,97,"[29,1]",97_9,"[29,1]","[6,7]",23.347316,,,
SEND,4851.417506,58,"[10,5]",58_11,"[10,5]","[25,1]",11.262271,,,
ROUTE,4851.417506,58,"[10,5]",58_11,"[10,5]","[25,1]",11.262271,"[10,254]",Up Tree,58
ROUTE,4851.417565,48,"[10,1]",58_11,"[10,5]","[25,1]",11.262271,"[10,3]",Down Tree,48
ROUTE,4851.417652,59,"[10,3]",58_11,"[10,5]","[25,1]",11.262271,"[17,1]",Cluster Routing Router Gateway 2,48
ROUTE,4851.417726,69,"[17,1]",58_11,"[10,5]","[25,1]",11.262271,"[25,254]",Cluster Routing Cluster,69
ROUTE,4851.417844,79,"[17,4]",58_11,"[10,5]","[25,1]",11.262271,"[25,1]",Cluster Routing Cluster,79
RECEIVE,4851.417961,98,"[25,1]",58_11,"[10,5]","[25,1]",11.262271,,,79
SEND,4854.457121,41,"[14,1]",41_13,"[14,1]","[17,2]",33.345713,,,
SEND,4857.761135,44,"[3,1]",44_24,"[3,1]","[3,2]",34.983192,,,
ROUTE,4857.761135,44,"[3,1]",44_24,"[3,1]","[3,2]",34.983192,"[3,2]",Cluster Routing Cluster,44
RECEIVE,4857.761201,45,"[3,2]",44_24,"[3,1]","[3,2]",34.983192,,,44
SEND,4871.164162,39,"[10,4]",39_10,"[10,4]","[3,9]",32.242833,,,
ROUTE,4871.164162,39,"[10,4]",39_10,"[10,4]","[3,9]",32.242833,"[10,254]",Up Tree,39
ROUTE,4871.164255,48,"[10,1]",39_10,"[10,4]","[3,9]",32.242833,"[2,5]",Up Tree,48
ROUTE,4871.164358,38,"[2,5]",39_10,"[10,4]","[3,9]",32.242833,"[2,254]",Cluster Routing Router Gateway,48
ROUTE,4871.164456,37,"[2,1]",39_10,"[10,4]","[3,9]",32.242833,"[3,8]",Cluster Routing Cluster,37
SEND,4883.541778,1,"[12,3]",1_11,"[12,3]","[10,2]",26.293650,,,
ROUTE,4883.541778,1,"[12,3]",1_11,"[12,3]","[10,2]",26.293650,"[12,254]",Up Tree,1
ROUTE,4883.541873,2,"[12,2]",1_11,"[12,3]","[10,2]",26.293650,"[6,3]",Up Tree,2
ROUTE,4883.541953,13,"[6,3]",1_11,"[12,3]","[10,2]",26.293650,"[6,254]",Cluster Routing Router Gateway,2
ROUTE,4883.542054,22,"[6,1]",1_11,"[12,3]","[10,2]",26.293650,"[1,4]",Up Tree,22
ROUTE,4883.542148,23,"[1,4]",1_11,"[12,3]","[10,2]",26.293650,"[1,254]",Cluster Routing Router Gateway,22
ROUTE,4883.542237,24,"[1,1]",1_11,"[12,3]","[10,2]",26.293650,"[1,3]",Down Tree,24
ROUTE,4883.542349,26,"[1,3]",1_11,"[12,3]","[10,2]",26.293650,"[2,1]",Cluster Routing Router Gateway 2,24
ROUTE,4883.542466,37,"[2,1]",1_11,"[12,3]","[10,2]",26.293650,"[2,4]",Cluster Routing Cluster,37
ROUTE,4883.542580,28,"[2,4]",1_11,"[12,3]","[10,2]",26.293650,"[10,2]",Cluster Routing Cluster,28
RECEIVE,4883.542659,29,"[10,2]",1_11,"[12,3]","[10,2]",26.293650,,,28
SEND,4886.360097,74,"[22,5]",74_22,"[22,5]","[17,2]",26.540428,,,
SEND,4907.420182,95,"[29,3]",95_11,"[29,3]","[31,2]",47.197656,,,
ROUTE,4907.420182,95,"[29,3]",95_11,"[29,3]","[31,2]",47.197656,"[31,2]",Cluster Routing Cluster,95
RECEIVE,4907.420246,85,"[31,2]",95_11,"[29,3]","[31,2]",47.197656,,,95
SEND,4923.787909,34,"[3,10]",34_11,"[3,10]","[18,2]",17.258240,,,
ROUTE,4923.787909,34,"[3,10]",34_11,"[3,10]","[18,2]",17.258240,"[3,254]",Up Tree,34
SEND,4926.042828,45,"[3,2]",45_17,"[3,2]","[18,2]",15.461971,,,
ROUTE,4926.042828,45,"[3,2]",45_17,"[3,2]","[18,2]",15.461971,"[3,254]",Up Tree,45
SEND,4929.773870,92,"[34,1]",92_10,"[34,1]","[18,2]",14.731729,,,
ROUTE,4929.773870,92,"[34,1]",92_10,"[34,1]","[18,2]",14.731729,"[34,254]",Up Tree,92
ROUTE,4929.773956,82,"[27,2]",92_10,"[34,1]","[18,2]",14.731729,"[27,254]",Up Tree,82
ROUTE,4929.774054,71,"[27,1]",92_10,"[34,1]","[18,2]",14.731729,"[21,2]",Up Tree,71
ROUTE,4929.774156,61,"[21,2]",92_10,"[34,1]","[18,2]",14.731729,"[21,254]",Cluster Routing Router Gateway,71
ROUTE,4929.774267,50,"[14,4]",92_10,"[34,1]","[18,2]",14.731729,"[14,254]",Up Tree,50
ROUTE,4929.774365,40,"[14,2]",92_10,"[34,1]","[18,2]",14.731729,"[6,4]",Up Tree,40
ROUTE,4929.774457,31,"[6,4]",92_10,"[34,1]","[18,2]",14.731729,"[11,1]",Cluster Routing Cluster,31
SEND,4930.031465,17,"[5,3]",17_14,"[5,3]","[34,2]",46.404618,,,
SEND,4933.085965,55,"[4,4]",55_10,"[4,4]","[23,1]",44.673948,,,
ROUTE,4933.085965,55,"[4,4]",55_10,"[4,4]","[23,1]",44.673948,"[22,4]",Cluster Routing Cluster,55
SEND,4952.299436,20,"[11,1]",20_13,"[11,1]","[28,1]",12.014984,,,
SEND,4952.506638,19,"[5,1]",19_10,"[5,1]","[18,2]",30.585175,,,
SEND,4955.642151,86,"[29,3]",86_11,"[29,3]","[3,2]",14.474590,,,
SEND,4962.650762,10,"[18,2]",10_22,"[18,2]","[16,2]",31.691771,,,
SEND,4966.952507,49,"[10,2]",49_11,"[10,2]","[3,9]",16.025570,,,
ROUTE,4966.952507,49,"[10,2]",49_11,"[10,2]","[3,9]",16.025570,"[10,254]",Up Tree,49
ROUTE,4966.952564,48,"[10,1]",49_11,"[10,2]","[3,9]",16.025570,"[2,5]",Up Tree,48
ROUTE,4966.952666,38,"[2,5]",49_11,"[10,2]","[3,9]",16.025570,"[2,254]",Cluster Routing Router Gateway,48
ROUTE,4966.952764,37,"[2,1]",49_11,"[10,2]","[3,9]",16.025570,"[3,8]",Cluster Routing Cluster,37
SEND,4968.121417,98,"[25,1]",98_11,"[25,1]","[5,3]",33.289852,,,
ROUTE,4968.121417,98,"[25,1]",98_11,"[25,1]","[5,3]",33.289852,"[25,254]",Up Tree,98
ROUTE,4968.121534,79,"[17,4]",98_11,"[25,1]","[5,3]",33.289852,"[17,254]",Up Tree,79
ROUTE,4968.121653,69,"[17,1]",98_11,"[25,1]","[5,3]",33.289852,"[10,3]",Up Tree,69
ROUTE,4968.121726,59,"[10,3]",98_11,"[25,1]","[5,3]",33.289852,"[10,254]",Cluster Routing Router Gateway,69
ROUTE,4968.121813,48,"[10,1]",98_11,"[25,1]","[5,3]",33.289852,"[2,5]",Up Tree,48
ROUTE,4968.121916,38,"[2,5]",98_11,"[25,1]","[5,3]",33.289852,"[2,6]",Cluster Routing Cluster,38
SEND,4975.912788,15,"[19,2]",15_11,"[19,2]","[33,1]",45.390531,,,
SEND,4976.558968,73,"[28,1]",73_10,"[28,1]","[33,1]",34.716031,,,
ROUTE,4976.558968,73,"[28,1]",73_10,"[28,1]","[33,1]",34.716031,"[34,254]",Cluster Routing Cluster,73
ROUTE,4976.559059,82,"[27,2]",73_10,"[28,1]","[33,1]",34.716031,"[33,1]",Cluster Routing Cluster,82
RECEIVE,4976.559131,91,"[33,1]",73_10,"[28,1]","[33,1]",34.716031,,,82
SEND,4979.475638,6,"[15,1]",6_12,"[15,1]","[12,3]",42.271910,,,
SEND,4999.210991,27,"[2,6]",27_10,"[2,6]","[24,4]",13.417101,,,
ROUTE,4999.210991,27,"[2,6]",27_10,"[2,6]","[24,4]",13.417101,"[2,254]",Up Tree,27
ROUTE,4999.211063,37,"[2,1]",27_10,"[2,6]","[24,4]",13.417101,"[2,5]",Down Tree,37
ROUTE,4999.211160,38,"[2,5]",27_10,"[2,6]","[24,4]",13.417101,"[10,1]",Cluster Routing Router Gateway 2,37
ROUTE,4999.211263,48,"[10,1]",27_10,"[2,6]","[24,4]",13.417101,"[4,2]",Cluster Routing Cluster,48
