node_id,0,1,2,3,4,5,6,7,8,9,10,11,12,13,14,15,16,17,18,19,20,21,22,23,24,25,26,27,28,29,30,31,32,33,34,35,36,37,38,39,40,41,42,43,44,45,46,47,48,49,50,51,52,53,54,55,56,57,58,59,60,61,62,63,64,65,66,67,68,69,70,71,72,73,74,75,76,77,78,79,80,81,82,83,84,85,86,87,88,89,90,91,92,93,94,95,96,97,98,99
0,0.000000,86.924397,181.206457,258.026654,309.720562,405.510868,468.884685,546.793028,603.282678,700.009049,81.623310,114.266992,190.177428,250.935715,360.450411,393.177598,509.703106,574.077242,621.243449,689.813694,130.713289,168.443998,214.629688,297.302927,375.617714,439.375965,484.982033,587.799988,643.384563,718.111442,209.163499,241.734983,275.450715,330.359441,407.717913,457.360680,532.739498,593.843902,676.348999,751.756315,294.142047,322.375715,352.966102,390.805153,438.326491,502.762129,589.545676,647.215659,722.808161,778.314766,383.054551,358.843926,422.975059,481.303277,502.577302,562.848085,612.153143,665.575527,721.958205,804.157920,436.709726,438.500780,506.705265,506.235213,538.491498,618.874281,665.038080,747.704625,798.377794,864.638387,504.623197,540.305838,584.183625,580.340924,645.555190,683.987212,724.374753,796.871114,843.599419,910.761195,569.651079,598.000318,633.885700,674.314039,712.533373,753.091992,783.771714,862.327896,927.415645,958.780360,666.665787,660.524929,719.427773,735.096155,791.449076,802.199493,859.268514,923.765460,953.855239,1025.939937
1,86.924397,0.000000,94.637494,171.102591,222.812254,318.917958,381.960620,459.876595,516.360847,613.124368,87.393479,77.178793,112.516660,168.148853,276.343058,308.718363,424.382821,488.208568,534.646882,603.551532,136.626242,139.720864,155.265513,223.809933,295.658828,357.490622,402.599209,504.149646,558.653073,632.650701,212.131680,214.849096,221.444572,270.572844,334.946259,384.442292,453.436455,513.961828,593.671960,669.295171,289.178365,295.067661,309.446736,337.773530,373.495512,435.526048,514.403751,572.256376,644.588793,699.456880,385.670003,338.795588,389.656943,433.221700,445.977841,501.894027,544.337911,593.792762,647.305526,727.556206,431.987453,419.385363,475.254476,463.227509,488.474506,562.118971,602.009421,678.611726,729.337753,790.182980,499.946894,520.510139,554.374442,545.407441,599.643733,628.320590,666.734302,734.322500,776.134685,842.592316,567.791595,583.509623,608.732696,641.247924,668.731891,705.124681,727.113866,801.875720,863.669284,892.953056,663.996445,643.920940,694.252202,702.177598,751.184602,758.120973,808.308889,867.483235,892.595881,962.246245
2,181.206457,94.637494,0.000000,78.019994,129.036882,227.612245,288.260027,366.403742,422.514449,519.871615,155.238244,116.535786,53.340141,80.230942,183.699181,215.503022,330.193299,393.684714,440.066838,508.916644,185.768041,154.204250,120.000908,150.315535,208.484301,267.001632,311.265586,411.239555,464.788224,538.290741,242.068000,212.079163,180.651721,215.440464,257.211314,305.317215,365.358983,424.893461,501.513184,577.225339,301.338590,281.259598,273.886031,287.567379,305.625084,362.839751,430.791508,488.437176,556.811581,610.851128,398.752365,329.890370,361.772353,385.139322,386.708649,435.848559,469.226252,513.496210,563.407031,641.222886,434.849739,406.746664,445.917161,420.401270,436.283907,500.143584,531.953628,600.803395,651.276126,705.925490,500.173141,503.181500,524.573630,509.856601,549.967459,566.658600,602.286199,663.580689,699.574204,764.932140,569.045517,570.411251,582.992587,605.782199,620.392151,651.465753,663.186679,733.026503,790.777260,817.635671,662.177006,627.095486,666.850498,665.854945,705.804892,708.304297,750.155643,802.883111,822.306441,888.966400
3,258.026654,171.102591,78.019994,0.000000,51.846483,149.719726,210.858047,288.818964,345.261326,442.173047,231.564260,189.840173,102.279575,63.696968,122.459427,150.566927,259.368314,320.701472,364.567150,434.419012,256.476677,214.674395,157.734704,136.726224,160.493830,208.212597,249.276836,344.014927,394.467141,465.860914,302.274960,256.704715,200.351130,215.376785,222.982350,266.182946,309.155840,365.870336,435.525811,511.061550,348.909934,312.547900,287.802809,286.097158,282.374662,330.616071,380.990356,437.418420,498.761691,551.037455,443.173711,361.950092,377.162464,380.570716,370.065843,409.702417,430.877596,467.312586,511.407459,584.901769,471.364296,432.745154,456.829909,419.724474,425.629435,477.147626,498.858983,556.935589,606.571299,652.314540,533.166503,522.632036,532.965395,513.429144,539.050841,542.729072,574.668384,627.884209,656.386544,719.865742,601.425083,591.823099,593.708292,607.465267,609.562535,634.790838,635.354391,698.876020,751.413913,775.160133,690.850898,644.519214,674.753539,665.806120,696.683629,694.790738,727.635467,772.940311,785.788600,848.534836
4,309.720562,222.812254,129.036882,51.846483,0.000000,101.386576,159.251290,237.367139,293.589112,390.840753,280.024997,236.620766,144.114542,87.982444,85.537593,107.545727,209.708397,269.757043,312.795101,382.845279,300.750743,253.843944,188.458541,139.887062,132.494959,168.073159,205.638059,295.979535,344.592695,414.954986,339.308535,285.580082,217.575759,219.013667,201.646697,239.162974,268.635361,322.780577,387.810859,463.037676,377.229269,331.558491,296.677440,284.935518,266.299368,306.643706,343.868838,398.899872,455.415890,506.436784,468.020615,380.189736,384.297958,374.396367,355.948765,388.286723,400.854948,431.686245,471.725340,542.231416,490.659609,445.713086,459.482071,415.331040,414.432589,456.848229,471.563015,522.123768,570.936531,611.019382,549.423198,530.020557,532.893275,510.396249,526.067747,521.063921,550.280105,597.862165,621.456017,683.507450,616.639882,599.787630,594.533699,602.159215,595.944415,617.111171,610.369693,669.451012,718.468789,740.200955,702.914828,649.369970,673.026106,658.866613,683.530790,678.763831,705.537370,745.849652,754.491250,814.601943
5,405.510868,318.917958,227.612245,149.719726,101.386576,0.000000,72.323718,144.561800,202.142936,295.660210,380.830792,337.888054,245.385228,186.592753,122.919659,115.439857,154.905344,199.401281,229.822942,302.008704,402.054464,353.913944,285.429926,219.463984,170.086757,164.902313,182.340730,243.407905,279.136690,340.289578,437.935484,379.486210,303.944090,291.327494,238.363156,259.374984,248.955720,289.851655,332.632044,404.333272,469.485026,415.940991,370.991660,346.841054,305.780306,327.443791,329.233573,377.285979,415.877462,461.008487,556.175365,462.757119,453.527163,424.530778,393.273904,409.843510,402.350212,417.194866,443.902382,502.911227,572.721282,520.987361,520.588615,466.873671,454.553356,478.055343,476.910463,507.052388,552.457165,574.966363,627.252326,596.535033,588.360274,561.627994,559.670609,537.508758,560.066883,593.422198,603.907563,661.023434,692.484891,666.123704,650.354635,647.887623,626.864329,639.687329,617.521575,665.168575,704.636682,720.770506,773.859661,710.587300,723.678520,700.901677,713.874824,703.605092,717.439056,745.997702,744.373498,797.034086
6,468.884685,381.960620,288.260027,210.858047,159.251290,72.323718,0.000000,78.273179,134.420399,231.796290,436.863087,392.009544,297.166383,234.029149,141.167708,117.122428,93.754914,128.176380,158.077099,230.076840,452.120940,399.244793,326.200334,246.125347,174.213590,140.920077,139.805009,177.611916,208.157808,267.966856,478.652595,413.298906,331.309657,306.477848,230.935746,237.976059,201.438517,232.137613,263.991841,334.086201,499.322784,437.482755,384.075965,350.337345,294.442060,301.451480,280.271776,322.769369,352.007542,394.388095,579.464158,481.281002,459.436676,415.536838,375.821082,380.692060,360.461422,365.542667,384.856800,438.194167,588.789878,530.986700,517.870260,457.692711,437.052948,446.654745,435.401722,453.390505,496.466222,510.962161,638.146837,597.115560,579.693195,550.051927,535.000820,501.702916,519.686027,544.277565,547.829704,602.145823,700.616083,665.573776,641.031695,630.655872,599.210156,606.234462,574.715182,615.330241,649.534501,662.891188,776.419131,705.026708,709.304966,680.217427,684.720520,670.863504,676.365298,697.875255,690.839861,739.580812
7,546.793028,459.876595,366.403742,288.818964,237.367139,144.561800,78.273179,0.000000,57.591669,153.530575,515.009731,469.999582,375.029613,311.521210,213.490960,185.160328,105.704673,91.576508,92.077695,163.148814,529.336940,475.445847,401.480994,317.512673,238.132016,189.423884,169.251115,156.323127,163.038589,206.682851,553.053289,485.357880,401.420280,370.863895,283.704771,278.627040,214.664904,224.589568,226.063080,287.354384,568.922610,503.255237,445.617127,406.258651,340.863803,333.814404,284.615163,315.523653,324.336073,358.398288,644.992906,544.814465,514.904831,460.083297,413.779069,406.410312,371.184401,361.439516,366.711350,406.226322,649.790274,588.423974,565.809844,501.169026,473.309573,467.884720,444.210411,443.303005,481.383155,479.433428,695.223963,646.752025,621.681230,589.802919,561.931977,516.361325,528.085651,539.676814,531.699617,580.099905,755.216307,713.622703,681.707631,663.912531,621.844798,621.998320,578.858173,608.582269,633.762445,642.030950,826.175912,748.456694,744.539501,709.393372,704.572968,686.653264,681.499271,692.769040,677.278373,718.787641
8,603.282678,516.360847,422.514449,345.261326,293.589112,202.142936,134.420399,57.591669,0.000000,99.424078,569.492638,524.050651,428.923332,364.908309,262.765445,232.316872,132.065275,85.506311,48.422495,111.227910,581.795819,526.552641,451.725294,364.594642,281.019037,224.870973,195.031909,147.733449,132.103033,158.079831,601.807631,531.906318,446.653178,411.648470,317.704557,304.515356,225.459413,219.397010,196.356871,247.928783,612.753393,543.994257,483.311250,440.035206,368.873559,352.009206,284.601961,305.540532,298.520294,325.364233,684.778589,583.372538,547.094263,484.501051,434.074607,417.908326,372.625524,352.233617,346.868073,375.208792,685.605959,621.621675,591.621549,524.234996,491.334864,474.878852,442.506831,427.702885,461.457675,447.611816,727.507903,673.265794,642.389232,609.072552,571.812434,517.733268,524.675340,526.571242,510.308103,553.916447,785.157591,738.452372,700.939300,677.572806,627.869599,622.906868,571.667167,593.117700,611.558641,616.137256,851.828452,769.421338,759.141004,719.600525,707.795275,686.991854,674.018696,677.741459,656.295430,692.389756
9,700.009049,613.124368,519.871615,442.173047,390.840753,295.660210,231.796290,153.530575,99.424078,0.000000,668.256026,623.011901,527.924250,464.053174,362.112716,331.407112,225.749542,166.514061,106.552404,100.349399,681.171469,625.967300,551.083142,463.375372,378.649394,319.744331,285.235516,212.762982,168.968097,143.172724,700.830056,630.276204,544.639407,507.602857,410.313390,391.496149,302.344826,279.463655,221.667229,244.778270,709.791571,639.434865,577.036408,531.261853,456.390547,431.096382,346.337510,352.744828,320.061754,330.409913,779.244618,677.278278,636.334324,567.356502,513.605173,488.394964,432.289492,398.114800,376.064358,381.663164,777.156477,711.301673,674.824571,605.346963,567.668408,538.791525,495.820464,460.496863,485.695159,449.276705,815.969919,756.611478,719.977762,685.393949,637.663866,573.485736,573.598843,560.576683,530.468662,563.949075,871.273652,819.743026,776.461663,746.829812,688.071896,676.249412,614.038203,621.765386,627.916115,625.407718,933.445201,846.421047,828.861929,784.209887,763.286443,738.687812,714.266375,705.677352,674.093008,699.366953
10,81.623310,87.393479,155.238244,231.564260,280.024997,380.830792,436.863087,515.009731,569.492638,668.256026,0.000000,46.701317,141.011215,205.413177,313.773626,346.750098,464.330999,530.394898,581.803209,647.405432,53.910793,87.816297,144.510897,235.035805,319.698888,385.731384,431.695018,536.381220,594.653109,671.546278,133.688601,160.116912,199.592393,256.223841,341.906571,390.975176,473.327475,534.786346,621.935810,696.445349,216.763908,240.806392,272.571794,312.773750,365.651420,431.103068,524.218024,581.306782,660.456577,716.602519,309.465799,278.105852,341.355114,401.286000,425.129007,487.029073,540.167270,596.455062,655.332333,739.376484,360.400103,358.197441,425.127695,425.217876,458.754547,540.997033,589.848490,676.053979,726.521338,797.274600,428.604787,460.120901,502.738601,498.717666,564.750179,605.534471,646.544784,721.041916,770.514766,837.994113,494.932055,519.136885,552.961813,592.737068,631.365314,672.513380,705.456173,785.373536,851.939144,884.417770,591.854398,581.243830,638.580999,653.540693,709.933760,721.002881,779.196324,845.111477,877.113375,950.280591
11,114.266992,77.178793,116.535786,189.840173,236.620766,337.888054,392.009544,469.999582,524.050651,623.011901,46.701317,0.000000,95.136928,159.400122,267.247696,300.198157,417.748219,483.876817,535.610717,600.918213,69.946437,63.195521,101.193326,189.235547,273.171464,339.108439,385.076264,489.717103,547.951793,624.864044,137.522497,139.212667,161.263572,216.166472,297.374697,346.726671,427.392127,488.839591,575.467923,650.084309,212.181945,220.312226,241.883273,277.082177,324.562728,389.409864,479.755875,537.082100,615.251225,671.274996,309.065555,262.639978,317.514041,369.099279,388.518368,448.582240,498.748136,553.526292,611.407026,694.873851,354.815482,343.346491,402.731368,396.033377,425.828730,504.892703,550.823386,634.491341,685.098447,753.691617,422.768153,444.843004,481.484362,474.455338,534.477502,570.214132,610.343445,682.613830,729.889875,797.171208,490.632862,507.062288,534.512087,569.734743,602.419760,641.406495,669.900587,748.098346,813.192336,844.742992,586.817676,567.864857,620.173775,630.706136,683.075586,692.082228,746.719690,810.015292,839.602567,911.703676
12,190.177428,112.516660,53.340141,102.279575,144.114542,245.385228,297.166383,375.029613,428.923332,527.924250,141.011215,95.136928,0.000000,64.404238,173.469602,206.497050,324.081476,389.850733,440.806953,506.741847,156.670116,112.438146,66.790820,111.498220,185.445979,249.497451,295.272896,398.889325,455.841477,531.966635,200.314594,161.491164,127.992238,166.770095,222.500750,271.949323,342.771240,403.760274,486.587502,561.853721,252.392335,228.274133,221.232749,237.942306,263.749419,324.291619,402.063125,459.908116,533.353362,588.599002,348.972782,277.113546,308.690800,335.425850,340.844542,393.391944,432.633770,481.309834,534.932523,615.669965,383.033014,353.539569,393.092684,369.540592,387.970691,455.813708,491.999867,566.451389,617.157921,677.812659,447.821212,449.842908,471.905717,457.889743,501.172274,522.319665,559.331748,624.208686,664.270420,730.527913,516.673207,517.094296,530.026594,553.947607,571.342177,604.109689,620.059166,692.585378,752.885087,781.450391,609.383173,573.766732,614.088074,614.229647,656.092850,659.804327,704.584580,760.231824,782.783037,851.385249
13,250.935715,168.148853,80.230942,63.696968,87.982444,186.592753,234.029149,311.521210,364.908309,464.053174,205.413177,159.400122,64.404238,0.000000,109.858233,142.814308,260.202075,325.723887,376.404352,442.514425,218.145509,167.427186,100.519314,77.521745,128.645958,189.341770,234.528341,336.865971,392.814709,468.386776,251.682270,198.296561,136.867003,153.489005,178.231926,225.659072,286.115436,346.214065,425.760519,501.316847,290.313850,249.724276,224.291877,225.232119,230.703010,285.005638,350.583312,408.255842,477.556259,531.996127,382.737505,299.029311,313.716988,321.189028,315.475534,360.431287,390.152067,433.368255,483.249613,561.514823,408.848646,369.120132,394.039340,359.319486,368.654298,426.264688,454.359343,520.954385,571.357066,625.835256,470.005069,459.053905,470.727761,452.175895,482.530658,492.537013,526.721048,585.437515,619.880070,685.022008,538.124664,528.183876,531.150660,546.862054,553.159005,581.007975,587.639412,655.399216,711.843608,738.114920,627.232036,581.158451,612.796693,605.768441,639.747093,639.663083,676.970132,726.715649,744.086295,809.860955
14,360.450411,276.343058,183.699181,122.459427,85.537593,122.919659,141.167708,213.490960,262.765445,362.112716,313.773626,267.247696,173.469602,109.858233,0.000000,33.027504,150.631786,216.629529,269.323691,333.677751,320.556405,264.041395,188.970526,104.960217,50.894924,85.779457,128.112054,227.815849,283.006866,358.580598,339.645773,272.409666,190.207754,169.784322,122.077401,154.916930,186.697999,243.816995,317.815267,393.526334,358.203902,298.126593,249.178394,224.022222,189.263529,223.245799,259.589833,315.465564,376.633652,429.443873,439.797046,343.402313,330.663013,304.599762,278.796738,305.672736,315.372822,346.877816,389.152080,462.548794,452.493826,398.768077,398.235953,346.681416,339.039771,374.493893,386.442282,437.119723,486.215734,529.861746,505.387243,473.682546,467.378294,441.881555,448.213598,437.798313,465.865281,512.335932,536.529637,599.107225,570.092668,543.317323,529.403077,530.516617,517.253801,535.675107,525.693703,583.945959,633.125559,655.320765,650.950300,588.480485,604.517611,585.349074,604.847581,598.161198,621.756499,660.600570,668.979677,729.468018
15,393.177598,308.718363,215.503022,150.566927,107.545727,115.439857,117.122428,185.160328,232.316872,331.407112,346.750098,300.198157,206.497050,142.814308,33.027504,0.000000,117.612918,183.696891,236.987692,300.774250,352.813000,295.661196,220.200794,132.574108,57.988162,61.103669,98.817380,195.740187,250.208128,325.581941,369.490909,300.350873,216.298089,189.365113,123.088711,146.037669,161.113104,215.784137,286.340298,362.049415,384.007774,320.516272,267.285607,236.241664,190.371964,214.832770,237.240928,291.621359,348.634430,400.524538,462.520114,364.161217,344.780247,309.653227,277.965079,297.690512,299.359402,325.547193,364.202773,435.168032,471.879611,415.164318,407.723276,352.046599,339.175847,366.412470,372.221432,416.204047,464.505942,503.583474,522.247630,485.228694,473.829477,446.537329,445.198935,427.892369,453.501349,495.133503,515.298992,576.660437,585.616686,554.415899,535.753261,532.447856,513.058646,528.191308,512.495891,566.987306,613.295477,633.898785,663.785749,597.044023,608.376014,585.606959,600.364462,591.549202,610.378508,645.242719,650.361786,708.747509
16,509.703106,424.382821,330.193299,259.368314,209.708397,154.905344,93.754914,105.704673,132.065275,225.749542,464.330999,417.748219,324.081476,260.202075,150.631786,117.612918,0.000000,66.602850,123.627055,183.574136,468.993757,410.638660,334.810578,242.970523,155.358993,94.003089,64.273196,89.290134,135.102406,208.416233,480.109284,407.216573,320.955560,281.932981,185.710756,174.376187,112.523798,138.388673,180.469986,254.610364,484.525477,413.687572,351.795993,307.970000,237.919969,228.111107,188.633885,229.139219,261.039331,306.448465,553.734582,451.985362,415.199303,355.663051,308.258493,301.612313,271.887602,272.392311,291.462755,348.011447,553.583343,489.626489,462.084544,396.351034,367.622872,364.476962,346.323643,359.742122,402.722721,420.167656,595.672825,543.423962,516.384891,484.263755,457.204781,415.682611,430.705943,451.435070,454.097778,508.846315,653.938006,609.597614,576.199832,558.348254,518.331189,521.067710,484.238088,522.219203,555.780656,569.398089,722.555885,643.274396,638.875555,604.391408,602.122989,585.823932,586.421987,605.127109,597.126410,646.034770
17,574.077242,488.208568,393.684714,320.701472,269.757043,199.401281,128.176380,91.576508,85.506311,166.514061,530.394898,483.876817,389.850733,325.723887,216.629529,183.696891,66.602850,0.000000,60.401947,117.096352,535.583810,477.226085,401.393735,309.313953,221.282089,157.706289,119.469256,65.713705,79.987241,145.198951,546.089540,472.564836,386.158838,344.938879,244.918005,225.074674,140.464248,136.378652,138.337056,206.135374,548.093381,475.564639,411.804000,364.993496,289.958321,268.135941,200.101132,225.681714,233.622699,270.586133,614.210807,511.984706,469.824114,402.542436,350.547201,332.485433,288.014460,272.053420,275.135340,317.004024,610.812415,544.787619,509.968461,441.489175,406.912086,389.489878,358.987183,352.214243,389.827927,390.264151,649.552671,591.755930,558.480337,524.779827,486.308858,433.377756,441.948174,449.297239,440.123318,488.937108,705.403182,655.983715,616.523160,592.195428,542.672697,538.787642,490.778982,517.676935,542.189961,550.773983,769.571336,685.434097,673.829316,634.101121,623.147046,603.093368,593.391121,602.016424,585.716436,627.569433
18,621.243449,534.646882,440.066838,364.567150,312.795101,229.822942,158.077099,92.077695,48.422495,106.552404,581.803209,535.610717,440.806953,376.404352,269.323691,236.987692,123.627055,60.401947,0.000000,72.279150,589.789558,532.429917,456.753068,366.005166,278.903157,216.891012,179.820772,110.141957,84.397682,114.624512,603.467767,530.838590,444.581202,404.637157,305.249960,285.006901,196.696087,180.513492,148.315029,200.119354,607.630262,535.638471,472.138630,425.370599,349.899320,325.366260,247.144930,262.720320,250.738551,276.944976,674.532952,572.336925,529.934357,461.086608,407.916059,385.680996,334.775372,309.328985,300.253949,326.802424,671.157358,604.934653,568.564447,499.412102,462.951614,439.347301,402.441619,382.031805,414.508090,399.189612,709.453502,650.364060,615.049940,580.834784,537.455677,478.815204,483.380890,481.421757,462.958606,505.776332,764.757544,713.904726,672.263638,645.154098,591.000906,583.334709,528.578137,547.108159,563.954292,568.000895,827.581309,741.776112,727.065887,684.866325,669.158576,646.954584,630.576912,631.740338,608.883670,644.177403
19,689.813694,603.551532,508.916644,434.419012,382.845279,302.008704,230.076840,163.148814,111.227910,100.349399,647.405432,600.918213,506.741847,442.514425,333.677751,300.774250,183.574136,117.096352,72.279150,0.000000,652.516222,593.882753,518.046268,425.390942,336.902862,271.718009,229.516930,134.997382,77.933849,49.011598,661.163537,586.569883,500.138896,455.951129,352.727218,324.580454,227.198524,191.639871,122.107622,148.392318,658.937457,584.087468,518.102657,467.835130,388.306433,353.089647,256.815790,256.180445,219.732354,232.576775,719.841494,617.457160,567.832008,490.935350,434.351356,401.663247,339.741770,300.541004,275.811116,283.855555,711.372792,642.735269,597.574095,526.478367,484.575522,447.211631,399.782368,360.309559,385.461978,353.313606,744.615528,678.850114,636.583078,601.140900,546.368148,477.820878,475.711924,460.345386,430.652186,466.040027,796.226411,739.300884,690.930217,656.935538,593.635053,579.262336,514.624238,521.439964,528.833835,527.852682,852.772658,761.760382,738.880664,691.471426,666.731780,641.019196,614.405558,605.406664,574.843407,602.604693
20,130.713289,136.626242,185.768041,256.476677,300.750743,402.054464,452.120940,529.336940,581.795819,681.171469,53.910793,69.946437,156.670116,218.145509,320.556405,352.813000,468.993757,535.583810,589.789558,652.516222,0.000000,61.487188,135.500840,229.655680,317.866148,384.488355,429.950515,534.949489,594.998844,673.108066,79.903652,117.999932,176.111427,233.657311,328.771130,376.202025,465.036648,526.157639,617.001429,690.159911,163.854859,195.366862,235.785795,281.544555,342.943643,408.960607,509.009709,564.955199,647.450578,703.936624,255.622286,228.898240,296.963178,364.302914,393.757477,458.064149,516.563783,576.185402,637.669817,723.339027,307.160985,308.054627,379.001604,384.792967,422.156609,508.032953,561.263448,652.111691,702.089931,778.094290,375.304267,409.750616,455.480306,453.574513,524.609924,571.157738,613.229297,690.908759,744.264661,811.969623,441.326891,467.345377,503.896462,546.347468,589.673093,632.847651,671.031409,753.208292,821.991895,856.047829,538.293337,529.817983,589.306474,606.881391,666.173820,679.036329,740.741763,809.708279,845.097452,919.845909
21,168.443998,139.720864,154.204250,214.674395,253.843944,353.913944,399.244793,475.445847,526.552641,625.967300,87.816297,63.195521,112.438146,167.427186,264.041395,295.661196,410.638660,477.226085,532.429917,593.882753,61.487188,0.000000,75.838714,169.397074,257.984305,324.488998,369.691548,474.570726,534.972390,613.312366,88.290148,76.194710,115.848904,173.428227,267.289508,314.822372,403.667892,464.740358,555.904331,628.872882,152.314199,157.538026,184.779112,225.788706,283.088281,349.040661,447.748112,503.868572,586.042493,642.517385,250.131228,199.447589,256.049333,313.469739,338.291750,401.181619,457.268652,515.900564,576.837962,662.268881,293.283525,280.151486,340.833428,337.791299,370.953210,453.801411,504.267263,593.048226,643.244411,717.642208,360.946209,381.663172,419.291618,413.366983,477.156665,518.051587,559.314595,634.882543,686.213873,753.846681,429.159343,443.943622,471.695489,508.192090,544.108221,584.810967,617.997422,698.520122,765.907873,799.089184,524.960736,504.674505,557.383179,569.131895,623.440171,633.781279,691.387018,757.509265,790.335299,864.085199
22,214.629688,155.265513,120.000908,157.734704,188.458541,285.429926,326.200334,401.480994,451.725294,551.083142,144.510897,101.193326,66.790820,100.519314,188.970526,220.200794,334.810578,401.393735,456.753068,518.046268,135.500840,75.838714,0.000000,94.170842,182.436059,249.032690,294.451278,399.449194,459.554992,537.762483,152.968839,98.970479,66.559099,116.604060,197.527775,246.479016,330.991282,392.353399,481.981650,555.576176,191.187737,161.539399,157.934580,182.511663,223.697559,288.286679,379.747886,436.796891,516.430667,572.699847,285.855234,210.509301,243.598556,278.365026,291.371234,349.289083,397.655155,452.435246,510.848262,594.897517,317.298467,286.761909,328.636935,309.780575,333.258107,407.748572,450.889264,533.346523,583.973341,652.902259,381.506476,383.457329,407.747311,395.392722,444.845497,473.717106,512.788759,582.972339,628.982041,696.183359,450.318227,450.454121,465.040683,491.558877,514.283899,549.942002,572.886513,649.314890,713.235426,744.224663,542.708680,507.477237,549.570963,552.185697,597.615068,603.475726,653.084526,713.236173,740.539672,811.811305
23,297.302927,223.809933,150.315535,136.726224,139.887062,219.463984,246.125347,317.512673,364.594642,463.375372,235.035805,189.235547,111.498220,77.521745,104.960217,132.574108,242.970523,309.313953,366.005166,425.390942,229.655680,169.397074,94.170842,0.000000,88.696488,155.099809,200.342221,305.304797,365.576486,443.934780,237.666465,167.845280,85.534578,79.799240,111.198695,160.804033,238.295484,299.754362,388.108834,462.039031,253.364257,196.491244,156.805646,149.400666,155.333356,213.476212,292.265871,349.985113,426.275054,482.172817,336.982052,243.698434,244.613056,244.216165,238.306984,285.550663,321.318717,370.058581,424.832967,506.898005,354.016262,306.210391,321.570616,283.032207,291.135331,350.284408,382.090034,454.953345,505.659836,567.630460,410.794527,390.437020,396.801224,376.737444,405.008926,416.734173,451.998661,514.022799,552.836294,619.037344,477.487190,460.138072,457.878320,470.763929,475.637306,503.815495,512.908230,583.069744,642.076996,670.171712,563.072910,510.651136,538.301106,529.251462,562.245874,562.214826,600.720787,652.567619,672.728839,740.491787
24,375.617714,295.658828,208.484301,160.493830,132.494959,170.086757,174.213590,238.132016,281.019037,378.649394,319.698888,273.171464,185.445979,128.645958,50.894924,57.988162,155.358993,221.282089,278.903157,336.902862,317.866148,257.984305,182.436059,88.696488,0.000000,66.634756,112.339153,217.367197,277.133043,355.342841,324.821208,252.046229,166.046332,133.013677,71.186704,106.967833,157.779800,218.440020,302.325648,377.148592,331.795334,265.184687,209.873443,178.406572,138.427832,174.152993,222.943904,280.329417,349.069909,403.799489,407.051454,307.648794,286.809810,254.861538,227.905181,256.016588,270.653153,307.704525,355.161825,432.870185,414.613127,357.248702,350.796655,297.109097,288.220502,324.717020,339.902590,396.817489,446.704450,497.512149,464.358815,427.704152,418.353930,392.124745,397.350481,388.632476,417.895188,467.801854,496.218266,560.202180,527.629846,497.034770,480.365723,480.042219,466.475245,485.532713,478.111242,539.032653,590.920516,614.934816,606.031256,540.586067,554.568919,534.608633,554.082536,547.763317,573.045121,614.281240,625.446600,688.095127
25,439.375965,357.490622,267.001632,208.212597,168.073159,164.902313,140.920077,189.423884,224.870973,319.744331,385.731384,339.108439,249.497451,189.341770,85.779457,61.103669,94.003089,157.706289,216.891012,271.718009,384.488355,324.488998,249.032690,155.099809,66.634756,0.000000,45.969775,150.829575,210.522530,288.836759,389.451956,315.111616,228.661142,187.957633,94.284838,97.567577,101.038098,158.339031,237.093318,312.389836,390.756860,319.712246,258.457158,216.923179,154.116432,163.648512,176.145897,230.827300,291.006701,344.227359,460.012434,358.502601,325.481018,275.062489,235.159361,245.398389,240.100298,264.451570,303.905290,376.780576,461.419019,399.100487,378.721438,317.071009,296.525030,313.319122,313.816894,355.119621,403.407459,444.180582,505.822279,458.909744,438.961535,409.136808,397.222556,372.667282,396.155372,434.908377,454.196110,515.634928,565.935388,526.660612,500.192272,490.342916,463.276350,474.844421,454.417485,506.804160,552.298106,572.796998,638.442163,564.634820,568.578668,540.938023,549.899060,538.863291,553.427403,585.727401,589.598916,647.655250
26,484.982033,402.599209,311.265586,249.276836,205.638059,182.340730,139.805009,169.251115,195.031909,285.235516,431.695018,385.076264,295.272896,234.528341,128.112054,98.817380,64.273196,119.469256,179.820772,229.516930,429.950515,369.691548,294.451278,200.342221,112.339153,45.969775,0.000000,105.044899,165.404951,244.049977,432.722117,357.369193,271.043124,226.682907,125.450270,110.122397,66.956620,117.143939,191.368528,266.820971,429.879042,356.387665,292.334759,246.107385,173.958508,165.558956,147.043264,197.407928,249.885162,301.760823,494.742585,392.519529,352.259970,291.396607,244.591905,242.051543,221.930634,235.388106,267.852250,336.596681,492.022102,426.965617,397.832780,332.155283,304.468552,307.156382,296.895774,325.725068,372.310393,405.621082,532.572630,479.212887,452.437633,420.605974,397.233183,361.954011,380.901594,411.089739,423.610988,482.866902,590.193901,545.324645,512.485187,496.274487,460.228083,466.430640,437.014968,482.827856,523.509481,541.452910,658.299948,579.249789,576.333903,543.663598,545.288787,531.067298,538.007331,563.812586,562.557188,617.182075
27,587.799988,504.149646,411.239555,344.014927,295.979535,243.407905,177.611916,156.323127,147.733449,212.762982,536.381220,489.717103,398.889325,336.865971,227.815849,195.740187,89.290134,65.713705,110.141957,134.997382,534.949489,474.570726,399.449194,305.304797,217.367197,150.829575,105.044899,0.000000,62.083624,140.799860,535.755598,459.443945,373.615785,325.891641,221.163671,189.959363,92.381922,71.664013,91.890994,167.103842,527.659060,451.408653,384.542420,333.347945,253.361728,219.883607,137.414271,159.969676,174.540761,217.611535,585.651099,483.359349,432.846464,357.382860,302.017831,276.004891,225.346688,206.374132,211.514009,260.591217,576.392288,507.770798,464.518778,394.098036,355.023493,329.259179,294.777375,286.980321,325.701767,333.364610,609.995318,546.110936,507.374576,472.669758,427.314162,370.149397,377.159069,383.670129,376.391645,427.265368,662.534822,608.039408,563.699127,535.206373,481.283300,475.214454,425.288706,452.292358,478.528976,488.722623,721.722091,633.697921,617.163312,574.740187,560.346254,539.262219,527.865861,536.543970,521.562146,565.562411
28,643.384563,558.653073,464.788224,394.467141,344.592695,279.136690,208.157808,163.038589,132.103033,168.968097,594.653109,547.951793,455.841477,392.814709,283.006866,250.208128,135.102406,79.987241,84.397682,77.933849,594.998844,534.972390,459.554992,365.576486,277.133043,210.522530,165.404951,62.083624,0.000000,78.872731,597.427885,521.316502,435.360230,387.964364,283.241681,251.070220,151.752490,113.785499,64.416661,126.384616,589.701958,513.269826,446.160500,394.400833,313.671573,275.766399,179.487380,184.197587,166.433640,195.678964,646.823138,544.638891,492.219031,413.604685,356.674025,323.952268,263.899834,230.094725,216.223652,244.409326,636.224241,566.923013,519.998593,448.760378,406.642333,370.969536,326.911290,298.740243,330.218435,317.354105,667.955095,601.163291,558.671589,523.267138,470.068261,404.521366,405.452063,398.522839,378.562518,421.914554,718.834661,661.395515,613.196497,580.149181,519.238641,507.508235,448.026048,463.363496,479.585784,484.125580,774.850334,683.951147,662.157389,615.966023,594.399418,570.243692,549.399476,547.966881,524.486563,560.470780
29,718.111442,632.650701,538.290741,465.860914,414.954986,340.289578,267.966856,206.682851,158.079831,143.172724,671.546278,624.864044,531.966635,468.386776,358.580598,325.581941,208.416233,145.198951,114.624512,49.011598,673.108066,613.312366,537.762483,443.934780,355.342841,288.836759,244.049977,140.799860,78.872731,0.000000,676.293677,600.178734,514.232838,466.639015,361.762649,328.088755,227.902268,181.554672,94.085820,101.665086,667.994667,591.105427,523.577570,471.016252,389.532356,347.233877,241.795885,230.737673,181.147968,187.254077,723.363388,621.423362,566.410173,484.301406,426.049465,386.765628,318.982485,272.301656,239.251234,238.493587,710.787756,640.671328,589.301886,517.465364,472.254044,426.368102,373.195761,323.693125,344.989574,306.519515,739.943345,669.636419,622.806763,586.795283,525.099582,451.221691,445.307808,423.023611,388.402295,420.776524,788.560675,727.567579,674.889010,636.648338,568.175919,550.031363,480.495617,481.561817,485.007013,482.264182,840.393980,746.224348,718.167493,667.790871,637.910649,610.384949,578.560358,564.866710,531.274568,556.412490
30,209.163499,212.131680,242.068000,302.274960,339.308535,437.935484,478.652595,553.053289,601.807631,700.830056,133.688601,137.522497,200.314594,251.682270,339.645773,369.490909,480.109284,546.089540,603.467767,661.163537,79.903652,88.290148,152.968839,237.666465,324.821208,389.451956,432.722117,535.755598,597.427885,676.293677,0.000000,78.130292,162.186906,214.078852,318.095025,360.939494,457.073940,516.353764,611.263295,681.482440,85.338059,133.938080,189.879577,243.181011,316.240956,380.878712,489.471029,542.659157,629.130095,685.494232,175.783647,157.428856,233.412888,312.521488,350.861764,417.693590,483.729225,547.643920,612.346716,699.581425,227.627447,233.517118,310.848779,326.534879,369.782071,460.293688,519.840035,616.917719,665.654797,749.074832,295.667891,334.215341,384.751935,386.354793,464.982625,520.372139,563.720015,645.724913,704.677373,772.259581,361.452304,389.523246,430.051658,476.515819,527.043205,573.145448,619.299286,704.434046,776.221524,812.500299,458.435046,452.412924,514.898830,536.380544,599.909986,615.488297,682.327280,755.650305,796.045550,872.854174
31,241.734983,214.849096,212.079163,256.704715,285.580082,379.486210,413.298906,485.357880,531.906318,630.276204,160.116912,139.212667,161.491164,198.296561,272.409666,300.350873,407.216573,472.564836,530.838590,586.569883,117.999932,76.194710,98.970479,167.845280,252.046229,315.111616,357.369193,459.443945,521.316502,600.178734,78.130292,0.000000,86.453160,136.075970,240.533715,282.856267,379.433854,438.440480,533.658520,603.535632,92.234843,81.435314,118.828853,168.490060,238.721603,303.811335,411.473212,464.962666,551.133433,607.529855,187.557933,124.034369,181.240394,246.628810,279.033763,344.825601,408.133848,471.028809,535.168383,622.222838,223.406558,204.542031,265.337684,266.916309,304.494682,391.709579,447.736000,542.347999,591.610809,672.808592,289.846054,305.752947,343.472634,338.619756,406.742025,454.038532,496.508549,575.836560,631.989090,699.696720,358.596387,368.837541,395.511354,432.892742,472.284065,514.930683,553.782129,636.855216,706.805124,741.862266,453.256276,429.071867,481.202921,493.770114,549.985533,561.793923,622.743221,692.075788,728.721516,804.244760
32,275.450715,221.444572,180.651721,200.351130,217.575759,303.944090,331.309657,401.420280,446.653178,544.639407,199.592393,161.263572,127.992238,136.867003,190.207754,216.298089,320.955560,386.158838,444.581202,500.138896,176.111427,115.848904,66.559099,85.534578,166.046332,228.661142,271.043124,373.615785,435.360230,514.232838,162.186906,86.453160,0.000000,57.602270,156.832819,201.993629,295.645396,355.622602,449.638840,520.707236,168.013489,113.988599,93.260068,116.684228,167.244786,233.192067,333.785907,389.213752,472.889334,529.420503,252.289603,162.834636,181.460433,211.866366,227.308763,287.683884,341.531363,400.157523,461.621015,547.520069,273.184796,232.498384,265.267618,243.373248,267.092176,343.731604,390.327358,477.369579,527.654888,602.007658,333.286996,324.798236,343.958414,330.118800,378.341829,409.266497,449.128764,521.768328,571.106578,638.657568,401.291066,393.225643,402.400891,426.244912,447.729129,483.694550,508.817313,586.881762,652.546325,684.827369,490.558274,448.105907,486.204725,486.688066,531.110703,536.944941,587.394793,649.031828,678.441128,750.968450
33,330.359441,270.572844,215.440464,215.376785,219.013667,291.327494,306.477848,370.863895,411.648470,507.602857,256.223841,216.166472,166.770095,153.489005,169.784322,189.365113,281.932981,344.938879,404.637157,455.951129,233.657311,173.428227,116.604060,79.799240,133.013677,187.957633,226.682907,325.891641,387.964364,466.639015,214.078852,136.075970,57.602270,0.000000,105.164741,146.918234,243.637936,302.372965,397.834900,467.459787,203.232098,132.503705,79.676049,72.458839,109.739966,175.628238,277.245985,332.173644,416.677936,473.188443,274.132094,174.810844,165.351025,169.825041,175.440721,232.740743,284.181142,342.561855,404.241556,490.359477,282.923622,229.801296,241.850778,206.414180,221.242510,291.558197,334.679459,420.062464,470.432329,544.437786,335.928180,311.008096,317.588640,298.705712,334.667002,357.752462,396.362376,466.593689,514.308557,581.771308,401.383906,380.785111,378.412603,393.603947,405.010857,437.366609,456.610922,532.718732,597.058869,628.653705,484.964194,430.865295,459.454088,452.839918,490.381947,493.187130,538.566458,596.983118,623.984053,695.593309
34,407.717913,334.946259,257.211314,222.982350,201.646697,238.363156,230.935746,283.704771,317.704557,410.313390,341.906571,297.374697,222.500750,178.231926,122.077401,123.088711,185.710756,244.918005,305.249960,352.727218,328.771130,267.289508,197.527775,111.198695,71.186704,94.284838,125.450270,221.163671,283.241681,361.762649,318.095025,240.533715,156.832819,105.164741,0.000000,49.674522,138.983185,198.802179,293.172255,363.874571,306.596742,231.463591,166.889078,122.716455,67.633491,107.752152,182.385575,239.755314,319.115091,375.496864,369.292805,267.094318,231.206215,186.737347,156.763817,187.299690,212.033041,258.864996,314.300464,397.529070,367.902985,304.865191,287.018821,229.142986,217.306698,255.504270,276.761297,344.297228,394.942539,456.921673,411.540077,366.230289,351.097016,323.462420,326.182311,320.382714,351.687644,407.327304,442.656235,508.471210,471.828444,434.643422,412.936971,409.819905,395.412570,415.464594,412.378177,477.573716,533.674271,560.502693,545.628659,475.138358,485.322349,463.819277,483.032153,477.259432,505.234517,550.284990,565.917458,631.786055
35,457.360680,384.442292,305.317215,266.182946,239.162974,259.374984,237.976059,278.627040,304.515356,391.496149,390.975176,346.726671,271.949323,225.659072,154.916930,146.037669,174.376187,225.074674,285.006901,324.580454,376.202025,314.822372,246.479016,160.804033,106.967833,97.567577,110.122397,189.959363,251.070220,328.088755,360.939494,282.856267,201.993629,146.918234,49.674522,0.000000,100.405602,156.275658,252.967102,320.980288,341.744408,263.560658,195.553956,143.395028,64.894517,68.879106,133.303417,190.370810,271.263876,327.768700,395.770452,293.569831,245.030345,181.469063,137.859174,151.749115,165.094065,209.362960,264.746379,348.424747,387.340291,320.078073,287.711111,222.620701,199.089484,220.559752,233.013105,295.529656,346.075117,407.294467,424.483718,369.108566,343.707826,312.873767,300.475740,283.034605,311.136004,361.776101,394.267439,459.697849,480.806225,435.256789,404.400047,392.822746,367.509030,382.267190,371.219047,432.693191,486.609411,512.456015,548.180471,470.164387,471.339093,443.457192,454.626266,445.520465,466.839572,507.370834,519.943783,584.411360
36,532.739498,453.436455,365.358983,309.155840,268.635361,248.955720,201.438517,214.664904,225.459413,302.344826,473.327475,427.392127,342.771240,286.115436,186.697999,161.113104,112.523798,140.464248,196.696087,227.198524,465.036648,403.667892,330.991282,238.295484,157.779800,101.038098,66.956620,92.381922,151.752490,227.902268,457.073940,379.433854,295.645396,243.637936,138.983185,100.405602,0.000000,61.458977,154.225580,225.386020,441.813146,363.930803,295.942844,243.119925,161.950388,128.755931,80.288503,131.061495,191.469557,246.020432,495.505916,393.521663,340.720380,265.511660,211.286715,192.985465,159.597654,168.443740,203.091298,276.297373,484.546201,415.568102,372.854111,303.017689,266.590962,253.221382,234.318443,258.776193,305.561075,343.167352,517.613507,454.571802,418.463622,384.493912,347.979587,303.178195,318.702800,344.803128,356.802398,416.602100,570.427043,517.400493,476.150991,452.319233,407.180003,408.615600,373.280215,416.416447,456.562520,474.823246,631.101357,545.302939,533.764071,495.719907,490.191027,473.367912,475.037125,497.895249,495.636755,550.409534
37,593.843902,513.961828,424.893461,365.870336,322.780577,289.851655,232.137613,224.589568,219.397010,279.463655,534.786346,488.839591,403.760274,346.214065,243.816995,215.784137,138.388673,136.378652,180.513492,191.639871,526.157639,464.740358,392.353399,299.754362,218.440020,158.339031,117.143939,71.664013,113.785499,181.554672,516.353764,438.440480,355.622602,302.372965,198.802179,156.275658,61.458977,0.000000,97.496471,165.147315,497.352564,418.359880,349.589586,294.927171,212.523049,165.814296,66.967483,91.750126,132.895782,185.972566,545.812378,444.800800,385.954747,302.759031,244.713325,210.224332,154.263411,136.976844,154.050828,219.452840,530.428613,459.784565,408.103809,336.447612,293.088142,259.563174,223.114400,221.874886,264.334818,288.829621,558.412359,488.813579,444.964129,409.501506,358.261342,298.632513,305.652340,315.844377,315.718474,371.272369,607.298839,548.132034,499.432320,467.454792,410.524565,403.591809,354.629477,385.719851,417.400226,431.407813,661.456492,570.165726,549.493193,505.147991,488.907620,467.604599,457.276360,469.385162,458.933349,507.930231
38,676.348999,593.671960,501.513184,435.525811,387.810859,332.632044,263.991841,226.063080,196.356871,221.667229,621.935810,575.467923,486.587502,425.760519,317.815267,286.340298,180.469986,138.337056,148.315029,122.107622,617.001429,555.904331,481.981650,388.108834,302.325648,237.093318,191.368528,91.890994,64.416661,94.085820,611.263295,533.658520,449.638840,397.834900,293.172255,252.967102,154.225580,97.496471,0.000000,75.718440,594.539127,515.737618,447.032582,392.421962,310.012951,261.188001,150.493479,136.847833,102.625418,132.499408,643.067929,542.226450,482.113231,396.165261,337.099756,294.235925,224.997024,179.512005,155.226564,180.328551,626.502497,555.379068,499.522868,427.495913,380.582764,332.305857,279.890115,239.219351,267.759950,253.446117,652.180330,579.061014,530.139072,493.970523,431.013770,358.005024,354.062556,339.349872,315.291584,357.564571,698.657829,635.598897,581.443216,542.575984,474.677384,458.115805,392.548797,402.289926,415.864430,419.783362,748.025384,652.862282,624.081887,573.934838,545.813489,519.389046,492.599491,486.716574,461.023415,496.082738
39,751.756315,669.295171,577.225339,511.061550,463.037676,404.333272,334.086201,287.354384,247.928783,244.778270,696.445349,650.084309,561.853721,501.316847,393.526334,362.049415,254.610364,206.135374,200.119354,148.392318,690.159911,628.872882,555.576176,462.039031,377.148592,312.389836,266.820971,167.103842,126.384616,101.665086,681.482440,603.535632,520.707236,467.459787,363.874571,320.980288,225.386020,165.147315,75.718440,0.000000,660.457654,580.799347,511.739305,456.061757,373.959378,319.320818,203.714035,170.185995,93.968805,86.059703,703.442181,604.146153,539.238558,448.691470,389.069922,337.842195,261.327724,201.526835,152.324378,137.078429,682.650904,610.669465,547.762411,476.076580,425.449248,363.844761,300.950661,233.637637,248.333225,205.026205,703.172768,624.836205,569.794753,533.285386,459.350394,376.835908,363.985956,330.268377,289.211134,319.235086,745.288041,677.067020,616.771821,571.018415,493.921029,469.286683,392.231169,384.776788,384.173384,380.629594,787.504187,688.244654,650.850412,595.595385,556.998935,526.657979,486.842570,466.988618,430.574190,454.765727
40,294.142047,289.178365,301.338590,348.909934,377.229269,469.485026,499.322784,568.922610,612.753393,709.791571,216.763908,212.181945,252.392335,290.313850,358.203902,384.007774,484.525477,548.093381,607.630262,658.937457,163.854859,152.314199,191.187737,253.364257,331.795334,390.756860,429.879042,527.659060,589.701958,667.994667,85.338059,92.234843,168.013489,203.232098,306.596742,341.744408,441.813146,497.352564,594.539127,660.457654,0.000000,80.363998,149.212237,205.598610,286.723161,346.323903,460.639384,509.543848,598.653160,654.045919,97.944473,80.344054,163.105655,253.296070,300.551831,367.924961,440.524857,507.694628,574.685478,662.340871,143.764986,150.028171,232.673632,259.093963,307.845969,401.351252,466.577603,568.739220,615.567619,705.783415,211.996988,249.565919,303.383443,308.164355,393.441835,457.206906,501.323670,586.855360,650.937915,717.815912,279.031404,304.189122,346.184107,395.420109,452.004376,500.535583,554.086103,641.460939,715.707697,753.944227,375.682764,367.082876,430.573929,454.559593,521.252510,539.103352,610.253717,687.259848,732.211890,810.602345
41,322.375715,295.067661,281.259598,312.547900,331.558491,415.940991,437.482755,503.255237,543.994257,639.434865,240.806392,220.312226,228.274133,249.724276,298.126593,320.516272,413.687572,475.564639,535.638471,584.087468,195.366862,157.538026,161.539399,196.491244,265.184687,319.712246,356.387665,451.408653,513.269826,591.105427,133.938080,81.435314,113.988599,132.503705,231.463591,263.560658,363.930803,418.359880,515.737618,580.799347,80.363998,0.000000,69.089617,125.312930,206.856956,265.960914,380.409067,429.186041,518.295502,573.683770,142.004997,49.444809,101.655983,179.574439,222.560921,290.033690,361.095581,427.837935,494.622931,582.293861,159.274531,126.144985,184.329811,192.722292,236.322331,327.969753,390.339326,490.793621,538.327762,626.719369,220.878372,225.819676,262.128908,258.347627,331.699690,386.908017,430.486245,513.745579,575.214490,642.487296,289.462702,290.741484,314.205082,351.938332,395.160578,439.998640,485.552831,571.179538,643.755218,680.808001,381.191275,349.708801,399.877732,412.734558,470.816589,484.239932,548.887393,621.712386,662.640915,739.892721
42,352.966102,309.446736,273.886031,287.802809,296.677440,370.991660,384.075965,445.617127,483.311250,577.036408,272.571794,241.883273,221.232749,224.291877,249.178394,267.285607,351.795993,411.804000,472.138630,518.102657,235.785795,184.779112,157.934580,156.805646,209.873443,258.457158,292.334759,384.542420,446.160500,523.577570,189.879577,118.828853,93.260068,79.676049,166.889078,195.553956,295.942844,349.589586,447.032582,511.739305,149.212237,69.089617,0.000000,56.476765,137.782651,197.417289,311.427156,360.764560,449.608020,505.170530,202.413683,100.242310,89.471608,128.882293,161.109590,227.814056,295.379232,361.034890,427.251144,514.903772,204.757900,150.171134,172.097164,154.235133,186.610027,272.882577,330.114070,427.376748,475.877038,561.208160,256.287543,234.862654,250.699428,237.459006,292.744495,335.415440,377.724170,457.251695,514.856763,582.473964,321.759755,304.228088,309.358987,333.624743,360.549163,400.126363,435.258025,518.028759,588.143935,623.562489,406.274329,356.952170,392.966454,394.274106,441.895403,450.203162,506.635421,573.997581,609.898139,685.472255
43,390.805153,337.773530,287.567379,286.097158,284.935518,346.841054,350.337345,406.258651,440.035206,531.261853,312.773750,277.082177,237.942306,225.232119,224.022222,236.241664,307.970000,364.993496,425.370599,467.835130,281.544555,225.788706,182.511663,149.400666,178.406572,216.923179,246.107385,333.347945,394.400833,471.016252,243.181011,168.490060,116.684228,72.458839,122.716455,143.395028,243.119925,294.927171,392.421962,456.061757,205.598610,125.312930,56.476765,0.000000,82.424101,140.953890,255.100616,304.307321,393.135761,448.696978,252.432143,150.418429,109.154861,97.586760,112.513166,176.720623,240.584515,305.345622,371.189074,458.802319,245.915314,182.178543,175.117457,134.126711,150.836501,228.246740,279.870006,374.014484,423.145027,506.168828,289.007258,249.697936,248.096746,227.337631,263.341665,293.185514,333.797687,409.452898,463.663349,531.387001,350.331060,319.296664,309.620514,321.642540,333.410404,367.534884,392.977037,472.735576,540.534293,574.545379,427.638218,365.503258,389.082889,380.602651,418.309315,422.043507,470.727399,532.976571,564.546592,638.537191
44,438.326491,373.495512,305.625084,282.374662,266.299368,305.780306,294.442060,340.863803,368.873559,456.390547,365.651420,324.562728,263.749419,230.703010,189.263529,190.371964,237.919969,289.958321,349.899320,388.306433,342.943643,283.088281,223.697559,155.333356,138.427832,154.116432,173.958508,253.361728,313.671573,389.532356,316.240956,238.721603,167.244786,109.739966,67.633491,64.894517,161.950388,212.523049,310.012951,373.959378,286.723161,206.856956,137.782651,82.424101,0.000000,66.017438,174.587841,226.464704,313.810943,369.908728,333.964121,232.437991,180.239301,121.096247,89.813319,130.223518,174.525856,233.448671,296.561849,383.506236,323.096027,255.300282,225.052476,163.312515,149.793661,195.598809,228.524431,310.419543,360.870236,435.484701,359.594675,305.893399,285.388144,256.716171,259.858276,261.834153,296.666159,360.834291,405.329588,472.623024,416.284276,372.976795,346.952453,342.218209,329.645049,352.492085,357.574883,428.845494,490.337825,520.635932,485.318841,410.615701,418.081174,396.239796,417.234845,413.107918,446.353236,497.293638,519.218973,588.938426
45,502.762129,435.526048,362.839751,330.616071,306.643706,327.443791,301.451480,333.814404,352.009206,431.096382,431.103068,389.409864,324.291619,285.005638,223.245799,214.832770,228.111107,268.135941,325.366260,353.089647,408.960607,349.040661,288.286679,213.476212,174.152993,163.648512,165.558956,219.883607,275.766399,347.233877,380.878712,303.811335,233.192067,175.628238,107.752152,68.879106,128.755931,165.814296,261.188001,319.320818,346.323903,265.960914,197.417289,140.953890,66.017438,0.000000,115.913460,163.354522,252.351130,307.764488,384.121607,285.349666,221.014348,137.853836,82.549824,82.875174,109.391327,167.548296,231.468889,318.793242,365.331378,294.238389,244.677411,174.327187,139.732285,151.681884,169.354571,245.088179,295.690155,369.584378,392.761566,326.228586,290.417607,257.145815,233.809493,214.579914,244.233416,300.742713,341.072730,408.049564,443.137464,388.646655,349.081365,330.719517,299.665060,313.395804,304.793249,370.404728,428.641716,457.436009,502.349105,417.430511,410.864864,378.856631,386.469196,376.731983,398.893684,442.536218,459.470381,527.107976
46,589.545676,514.403751,430.791508,380.990356,343.868838,329.233573,280.271776,284.615163,284.601961,346.337510,524.218024,479.755875,402.063125,350.583312,259.589833,237.240928,188.633885,200.101132,247.144930,256.815790,509.009709,447.748112,379.747886,292.265871,222.943904,176.145897,147.043264,137.414271,179.487380,241.795885,489.471029,411.473212,333.785907,277.245985,182.385575,133.303417,80.288503,66.967483,150.493479,203.714035,460.639384,380.409067,311.427156,255.100616,174.587841,115.913460,0.000000,57.853043,139.661077,196.077465,499.893408,401.236663,335.589724,246.578662,187.167587,145.314446,88.024597,88.676138,132.917255,215.160123,479.282057,407.507884,349.073724,277.036405,230.494454,192.595693,159.615156,179.354124,227.266347,275.782845,502.366724,428.591154,381.201353,345.345467,291.333360,233.279096,243.516575,264.642877,278.139537,339.643468,548.170653,485.780923,434.388747,400.808589,343.902589,338.704987,295.736239,336.180122,377.013576,396.667219,598.618292,505.439776,482.840405,438.182948,423.198058,403.079600,398.103267,417.933665,415.583760,471.700247
47,647.215659,572.256376,488.437176,437.418420,398.899872,377.285979,322.769369,315.523653,305.540532,352.744828,581.306782,537.082100,459.908116,408.255842,315.465564,291.621359,229.139219,225.681714,262.720320,256.180445,564.955199,503.868572,436.796891,349.985113,280.329417,230.827300,197.407928,159.969676,184.197587,230.737673,542.659157,464.962666,389.213752,332.173644,239.755314,190.370810,131.061495,91.750126,136.847833,170.185995,509.543848,429.186041,360.764560,304.307321,226.464704,163.354522,57.853043,0.000000,90.016271,144.531345,542.414079,446.286634,375.764665,282.031778,222.789553,167.935352,91.449577,46.696617,75.073016,158.401075,517.195457,444.875850,378.306963,306.984455,255.486626,196.839246,143.607786,130.621698,175.215833,217.930002,534.370757,454.756380,400.036358,363.555591,294.877363,221.683213,221.319590,224.261858,226.644536,285.552245,575.243853,507.073462,448.496304,406.681567,337.971984,323.518227,266.141255,293.970044,327.499657,344.091840,617.981698,520.044016,487.883570,437.093405,410.724858,386.054943,368.488157,377.694628,368.146244,420.005044
48,722.808161,644.588793,556.811581,498.761691,455.415890,415.877462,352.007542,324.336073,298.520294,320.061754,660.456577,615.251225,533.353362,477.556259,376.633652,348.634430,261.039331,233.622699,250.738551,219.732354,647.450578,586.042493,516.430667,426.275054,349.069909,291.006701,249.885162,174.540761,166.433640,181.147968,629.130095,551.133433,472.889334,416.677936,319.115091,271.263876,191.469557,132.895782,102.625418,93.968805,598.653160,518.295502,449.608020,393.135761,313.810943,252.351130,139.661077,90.016271,0.000000,56.531174,632.412260,536.208699,465.652099,371.373121,312.390141,255.007423,175.815076,110.806267,59.055900,87.351931,606.598828,534.248061,465.337532,394.702822,341.836652,273.461897,207.929404,142.757889,165.958466,159.141678,621.945427,540.006785,481.561991,445.090319,367.162469,283.113939,270.186872,241.876264,212.742959,256.077412,660.464611,589.306893,526.328754,478.486261,400.067994,375.520889,300.589902,301.707619,313.259664,318.195496,698.373124,597.603679,557.795072,501.857810,463.317637,433.500293,397.573907,385.734419,358.402706,394.789307
49,778.314766,699.456880,610.851128,551.037455,506.436784,461.008487,394.388095,358.398288,325.364233,330.409913,716.602519,671.274996,588.599002,531.996127,429.443873,400.524538,306.448465,270.586133,276.944976,232.576775,703.936624,642.517385,572.699847,482.172817,403.799489,344.227359,301.760823,217.611535,195.678964,187.254077,685.494232,607.529855,529.420503,473.188443,375.496864,327.768700,246.020432,185.972566,132.499408,86.059703,654.045919,573.683770,505.170530,448.696978,369.908728,307.764488,196.077465,144.531345,56.531174,0.000000,685.612343,590.458871,518.397396,423.035984,364.690000,304.681059,224.912437,156.615232,91.411626,51.302401,657.984047,585.658381,513.739552,444.129934,390.143412,315.460082,245.172613,159.672665,165.744688,122.280178,670.589247,586.317019,524.778993,488.541555,404.629879,315.638388,295.853163,250.736592,203.953662,233.605580,706.411405,632.630519,566.294192,514.302996,430.272060,399.768779,316.416230,301.077068,298.113847,295.298186,739.705551,636.964503,591.586258,532.503082,486.322691,453.683211,406.966516,382.268780,344.521101,370.113009
50,383.054551,385.670003,398.752365,443.173711,468.020615,556.175365,579.464158,644.992906,684.778589,779.244618,309.465799,309.065555,348.972782,382.737505,439.797046,462.520114,553.734582,614.210807,674.532952,719.841494,255.622286,250.131228,285.855234,336.982052,407.051454,460.012434,494.742585,585.651099,646.823138,723.363388,175.783647,187.557933,252.289603,274.132094,369.292805,395.770452,495.505916,545.812378,643.067929,703.442181,97.944473,142.004997,202.413683,252.432143,333.964121,384.121607,499.893408,542.414079,632.412260,685.612343,0.000000,102.411032,167.526489,264.508221,321.228102,384.895368,463.167814,532.271250,600.380839,686.773540,60.967157,111.391752,203.237093,254.225396,309.216360,402.291044,473.963096,580.602365,623.628023,721.670956,124.103479,187.643290,256.331534,272.033126,370.261046,448.434726,492.493430,581.885391,652.843048,717.507752,186.718437,227.563630,285.250007,345.371045,418.252610,471.224445,538.679549,628.324105,705.618220,746.572574,283.682938,290.895102,364.616047,400.142571,475.930882,499.687667,579.764735,663.203702,716.094420,796.290071
51,358.843926,338.795588,329.890370,361.950092,380.189736,462.757119,481.281002,544.814465,583.372538,677.278278,278.105852,262.639978,277.113546,299.029311,343.402313,364.161217,451.985362,511.984706,572.336925,617.457160,228.898240,199.447589,210.509301,243.698434,307.648794,358.502601,392.519529,483.359349,544.638891,621.423362,157.428856,124.034369,162.834636,174.810844,267.094318,293.569831,393.521663,444.800800,542.226450,604.146153,80.344054,49.444809,100.242310,150.418429,232.437991,285.349666,401.236663,446.286634,536.208699,590.458871,102.411032,0.000000,83.608775,177.624826,229.392475,295.789711,371.446288,439.893365,507.698152,594.966007,110.508193,80.720609,153.762194,179.592652,230.003205,324.076618,391.501584,495.631718,541.255899,634.630939,171.444674,182.478347,227.499867,229.375547,313.097825,378.168426,422.404262,508.887664,574.816846,641.229572,240.074545,244.804514,275.064020,319.132896,372.096973,420.259685,474.363602,562.153262,636.982327,675.779373,332.292279,305.227674,360.583895,379.154391,442.898113,459.655044,529.959367,607.000631,652.621790,731.317986
52,422.975059,389.656943,361.772353,377.162464,384.297958,453.527163,459.436676,514.904831,547.094263,636.334324,341.355114,317.514041,308.690800,313.716988,330.663013,344.780247,415.199303,469.824114,529.934357,567.832008,296.963178,256.049333,243.598556,244.613056,286.809810,325.481018,352.259970,432.846464,492.219031,566.410173,233.412888,181.240394,181.460433,165.351025,231.206215,245.030345,340.720380,385.954747,482.113231,539.238558,163.105655,101.655983,89.471608,109.154861,180.239301,221.014348,335.589724,375.764665,465.652099,518.397396,167.526489,83.608775,0.000000,97.380688,153.780361,217.634953,295.645960,364.744770,432.854619,519.299376,144.474023,75.061511,85.637249,96.050150,146.888608,241.099325,309.914279,415.305458,459.893902,555.540843,180.506683,145.852745,164.864932,157.405217,231.856723,294.560864,338.795744,425.451494,492.218070,558.335042,241.187786,215.525209,221.450939,252.233821,293.859952,339.839391,390.995371,478.593482,553.378226,592.260311,320.436634,267.481056,306.078701,313.200856,369.220645,382.733955,449.214900,524.546156,569.175181,647.758101
53,481.303277,433.221700,385.139322,380.570716,374.396367,424.530778,415.536838,460.083297,484.501051,567.356502,401.286000,369.099279,335.425850,321.189028,304.599762,309.653227,355.663051,402.542436,461.086608,490.935350,364.302914,313.469739,278.365026,244.216165,254.861538,275.062489,291.396607,357.382860,413.604685,484.301406,312.521488,246.628810,211.866366,169.825041,186.737347,181.469063,265.511660,302.759031,396.165261,448.691470,253.296070,179.574439,128.882293,97.586760,121.096247,137.853836,246.578662,282.031778,371.373121,423.035984,264.508221,177.624826,97.380688,0.000000,59.621942,120.387268,199.056365,268.229034,336.316709,422.352221,235.226256,162.878666,107.477847,42.405675,57.866808,148.505445,213.904122,318.326744,363.634685,458.226469,256.020034,189.277997,164.440773,137.290848,166.480550,208.000626,251.200730,334.307153,397.730012,464.524688,305.293914,254.038820,226.209333,227.802265,236.132416,272.385103,307.408825,391.912922,464.181416,501.426157,367.327434,289.572610,299.949968,285.327337,320.727552,325.134828,377.976919,445.451717,483.553419,560.421352
54,502.577302,445.977841,386.708649,370.065843,355.948765,393.273904,375.821082,413.779069,434.074607,513.605173,425.129007,388.518368,340.844542,315.475534,278.796738,277.965079,308.258493,350.547201,407.916059,434.351356,393.757477,338.291750,291.371234,238.306984,227.905181,235.159361,244.591905,302.017831,356.674025,426.049465,350.861764,279.033763,227.308763,175.440721,156.763817,137.859174,211.286715,244.713325,337.099756,389.069922,300.551831,222.560921,161.109590,112.513166,89.813319,82.549824,187.167587,222.789553,312.390141,364.690000,321.228102,229.392475,153.780361,59.621942,0.000000,67.477442,142.325659,211.220421,279.286597,366.101473,294.436953,222.153267,163.424722,92.155673,61.477586,116.452396,169.006503,268.304412,315.813904,405.636388,315.207839,244.499955,208.428061,176.023887,170.119210,182.368030,221.826030,297.164377,353.819930,421.399830,362.585513,306.157732,267.942660,255.370399,240.134307,265.535304,281.594386,360.264220,428.242129,462.839911,419.863233,335.463559,333.484235,307.642752,327.651266,324.739567,363.764845,421.902540,452.052396,526.119040
55,562.848085,501.894027,435.848559,409.702417,388.286723,409.843510,380.692060,406.410312,417.908326,488.394964,487.029073,448.582240,393.391944,360.431287,305.672736,297.690512,301.612313,332.485433,385.680996,401.663247,458.064149,401.181619,349.289083,285.550663,256.016588,245.398389,242.051543,276.004891,323.952268,386.765628,417.693590,344.825601,287.683884,232.740743,187.299690,151.749115,192.985465,210.224332,294.235925,337.842195,367.924961,290.033690,227.814056,176.720623,130.223518,82.875174,145.314446,167.935352,255.007423,304.681059,384.895368,295.789711,217.634953,120.387268,67.477442,0.000000,79.769093,148.635170,216.515979,302.064575,353.749519,281.564162,210.510292,139.717235,87.607422,68.858431,103.199438,200.846659,248.406079,338.841459,366.955715,287.032529,236.042543,200.068970,155.593209,133.098770,166.452356,234.085355,287.205729,354.893197,407.452113,341.456878,289.267046,259.742237,218.549491,230.520630,227.370483,300.107354,364.910523,398.026263,453.798627,360.184381,341.504189,303.002285,304.634714,293.938513,317.994476,367.100089,391.251085,463.290755
56,612.153143,544.337911,469.226252,430.877596,400.854948,402.350212,360.461422,371.184401,372.625524,432.289492,540.167270,498.748136,432.633770,390.152067,315.372822,299.359402,271.887602,288.014460,334.775372,339.741770,516.563783,457.268652,397.655155,321.318717,270.653153,240.100298,221.930634,225.346688,263.899834,318.982485,483.729225,408.133848,341.531363,284.181142,212.033041,165.094065,159.597654,154.263411,224.997024,261.327724,440.524857,361.095581,295.379232,240.584515,174.525856,109.391327,88.024597,91.449577,175.815076,224.912437,463.167814,371.446288,295.645960,199.056365,142.325659,79.769093,0.000000,69.172671,137.269524,223.782992,433.354980,361.100172,289.578653,219.332630,166.027580,107.614606,74.986882,135.893978,186.381826,265.839401,446.290644,364.475927,308.604128,272.116374,206.715623,145.457095,159.228031,197.179946,231.848019,298.683916,484.985102,415.745970,357.363743,317.837402,256.302426,251.036929,215.249515,268.615147,321.696215,348.853478,526.532337,428.900670,399.573355,352.066672,335.182868,315.578381,316.098928,345.885136,354.935088,419.753106
57,665.575527,593.792762,513.496210,467.312586,431.686245,417.194866,365.542667,361.439516,352.233617,398.114800,596.455062,553.526292,481.309834,433.368255,346.877816,325.547193,272.392311,272.053420,309.328985,300.541004,576.185402,515.900564,452.435246,370.058581,307.704525,264.451570,235.388106,206.374132,230.094725,272.301656,547.643920,471.028809,400.157523,342.561855,258.864996,209.362960,168.443740,136.976844,179.512005,201.526835,507.694628,427.837935,361.034890,305.345622,233.448671,167.548296,88.676138,46.696617,110.806267,156.615232,532.271250,439.893365,364.744770,268.229034,211.220421,148.635170,69.172671,0.000000,68.113174,155.074904,502.378170,430.164243,357.125258,287.671214,233.529890,162.783800,101.163081,90.711548,139.348060,202.040964,513.974347,430.249819,370.802293,334.347099,257.893709,178.983136,175.487812,179.204365,189.794776,252.566704,550.561840,478.584837,415.773820,369.668546,296.150160,278.746412,219.444674,249.832324,288.340890,308.514777,587.581641,487.139933,449.934280,396.608331,366.344184,340.627935,321.807125,332.900830,327.212669,383.204772
58,721.958205,647.305526,563.407031,511.407459,471.725340,443.902382,384.856800,366.711350,346.868073,376.064358,655.332333,611.407026,534.932523,483.249613,389.152080,364.202773,291.462755,275.135340,300.253949,275.811116,637.669817,576.837962,510.848262,424.832967,355.161825,303.905290,267.852250,211.514009,216.223652,239.251234,612.346716,535.168383,461.621015,404.241556,314.300464,264.746379,203.091298,154.050828,155.226564,152.324378,574.685478,494.622931,427.251144,371.189074,296.561849,231.468889,132.917255,75.073016,59.055900,91.411626,600.380839,507.698152,432.854619,336.316709,279.286597,216.515979,137.269524,68.113174,0.000000,87.673993,570.238160,498.078914,423.779670,355.022737,300.415911,224.049751,154.291629,84.600010,114.882257,142.880479,580.578666,495.374512,433.373602,397.151247,314.024203,226.951226,211.737198,184.536285,165.001892,217.397549,615.314841,541.221728,475.180383,424.410068,343.189669,316.994930,241.660544,247.269293,267.108919,278.057388,648.417339,546.009431,502.670055,445.274986,404.676645,374.535430,339.359704,331.819550,310.642419,354.802162
59,804.157920,727.556206,641.222886,584.901769,542.231416,502.911227,438.194167,406.226322,375.208792,381.663164,739.376484,694.873851,615.669965,561.514823,462.548794,435.168032,348.011447,317.004024,326.802424,283.855555,723.339027,662.268881,594.897517,506.898005,432.870185,376.780576,336.596681,260.591217,244.409326,238.493587,699.581425,622.222838,547.520069,490.359477,397.529070,348.424747,276.297373,219.452840,180.328551,137.078429,662.340871,582.293861,514.903772,458.802319,383.506236,318.793242,215.160123,158.401075,87.351931,51.302401,686.773540,594.966007,519.299376,422.352221,366.101473,302.064575,223.782992,155.074904,87.673993,0.000000,655.075540,583.168000,506.164787,438.944196,383.710108,301.480214,227.838627,129.026779,122.665422,73.265928,662.476703,574.937830,509.518118,473.896848,383.808308,291.341299,265.876512,209.918890,155.599216,182.311484,693.877652,616.805716,546.724201,490.587603,401.988419,366.866338,278.647982,254.581736,247.375609,244.002789,720.873550,616.276773,565.318075,503.699052,451.642447,417.234020,364.274908,334.117488,293.865867,318.948409
60,436.709726,431.987453,434.849739,471.364296,490.659609,572.721282,588.789878,649.790274,685.605959,777.156477,360.400103,354.815482,383.033014,408.848646,452.493826,471.879611,553.583343,610.812415,671.157358,711.372792,307.160985,293.283525,317.298467,354.016262,414.613127,461.419019,492.022102,576.392288,636.224241,710.787756,227.627447,223.406558,273.184796,282.923622,367.902985,387.340291,484.546201,530.428613,626.502497,682.650904,143.764986,159.274531,204.757900,245.915314,323.096027,365.331378,479.282057,517.195457,606.598828,657.984047,60.967157,110.508193,144.474023,235.226256,294.436953,353.749519,433.354980,502.378170,570.238160,655.075540,0.000000,72.355174,155.967259,216.566537,272.180024,362.245595,435.785781,543.265956,583.968450,685.144295,68.232087,127.944580,199.479815,218.708948,319.941415,402.966883,446.410419,536.567604,610.027111,673.260477,135.879629,167.098788,224.845284,286.615151,363.435064,417.403288,489.388885,579.262397,657.316406,699.161158,232.088065,230.554644,303.663957,340.252445,417.526620,442.626797,524.867923,609.981803,665.425741,745.962421
61,438.500780,419.385363,406.746664,432.745154,445.713086,520.987361,530.986700,588.423974,621.621675,711.301673,358.197441,343.346491,353.539569,369.120132,398.768077,415.164318,489.626489,544.787619,604.934653,642.735269,308.054627,280.151486,286.761909,306.210391,357.248702,399.100487,426.965617,507.770798,566.923013,640.671328,233.517118,204.542031,232.498384,229.801296,304.865191,320.078073,415.568102,459.784565,555.379068,610.669465,150.028171,126.144985,150.171134,182.178543,255.300282,294.238389,407.507884,444.875850,534.248061,585.658381,111.391752,80.720609,75.061511,162.878666,222.153267,281.564162,361.100172,430.164243,498.078914,583.168000,72.355174,0.000000,92.261601,145.539408,201.145618,292.738933,365.530100,472.792964,514.526164,614.476606,107.161649,101.939558,154.426279,164.063102,259.496359,337.173748,381.174086,470.713067,542.381691,606.630665,171.589015,164.673081,196.534540,246.319440,310.517720,362.256443,427.432753,517.012317,594.234625,635.192242,258.112021,224.549043,281.521612,304.842149,374.177899,394.763339,471.507033,553.392040,605.072709,685.153555
62,506.705265,475.254476,445.917161,456.829909,459.482071,520.588615,517.870260,565.809844,591.621549,674.824571,425.127695,402.731368,393.092684,394.039340,398.235953,407.723276,462.084544,509.968461,568.564447,597.574095,379.001604,340.833428,328.636935,321.570616,350.796655,378.721438,397.832780,464.518778,519.998593,589.301886,310.848779,265.337684,265.267618,241.850778,287.018821,287.711111,372.854111,408.103809,499.522868,547.762411,232.673632,184.329811,172.097164,175.117457,225.052476,244.677411,349.073724,378.306963,465.337532,513.739552,203.237093,153.762194,85.637249,107.477847,163.424722,210.510292,289.578653,357.125258,423.779670,506.164787,155.967259,92.261601,0.000000,72.042009,123.630391,208.140632,282.478692,389.955448,429.116272,531.895983,156.850989,81.801503,79.252874,75.617740,167.234937,247.055190,290.650699,380.693040,454.142655,517.302856,199.265008,147.951782,137.369823,167.609652,220.155260,270.746489,335.468968,425.172215,502.697396,544.046496,260.473517,190.413964,221.010606,228.440259,289.145607,306.478149,380.298471,461.305822,512.897094,593.055875
63,506.235213,463.227509,420.401270,419.724474,415.331040,466.873671,457.692711,501.169026,524.234996,605.346963,425.217876,396.033377,369.540592,359.319486,346.681416,352.046599,396.351034,441.489175,499.412102,526.478367,384.792967,337.791299,309.780575,283.032207,297.109097,317.071009,332.155283,394.098036,448.760378,517.465364,326.534879,266.916309,243.373248,206.414180,229.142986,222.620701,303.017689,336.447612,427.495913,476.076580,259.093963,192.722292,154.235133,134.126711,163.312515,174.327187,277.036405,306.984455,394.702822,444.129934,254.225396,179.592652,96.050150,42.405675,92.155673,139.717235,219.332630,287.671214,355.022737,438.944196,216.566537,145.539408,72.042009,0.000000,55.641740,148.109260,220.095912,327.265625,369.472535,468.940540,227.395702,152.417042,122.091660,95.312164,139.826238,198.677221,242.964929,330.364038,399.104100,464.471323,271.206495,214.518078,183.809693,187.742331,206.429373,248.063519,294.999238,382.561418,457.579529,496.828567,328.172245,247.688697,258.117784,246.475939,287.984827,296.113166,356.400935,429.406882,473.133705,551.726456
64,538.491498,488.474506,436.283907,425.629435,414.432589,454.553356,437.052948,473.309573,491.334864,567.668408,458.754547,425.828730,387.970691,368.654298,339.039771,339.175847,367.622872,406.912086,462.951614,484.575522,422.156609,370.953210,333.258107,291.135331,288.220502,296.525030,304.468552,355.023493,406.642333,472.254044,369.782071,304.494682,267.092176,221.242510,217.306698,199.089484,266.590962,293.088142,380.582764,425.449248,307.845969,236.322331,186.610027,150.836501,149.793661,139.732285,230.494454,255.486626,341.836652,390.143412,309.216360,230.003205,146.888608,57.866808,61.477586,87.607422,166.027580,233.529890,300.415911,383.710108,272.180024,201.145618,123.630391,55.641740,0.000000,94.218545,164.762207,271.734644,314.457409,413.335844,280.459511,199.447922,152.360749,117.907125,113.927300,150.605990,194.199502,279.049932,345.436724,411.448030,319.846075,255.330122,209.624383,193.899165,184.545016,216.701968,249.703965,334.865678,408.043984,446.105458,368.425275,278.831995,272.371469,246.545070,271.178644,272.023615,320.893974,387.584976,426.330118,503.683197
65,618.874281,562.118971,500.143584,477.147626,456.848229,478.055343,446.654745,467.884720,474.878852,538.791525,540.997033,504.892703,455.813708,426.264688,374.493893,366.412470,364.476962,389.489878,439.347301,447.211631,508.032953,453.801411,407.748572,350.284408,324.717020,313.319122,307.156382,329.259179,370.969536,426.368102,460.293688,391.709579,343.731604,291.558197,255.504270,220.559752,253.221382,259.563174,332.305857,363.844761,401.351252,327.969753,272.882577,228.246740,195.598809,151.681884,192.595693,196.839246,273.461897,315.460082,402.291044,324.076618,241.099325,148.505445,116.452396,68.858431,107.614606,162.783800,224.049751,301.480214,362.245595,292.738933,208.140632,148.109260,94.218545,0.000000,74.600315,181.859023,221.822571,323.766424,362.519422,273.525200,209.333757,173.181430,99.156575,66.538839,105.551117,185.803637,251.273056,317.236992,392.466942,317.172900,253.014217,210.291318,153.963850,161.796894,165.150464,245.200529,315.937108,352.921101,425.021175,324.431121,291.965083,245.600616,238.133835,225.553624,250.763363,305.487625,337.088445,412.750885
66,665.038080,602.009421,531.953628,498.858983,471.563015,476.910463,435.401722,444.210411,442.506831,495.820464,589.848490,550.823386,491.999867,454.359343,386.442282,372.221432,346.323643,358.987183,402.441619,399.782368,561.263448,504.267263,450.889264,382.090034,339.902590,313.816894,296.895774,294.777375,326.911290,373.195761,519.840035,447.736000,390.327358,334.679459,276.761297,233.013105,234.318443,223.114400,279.890115,300.950661,466.577603,390.339326,330.114070,279.870006,228.524431,169.354571,159.615156,143.607786,207.929404,245.172613,473.963096,391.501584,309.914279,213.904122,169.006503,103.199438,74.986882,101.163081,154.291629,227.838627,435.785781,365.530100,282.478692,220.095912,164.762207,74.600315,0.000000,107.546900,149.988503,249.511930,437.119405,347.779799,281.719045,246.059566,159.766469,78.124671,84.395008,132.313176,184.951810,252.437343,466.185025,389.173383,321.150074,270.632196,195.027860,180.939251,140.656710,201.089111,262.380736,294.849869,494.780838,391.801988,349.934507,295.516294,267.490546,244.580094,241.116378,274.380034,290.783353,360.932266
67,747.704625,678.611726,600.803395,556.935589,522.123768,507.052388,453.390505,443.303005,427.702885,460.496863,676.053979,634.491341,566.451389,520.954385,437.119723,416.204047,359.742122,352.214243,382.031805,360.309559,652.111691,593.048226,533.346523,454.953345,396.817489,355.119621,325.725068,286.980321,298.740243,323.693125,616.917719,542.347999,477.369579,420.062464,344.297228,295.529656,258.776193,221.874886,239.219351,233.637637,568.739220,490.793621,427.376748,374.014484,310.419543,245.088179,179.354124,130.621698,142.757889,159.672665,580.602365,495.631718,415.305458,318.326744,268.304412,200.846659,135.893978,90.711548,84.600010,129.026779,543.265956,472.792964,389.955448,327.265625,271.734644,181.859023,107.546900,0.000000,50.737481,141.967067,544.074601,453.689792,385.187427,350.370357,256.444252,162.903531,137.285824,100.131160,99.461321,164.183107,570.886748,491.502434,419.354512,361.815931,273.136115,240.214079,158.600471,165.595296,197.786703,218.262950,593.510546,488.261123,436.300135,375.048142,326.653703,294.375572,254.870176,250.138908,237.594036,292.554642
68,798.377794,729.337753,651.276126,606.571299,570.936531,552.457165,496.466222,481.383155,461.457675,485.695159,726.521338,685.098447,617.157921,571.357066,486.215734,464.505942,402.722721,389.827927,414.508090,385.461978,702.089931,643.244411,583.973341,505.659836,446.704450,403.407459,372.310393,325.701767,330.218435,344.989574,665.654797,591.610809,527.654888,470.432329,394.942539,346.075117,305.561075,264.334818,267.759950,248.333225,615.567619,538.327762,475.877038,423.145027,360.870236,295.690155,227.266347,175.215833,165.958466,165.744688,623.628023,541.255899,459.893902,363.634685,315.813904,248.406079,186.381826,139.348060,114.882257,122.665422,583.968450,514.526164,429.116272,369.472535,314.457409,221.822571,149.988503,50.737481,0.000000,108.511244,580.812067,488.613273,417.357770,383.826785,285.135159,190.628947,155.969166,87.517055,51.462175,113.665165,603.484880,521.633534,446.240641,384.329221,290.417333,249.767511,157.669214,136.648643,153.166048,169.411893,619.518443,513.038442,454.412531,390.046795,332.004039,296.355167,241.873517,220.012022,195.901791,244.872424
69,864.638387,790.182980,705.925490,652.314540,611.019382,574.966363,510.962161,479.433428,447.611816,449.276705,797.274600,753.691617,677.812659,625.835256,529.861746,503.583474,420.167656,390.264151,399.189612,353.313606,778.094290,717.642208,652.902259,567.630460,497.512149,444.180582,405.621082,333.364610,317.354105,306.519515,749.074832,672.808592,602.007658,544.437786,456.921673,407.294467,343.167352,288.829621,253.446117,205.026205,705.783415,626.719369,561.208160,506.168828,435.484701,369.584378,275.782845,217.930002,159.141678,122.280178,721.670956,634.630939,555.540843,458.226469,405.636388,338.841459,265.839401,202.040964,142.880479,73.265928,685.144295,614.476606,531.895983,468.940540,413.335844,323.766424,249.511930,141.967067,108.511244,0.000000,685.626719,594.527811,524.485240,490.377314,393.070841,298.473840,264.465572,189.213962,115.777575,118.786287,710.589325,629.496224,554.633399,492.787047,398.318447,355.627468,260.736359,214.586709,188.998122,177.752030,728.014076,621.549589,562.094944,496.987786,434.844966,397.551369,331.574939,285.984772,235.152125,250.207571
70,504.623197,499.946894,500.173141,533.166503,549.423198,627.252326,638.146837,695.223963,727.507903,815.969919,428.604787,422.768153,447.821212,470.005069,505.387243,522.247630,595.672825,649.552671,709.453502,744.615528,375.304267,360.946209,381.506476,410.794527,464.358815,505.822279,532.572630,609.995318,667.955095,739.943345,295.667891,289.846054,333.286996,335.928180,411.540077,424.483718,517.613507,558.412359,652.180330,703.172768,211.996988,220.878372,256.287543,289.007258,359.594675,392.761566,502.366724,534.370757,621.945427,670.589247,124.103479,171.444674,180.506683,256.020034,315.207839,366.955715,446.290644,513.974347,580.578666,662.476703,68.232087,107.161649,156.850989,227.395702,280.459511,362.519422,437.119405,544.074601,580.812067,685.626719,0.000000,94.971909,171.510187,199.694008,303.089874,393.193919,434.665453,524.805412,601.629061,661.933980,68.873140,108.191477,179.156442,247.661508,334.947579,390.354158,470.961943,560.206645,638.996295,682.154844,164.052833,169.915751,249.815219,295.051496,377.484152,406.617063,493.793931,582.084304,642.490725,723.181036
71,540.305838,520.510139,503.181500,522.632036,530.020557,596.535033,597.115560,646.752025,673.265794,756.611478,460.120901,444.843004,449.842908,459.053905,473.682546,485.228694,543.423962,591.755930,650.364060,678.850114,409.750616,381.663172,383.457329,390.437020,427.704152,458.909744,479.212887,546.110936,601.163291,669.636419,334.215341,305.752947,324.798236,311.008096,366.230289,369.108566,454.571802,488.813579,579.061014,624.836205,249.565919,225.819676,234.862654,249.697936,305.893399,326.228586,428.591154,454.756380,540.006785,586.317019,187.643290,182.478347,145.852745,189.277997,244.499955,287.032529,364.475927,430.249819,495.374512,574.937830,127.944580,101.939558,81.801503,152.417042,199.447922,273.525200,347.779799,453.689792,488.613273,594.527811,94.971909,0.000000,76.687709,105.421022,208.434396,299.646397,340.472049,430.411329,507.793366,567.444060,120.515304,69.835896,98.226607,158.949190,241.099861,296.271723,375.991587,465.248630,544.031520,587.184722,179.534178,124.114629,181.146027,212.504038,289.949583,316.323761,401.224515,488.539784,547.909577,628.621021
72,584.183625,554.374442,524.573630,532.965395,532.893275,588.360274,579.693195,621.681230,642.389232,719.977762,502.738601,481.484362,471.905717,470.727761,467.378294,473.829477,516.384891,558.480337,615.049940,636.583078,455.480306,419.291618,407.747311,396.801224,418.353930,438.961535,452.437633,507.374576,558.671589,622.806763,384.751935,343.472634,343.958414,317.588640,351.097016,343.707826,418.463622,444.964129,530.139072,569.794753,303.383443,262.128908,250.699428,248.096746,285.388144,290.417607,381.201353,400.036358,481.561991,524.778993,256.331534,227.499867,164.864932,164.440773,208.428061,236.042543,308.604128,370.802293,433.373602,509.518118,199.479815,154.426279,79.252874,122.091660,152.360749,209.333757,281.719045,385.187427,417.357770,524.485240,171.510187,76.687709,0.000000,36.514009,133.745006,227.016765,266.351363,355.688257,433.962381,492.396911,186.139891,107.868582,62.026393,92.041007,164.948906,219.862548,299.696423,388.755761,467.566470,510.858234,218.074625,127.042377,142.384278,151.654986,220.345167,243.406989,325.846169,412.359586,471.231051,551.944513
73,580.340924,545.407441,509.856601,513.429144,510.396249,561.627994,550.051927,589.802919,609.072552,685.393949,498.717666,474.455338,457.889743,452.175895,441.881555,446.537329,484.263755,524.779827,580.834784,601.140900,453.574513,413.366983,395.392722,376.737444,392.124745,409.136808,420.605974,472.669758,523.267138,586.795283,386.354793,338.619756,330.118800,298.705712,323.462420,312.873767,384.493912,409.501506,493.970523,533.285386,308.164355,258.347627,237.459006,227.337631,256.716171,257.145815,345.345467,363.555591,445.090319,488.541555,272.033126,229.375547,157.405217,137.290848,176.023887,200.068970,272.116374,334.347099,397.151247,473.896848,218.708948,164.063102,75.617740,95.312164,117.907125,173.181430,246.059566,350.370357,383.826785,490.377314,199.694008,105.421022,36.514009,0.000000,103.516979,194.306483,235.089511,325.134135,402.372462,462.243934,220.519586,144.248192,91.968617,96.166523,146.541883,199.216934,272.456577,362.173188,440.732006,483.416465,254.479681,161.028526,162.809271,156.890807,213.565320,231.301143,307.857869,391.501217,447.042459,527.677790
74,645.555190,599.643733,549.967459,539.050841,526.067747,559.670609,535.000820,561.931977,571.812434,637.663866,564.750179,534.477502,501.172274,482.530658,448.213598,445.198935,457.204781,486.308858,537.455677,546.368148,524.609924,477.156665,444.845497,405.008926,397.350481,397.222556,397.233183,427.314162,470.068261,525.099582,464.982625,406.742025,378.341829,334.667002,326.182311,300.475740,347.979587,358.261342,431.013770,459.350394,393.441835,331.699690,292.744495,263.341665,259.858276,233.809493,291.333360,294.877363,367.162469,404.629879,370.261046,313.097825,231.856723,166.480550,170.119210,155.593209,206.715623,257.893709,314.024203,383.808308,319.941415,259.496359,167.234937,139.826238,113.927300,99.156575,159.766469,256.444252,285.135159,393.070841,303.089874,208.434396,133.745006,103.516979,0.000000,94.597409,132.613899,222.087681,300.227253,359.027427,319.136427,236.498597,162.970769,111.896255,70.628755,108.331669,169.527988,259.394863,337.699484,380.111189,337.153127,232.665305,193.070445,147.816964,157.696333,158.716943,217.372360,294.712714,345.907141,426.262977
75,683.987212,628.320590,566.658600,542.729072,521.063921,537.508758,501.702916,516.361325,517.733268,573.485736,605.534471,570.214132,522.319665,492.537013,437.798313,427.892369,415.682611,433.377756,478.815204,477.820878,571.157738,518.051587,473.717106,416.734173,388.632476,372.667282,361.954011,370.149397,404.521366,451.221691,520.372139,454.038532,409.266497,357.752462,320.382714,283.034605,303.178195,298.632513,358.005024,376.835908,457.206906,386.908017,335.415440,293.185514,261.834153,214.579914,233.279096,221.683213,283.113939,315.638388,448.434726,378.168426,294.560864,208.000626,182.368030,133.098770,145.457095,178.983136,226.951226,291.341299,402.966883,337.173748,247.055190,198.677221,150.605990,66.538839,78.124671,162.903531,190.628947,298.473840,393.193919,299.646397,227.016765,194.306483,94.597409,0.000000,44.323581,133.654322,208.481168,270.356042,413.038249,331.056835,256.860176,199.354860,117.346559,105.639998,99.953612,184.400361,258.913217,298.603434,430.880677,325.377899,275.973853,218.760755,190.345817,170.309824,184.911362,239.801229,275.732927,353.444076
76,724.374753,666.734302,602.286199,574.668384,550.280105,560.066883,519.686027,528.085651,524.675340,573.598843,646.544784,610.343445,559.331748,526.721048,465.865281,453.501349,430.705943,441.948174,483.380890,475.711924,613.229297,559.314595,512.788759,451.998661,417.895188,396.155372,380.901594,377.159069,405.452063,445.307808,563.720015,496.508549,449.128764,396.362376,351.687644,311.136004,318.702800,305.652340,354.062556,363.985956,501.323670,430.486245,377.724170,333.797687,296.666159,244.233416,243.516575,221.319590,270.186872,295.853163,492.493430,422.404262,338.795744,251.200730,221.826030,166.452356,159.228031,175.487812,211.737198,265.876512,446.410419,381.174086,290.650699,242.964929,194.199502,105.551117,84.395008,137.285824,155.969166,264.465572,434.665453,340.472049,266.351363,235.089511,132.613899,44.323581,0.000000,90.367233,167.613377,227.522151,451.548243,367.889002,290.920644,228.385770,136.214617,105.340702,60.926464,140.716673,214.614614,254.326999,463.715346,357.114366,300.037511,237.835631,193.213979,165.329149,157.373186,200.906990,232.390085,309.505004
77,796.871114,734.322500,663.580689,627.884209,597.862165,593.422198,544.277565,539.676814,526.571242,560.576683,721.041916,682.613830,624.208686,585.437515,512.335932,495.133503,451.435070,449.297239,481.421757,460.345386,690.908759,634.882543,582.972339,514.022799,467.801854,434.908377,411.089739,383.670129,398.522839,423.023611,645.724913,575.836560,521.768328,466.593689,407.327304,361.776101,344.803128,315.844377,339.349872,330.268377,586.855360,513.745579,457.251695,409.452898,360.834291,300.742713,264.642877,224.261858,241.876264,250.736592,581.885391,508.887664,425.451494,334.307153,297.164377,234.085355,197.179946,179.204365,184.536285,209.918890,536.567604,470.713067,380.693040,330.364038,279.049932,185.803637,132.313176,100.131160,87.517055,189.213962,524.805412,430.411329,355.688257,325.134135,222.087681,133.654322,90.367233,0.000000,80.406780,137.183935,539.949264,455.191004,376.342113,310.192958,212.920349,166.955180,71.544273,71.906677,131.084632,167.135416,546.845936,439.787599,375.124706,308.904492,245.975418,209.475947,156.609048,153.707683,158.728508,229.240077
78,843.599419,776.134685,699.574204,656.386544,621.456017,603.907563,547.829704,531.699617,510.308103,530.468662,770.514766,729.889875,664.270420,619.880070,536.529637,515.298992,454.097778,440.123318,462.958606,430.652186,744.264661,686.213873,628.982041,552.836294,496.218266,454.196110,423.610988,376.391645,378.562518,388.402295,704.677373,631.989090,571.106578,514.308557,442.656235,394.267439,356.802398,315.718474,315.291584,289.211134,650.937915,575.214490,514.856763,463.663349,405.329588,341.072730,278.139537,226.644536,212.742959,203.953662,652.843048,574.816846,492.218070,397.730012,353.819930,287.205729,231.848019,189.794776,165.001892,155.599216,610.027111,542.381691,454.142655,399.104100,345.436724,251.273056,184.951810,99.461321,51.462175,115.777575,601.629061,507.793366,433.962381,402.372462,300.227253,208.481168,167.613377,80.406780,0.000000,67.727913,619.025501,534.810883,456.447661,390.593531,293.265546,246.148207,149.622434,100.421482,102.137490,118.805441,627.242744,520.187654,454.944747,388.240907,321.504857,283.416775,215.936863,178.547274,146.003005,193.625824
79,910.761195,842.592316,764.932140,719.865742,683.507450,661.023434,602.145823,580.099905,553.916447,563.949075,837.994113,797.171208,730.527913,685.022008,599.107225,576.660437,508.846315,488.937108,505.776332,466.040027,811.969623,753.846681,696.183359,619.037344,560.202180,515.634928,482.866902,427.265368,421.914554,420.776524,772.259581,699.696720,638.657568,581.771308,508.471210,459.697849,416.602100,371.272369,357.564571,319.235086,717.815912,642.487296,582.473964,531.387001,472.623024,408.049564,339.643468,285.552245,256.077412,233.605580,717.507752,641.229572,558.335042,464.524688,421.399830,354.893197,298.683916,252.566704,217.397549,182.311484,673.260477,606.630665,517.302856,464.471323,411.448030,317.236992,252.437343,164.183107,113.665165,118.786287,661.933980,567.444060,492.396911,462.243934,359.027427,270.356042,227.522151,137.183935,67.727913,0.000000,675.765632,590.236950,510.186874,441.915381,343.476748,292.199655,197.213243,121.409846,71.763823,62.224660,677.849601,570.977301,500.513850,432.524905,358.377072,318.772768,238.155810,175.355543,116.954362,138.719642
80,569.651079,567.791595,569.045517,601.425083,616.639882,692.484891,700.616083,755.216307,785.157591,871.273652,494.932055,490.632862,516.673207,538.124664,570.092668,585.616686,653.938006,705.403182,764.757544,796.226411,441.326891,429.159343,450.318227,477.487190,527.629846,565.935388,590.193901,662.534822,718.834661,788.560675,361.452304,358.596387,401.291066,401.383906,471.828444,480.806225,570.427043,607.298839,698.657829,745.288041,279.031404,289.462702,321.759755,350.331060,416.284276,443.137464,548.170653,575.243853,660.464611,706.411405,186.718437,240.074545,241.187786,305.293914,362.585513,407.452113,484.985102,550.561840,615.314841,693.877652,135.879629,171.589015,199.265008,271.206495,319.846075,392.466942,466.185025,570.886748,603.484880,710.589325,68.873140,120.515304,186.139891,220.519586,319.136427,413.038249,451.548243,539.949264,619.025501,675.765632,0.000000,87.440529,169.677396,241.403563,337.047115,392.224954,480.262555,567.328056,645.898106,689.983260,97.021199,133.425005,220.937692,277.478005,363.951831,397.414980,488.645062,579.228111,644.416769,724.485907
81,598.000318,583.509623,570.411251,591.823099,599.787630,666.123704,665.573776,713.622703,738.452372,819.743026,519.136885,507.062288,517.094296,528.183876,543.317323,554.415899,609.597614,655.983715,713.904726,739.300884,467.345377,443.943622,450.454121,460.138072,497.034770,526.660612,545.324645,608.039408,661.395515,727.567579,389.523246,368.837541,393.225643,380.785111,434.643422,435.256789,517.400493,548.132034,635.598897,677.067020,304.189122,290.741484,304.228088,319.296664,372.976795,388.646655,485.780923,507.073462,589.306893,632.630519,227.563630,244.804514,215.525209,254.038820,306.157732,341.456878,415.745970,478.584837,541.221728,616.805716,167.098788,164.673081,147.951782,214.518078,255.330122,317.172900,389.173383,491.502434,521.633534,629.496224,108.191477,69.835896,107.868582,144.248192,236.498597,331.056835,367.889002,455.191004,534.810883,590.236950,87.440529,0.000000,82.238861,153.965655,249.948398,304.975769,394.022099,480.482447,558.930605,603.113422,113.705530,63.494551,142.088903,192.476319,278.023934,310.595248,401.405789,491.865628,557.006938,637.050051
82,633.885700,608.732696,582.992587,593.708292,594.533699,650.354635,641.031695,681.707631,700.939300,776.461663,552.961813,534.512087,530.026594,531.150660,529.403077,535.753261,576.199832,616.523160,672.263638,690.930217,503.896462,471.695489,465.040683,457.878320,480.365723,500.192272,512.485187,563.699127,613.196497,674.889010,430.051658,395.511354,402.400891,378.412603,412.936971,404.400047,476.150991,499.432320,581.443216,616.771821,346.184107,314.205082,309.358987,309.620514,346.952453,349.081365,434.388747,448.496304,526.328754,566.294192,285.250007,275.064020,221.450939,226.209333,267.942660,289.267046,357.363743,415.773820,475.180383,546.724201,224.845284,196.534540,137.369823,183.809693,209.624383,253.014217,321.150074,419.354512,446.240641,554.633399,179.156442,98.226607,62.026393,91.968617,162.970769,256.860176,290.920644,376.342113,456.447661,510.186874,169.677396,82.238861,0.000000,71.759981,168.238911,222.977147,313.341193,398.923373,477.194580,521.477277,174.182374,71.547712,85.700070,116.269675,198.659383,229.521500,319.536467,409.779085,474.785133,554.811273
83,674.314039,641.247924,605.782199,607.465267,602.159215,647.887623,630.655872,663.912531,677.572806,746.829812,592.737068,569.734743,553.947607,546.862054,530.516617,532.447856,558.348254,592.195428,645.154098,656.935538,546.347468,508.192090,491.558877,470.763929,480.042219,490.342916,496.274487,535.206373,580.149181,636.648338,476.515819,432.892742,426.244912,393.603947,409.819905,392.822746,452.319233,467.454792,542.575984,571.018415,395.420109,351.938332,333.624743,321.642540,342.218209,330.719517,400.808589,406.681567,478.486261,514.302996,345.371045,319.132896,252.233821,227.802265,255.370399,259.742237,317.837402,369.668546,424.410068,490.587603,286.615151,246.319440,167.609652,187.742331,193.899165,210.291318,270.632196,361.815931,384.329221,492.787047,247.661508,158.949190,92.041007,96.166523,111.896255,199.354860,228.385770,310.192958,390.593531,441.915381,241.403563,153.965655,71.759981,0.000000,98.482123,152.121905,244.702432,328.619548,406.530795,450.942655,236.656044,129.594649,82.038450,60.973344,131.001356,159.003329,247.970087,338.046460,403.196455,483.127971
84,712.533373,668.731891,620.392151,609.562535,595.944415,626.864329,599.210156,621.844798,627.869599,688.071896,631.365314,602.419760,571.342177,553.159005,517.253801,513.058646,518.331189,542.672697,591.000906,593.635053,589.673093,544.108221,514.283899,475.637306,466.475245,463.276350,460.228083,481.283300,519.238641,568.175919,527.043205,472.284065,447.729129,405.010857,395.412570,367.509030,407.180003,410.524565,474.677384,493.921029,452.004376,395.160578,360.549163,333.410404,329.645049,299.665060,343.902589,337.971984,400.067994,430.272060,418.252610,372.096973,293.859952,236.132416,240.134307,218.549491,256.302426,296.150160,343.189669,401.988419,363.435064,310.517720,220.155260,206.429373,184.545016,153.963850,195.027860,273.136115,290.417333,398.318447,334.947579,241.099861,164.948906,146.541883,70.628755,117.346559,136.214617,212.920349,293.265546,343.476748,337.047115,249.948398,168.238911,98.482123,0.000000,55.556144,146.272480,230.685597,309.001121,353.246629,334.612398,227.608915,164.066401,102.235639,87.624702,89.685727,161.544852,247.454746,308.305119,388.826918
85,753.091992,705.124681,651.465753,634.790838,617.111171,639.687329,606.234462,621.998320,622.906868,676.249412,672.513380,641.406495,604.109689,581.007975,535.675107,528.191308,521.067710,538.787642,583.334709,579.262336,632.847651,584.810967,549.942002,503.815495,485.532713,474.844421,466.430640,475.214454,507.508235,550.031363,573.145448,514.930683,483.694550,437.366609,415.464594,382.267190,408.615600,403.591809,458.115805,469.286683,500.535583,439.998640,400.126363,367.534884,352.492085,313.395804,338.704987,323.518227,375.520889,399.768779,471.224445,420.259685,339.839391,272.385103,265.535304,230.520630,251.036929,278.746412,316.994930,366.866338,417.403288,362.256443,270.746489,248.063519,216.701968,161.796894,180.939251,240.214079,249.767511,355.627468,390.354158,296.271723,219.862548,199.216934,108.331669,105.639998,105.340702,166.955180,246.148207,292.199655,392.224954,304.975769,222.977147,152.121905,55.556144,0.000000,96.620497,176.624009,254.409969,298.825497,386.086943,279.574443,209.092770,142.094950,87.946525,64.756619,109.752425,192.660307,252.760195,333.270901
86,783.771714,727.113866,663.186679,635.354391,610.369693,617.521575,574.715182,578.858173,571.667167,614.038203,705.456173,669.900587,620.059166,587.639412,525.693703,512.495891,484.238088,490.778982,528.578137,514.624238,671.031409,617.997422,572.886513,512.908230,478.111242,454.417485,437.014968,425.288706,448.026048,480.495617,619.299286,553.782129,508.817313,456.610922,412.378177,371.219047,373.280215,354.629477,392.548797,392.231169,554.086103,485.552831,435.258025,392.977037,357.574883,304.793249,295.736239,266.141255,300.589902,316.416230,538.679549,474.363602,390.995371,307.408825,281.594386,227.370483,215.249515,219.444674,241.660544,278.647982,489.388885,427.432753,335.468968,294.999238,249.703965,165.150464,140.656710,158.600471,157.669214,260.736359,470.961943,375.991587,299.696423,272.456577,169.527988,99.953612,60.926464,71.544273,149.622434,197.213243,480.262555,394.022099,313.341193,244.702432,146.272480,96.620497,0.000000,89.875697,168.275568,211.193159,480.782865,373.837509,305.665870,238.665714,174.563461,138.741521,102.652522,140.372720,178.357610,257.861142
87,862.327896,801.875720,733.026503,698.876020,669.451012,665.168575,615.330241,608.582269,593.117700,621.765386,785.373536,748.098346,692.585378,655.399216,583.945959,566.987306,522.219203,517.676935,547.108159,521.439964,753.208292,698.520122,649.314890,583.069744,539.032653,506.804160,482.827856,452.292358,463.363496,481.561817,704.434046,636.855216,586.881762,532.718732,477.573716,432.693191,416.416447,385.719851,402.289926,384.776788,641.460939,571.179538,518.028759,472.735576,428.845494,370.404728,336.180122,293.970044,301.707619,301.077068,628.324105,562.153262,478.593482,391.912922,360.264220,300.107354,268.615147,249.832324,247.269293,254.581736,579.262397,517.012317,425.172215,382.561418,334.865678,245.200529,201.089111,165.595296,136.648643,214.586709,560.206645,465.248630,388.755761,362.173188,259.394863,184.400361,140.716673,71.906677,100.421482,121.409846,567.328056,480.482447,398.923373,328.619548,230.685597,176.624009,89.875697,0.000000,78.831240,122.655649,562.205269,456.014921,382.051955,313.732354,237.301409,197.568490,118.648078,84.635132,91.889862,169.165157
88,927.415645,863.669284,790.777260,751.413913,718.468789,704.636682,649.534501,633.762445,611.558641,627.916115,851.939144,813.192336,752.885087,711.843608,633.125559,613.295477,555.780656,542.189961,563.954292,528.833835,821.991895,765.907873,713.235426,642.076996,590.920516,552.298106,523.509481,478.528976,479.585784,485.007013,776.221524,706.805124,652.546325,597.058869,533.674271,486.609411,456.562520,417.400226,415.864430,384.173384,715.707697,643.755218,588.143935,540.534293,490.337825,428.641716,377.013576,327.499657,313.259664,298.113847,705.618220,636.982327,553.378226,464.181416,428.242129,364.910523,321.696215,288.340890,267.108919,247.375609,657.316406,594.234625,502.697396,457.579529,408.043984,315.937108,262.380736,197.786703,153.166048,188.998122,638.996295,544.031520,467.566470,440.732006,337.699484,258.913217,214.614614,131.084632,102.137490,71.763823,645.898106,558.930605,477.194580,406.530795,309.001121,254.409969,168.275568,78.831240,0.000000,44.594184,638.732483,533.047829,456.990892,388.623452,308.564180,268.690132,180.605373,106.418655,46.556637,98.602666
89,958.780360,892.953056,817.635671,775.160133,740.200955,720.770506,662.891188,642.030950,616.137256,625.407718,884.417770,844.742992,781.450391,738.114920,655.320765,633.898785,569.398089,550.773983,568.000895,527.852682,856.047829,799.089184,744.224663,670.171712,614.934816,572.796998,541.452910,488.722623,484.125580,482.264182,812.500299,741.862266,684.827369,628.653705,560.502693,512.456015,474.823246,431.407813,419.783362,380.629594,753.944227,680.808001,623.562489,574.545379,520.635932,457.436009,396.667219,344.091840,318.195496,295.298186,746.572574,675.779373,592.260311,501.426157,462.839911,398.026263,348.853478,308.514777,278.057388,244.002789,699.161158,635.192242,544.046496,496.828567,446.105458,352.921101,294.849869,218.262950,169.411893,177.752030,682.154844,587.184722,510.858234,483.416465,380.111189,298.603434,254.326999,167.135416,118.805441,62.224660,689.983260,603.113422,521.477277,450.942655,353.246629,298.825497,211.193159,122.655649,44.594184,0.000000,683.326020,577.616861,501.523793,433.164627,352.715345,312.882089,223.760376,144.030651,71.270190,76.840646
90,666.665787,663.996445,662.177006,690.850898,702.914828,773.859661,776.419131,826.175912,851.828452,933.445201,591.854398,586.817676,609.383173,627.232036,650.950300,663.785749,722.555885,769.571336,827.581309,852.772658,538.293337,524.960736,542.708680,563.072910,606.031256,638.442163,658.299948,721.722091,774.850334,840.393980,458.435046,453.256276,490.558274,484.964194,545.628659,548.180471,631.101357,661.456492,748.025384,787.504187,375.682764,381.191275,406.274329,427.638218,485.318841,502.349105,598.618292,617.981698,698.373124,739.705551,283.682938,332.292279,320.436634,367.327434,419.863233,453.798627,526.532337,587.581641,648.417339,720.873550,232.088065,258.112021,260.473517,328.172245,368.425275,425.021175,494.780838,593.510546,619.518443,728.014076,164.052833,179.534178,218.074625,254.479681,337.153127,430.880677,463.715346,546.845936,627.242744,677.849601,97.021199,113.705530,174.182374,236.656044,334.612398,386.086943,480.782865,562.205269,638.732483,683.326020,0.000000,107.067153,184.656759,251.718830,337.381645,375.260715,468.507243,559.765475,630.274271,708.094118
91,660.524929,643.920940,627.095486,644.519214,649.369970,710.587300,705.026708,748.456694,769.421338,846.421047,581.243830,567.864857,573.766732,581.158451,588.480485,597.044023,643.274396,685.434097,741.776112,761.760382,529.817983,504.674505,507.477237,510.651136,540.586067,564.634820,579.249789,633.697921,683.951147,746.224348,452.412924,429.071867,448.105907,430.865295,475.138358,470.164387,545.302939,570.165726,652.862282,688.244654,367.082876,349.708801,356.952170,365.503258,410.615701,417.430511,505.439776,520.044016,597.603679,636.964503,290.895102,305.227674,267.481056,289.572610,335.463559,360.184381,428.900670,487.139933,546.009431,616.276773,230.554644,224.549043,190.413964,247.688697,278.831995,324.431121,391.801988,488.261123,513.038442,621.549589,169.915751,124.114629,127.042377,161.028526,232.665305,325.377899,357.114366,439.787599,520.187654,570.977301,133.425005,63.494551,71.547712,129.594649,227.608915,279.574443,373.837509,456.014921,533.047829,577.616861,107.067153,0.000000,88.044413,149.684916,236.766327,272.977578,365.977192,457.338274,526.279067,604.969740
92,719.427773,694.252202,666.850498,674.753539,673.026106,723.678520,709.304966,744.539501,759.141004,828.861929,638.580999,620.173775,614.088074,612.796693,604.517611,608.376014,638.875555,673.829316,727.065887,738.880664,589.306474,557.383179,549.570963,538.301106,554.568919,568.578668,576.333903,617.163312,662.157389,718.167493,514.898830,481.202921,486.204725,459.454088,485.322349,471.339093,533.764071,549.493193,624.081887,650.850412,430.573929,399.877732,392.966454,389.082889,418.081174,410.864864,482.840405,487.883570,557.795072,591.586258,364.616047,360.583895,306.078701,299.949968,333.484235,341.504189,399.573355,449.934280,502.670055,565.318075,303.663957,281.521612,221.010606,258.117784,272.371469,291.965083,349.934507,436.300135,454.412531,562.094944,249.815219,181.146027,142.384278,162.809271,193.070445,275.973853,300.037511,375.124706,454.944747,500.513850,220.937692,142.088903,85.700070,82.038450,164.066401,209.092770,305.665870,382.051955,456.990892,501.523793,184.656759,88.044413,0.000000,68.382855,152.735447,190.932138,284.092115,375.239597,446.411508,523.700916
93,735.096155,702.177598,665.854945,665.806120,658.866613,700.901677,680.217427,709.393372,719.600525,784.209887,653.540693,630.706136,614.229647,605.768441,585.349074,585.606959,604.391408,634.101121,684.866325,691.471426,606.881391,569.131895,552.185697,529.251462,534.608633,540.938023,543.663598,574.740187,615.966023,667.790871,536.380544,493.770114,486.688066,452.839918,463.819277,443.457192,495.719907,505.147991,573.934838,595.595385,454.559593,412.734558,394.274106,380.602651,396.239796,378.856631,438.182948,437.093405,501.857810,532.503082,400.142571,379.154391,313.200856,285.327337,307.642752,303.002285,352.066672,396.608331,445.274986,503.699052,340.252445,304.842149,228.440259,246.475939,246.545070,245.600616,295.516294,375.048142,390.046795,496.987786,295.051496,212.504038,151.654986,156.890807,147.816964,218.760755,237.835631,308.904492,388.240907,432.524905,277.478005,192.476319,116.269675,60.973344,102.235639,142.094950,238.665714,313.732354,388.623452,433.164627,251.718830,149.684916,68.382855,0.000000,87.141120,123.687704,216.922626,308.269504,378.608961,456.425913
94,791.449076,751.184602,705.804892,696.683629,683.530790,713.874824,684.720520,704.572968,707.795275,763.286443,709.933760,683.075586,656.092850,639.747093,604.847581,600.364462,602.122989,623.147046,669.158576,666.731780,666.173820,623.440171,597.615068,562.245874,554.082536,549.899060,545.288787,560.346254,594.399418,637.910649,599.909986,549.985533,531.110703,490.381947,483.032153,454.626266,490.191027,488.907620,545.813489,556.998935,521.252510,470.816589,441.895403,418.309315,417.234845,386.469196,423.198058,410.724858,463.317637,486.322691,475.930882,442.898113,369.220645,320.727552,327.651266,304.634714,335.182868,366.344184,404.676645,451.642447,417.526620,374.177899,289.145607,287.984827,271.178644,238.133835,267.490546,326.653703,332.004039,434.844966,377.484152,289.949583,220.345167,213.565320,157.696333,190.345817,193.213979,245.975418,321.504857,358.377072,363.951831,278.023934,198.659383,131.001356,87.624702,87.946525,174.563461,237.301409,308.564180,352.715345,337.381645,236.766327,152.735447,87.141120,0.000000,39.908826,131.765908,222.620774,294.707623,371.195937
95,802.199493,758.120973,708.304297,694.790738,678.763831,703.605092,670.863504,686.653264,686.991854,738.687812,721.002881,692.082228,659.804327,639.663083,598.161198,591.549202,585.823932,603.093368,646.954584,641.019196,679.036329,633.781279,603.475726,562.214826,547.763317,538.863291,531.067298,539.262219,570.243692,610.384949,615.488297,561.793923,536.944941,493.187130,477.259432,445.520465,473.367912,467.604599,519.389046,526.657979,539.103352,484.239932,450.203162,422.043507,413.107918,376.731983,403.079600,386.054943,433.500293,453.683211,499.687667,459.655044,382.733955,325.134828,324.739567,293.938513,315.578381,340.627935,374.535430,417.234020,442.626797,394.763339,306.478149,296.113166,272.023615,225.553624,244.580094,294.375572,296.355167,397.551369,406.617063,316.323761,243.406989,231.301143,158.716943,170.309824,165.329149,209.475947,283.416775,318.772768,397.414980,310.595248,229.521500,159.003329,89.685727,64.756619,138.741521,197.568490,268.690132,312.882089,375.260715,272.977578,190.932138,123.687704,39.908826,0.000000,93.253304,184.582491,255.597848,332.838111
96,859.268514,808.308889,750.155643,727.635467,705.537370,717.439056,676.365298,681.499271,674.018696,714.266375,779.196324,746.719690,704.584580,676.970132,621.756499,610.378508,586.421987,593.391121,630.576912,614.405558,740.741763,691.387018,653.084526,600.720787,573.045121,553.427403,538.007331,527.865861,549.399476,578.560358,682.327280,622.743221,587.394793,538.566458,505.234517,466.839572,475.037125,457.276360,492.599491,486.842570,610.253717,548.887393,506.635421,470.727399,446.353236,398.893684,398.103267,368.488157,397.573907,406.966516,579.764735,529.959367,449.214900,377.976919,363.764845,317.994476,316.098928,321.807125,339.359704,364.274908,524.867923,471.507033,380.298471,356.400935,320.893974,250.763363,241.116378,254.870176,241.873517,331.574939,493.793931,401.224515,325.846169,307.857869,217.372360,184.911362,157.373186,156.609048,215.936863,238.155810,488.645062,401.405789,319.536467,247.970087,161.544852,109.752425,102.652522,118.648078,180.605373,223.760376,468.507243,365.977192,284.092115,216.922626,131.765908,93.253304,0.000000,91.374691,163.093228,239.612767
97,923.765460,867.483235,802.883111,772.940311,745.849652,745.997702,697.875255,692.769040,677.741459,705.677352,845.111477,810.015292,760.231824,726.715649,660.600570,645.242719,605.127109,602.016424,631.740338,605.406664,809.708279,757.509265,713.236173,652.567619,614.281240,585.727401,563.812586,536.543970,547.966881,564.866710,755.650305,692.075788,649.031828,596.983118,550.284990,507.370834,497.895249,469.385162,486.716574,466.988618,687.259848,621.712386,573.997581,532.976571,497.293638,442.536218,417.933665,377.694628,385.734419,382.268780,663.203702,607.000631,524.546156,445.451717,421.902540,367.100089,345.885136,332.900830,331.819550,334.117488,609.981803,553.392040,461.305822,429.406882,387.584976,305.487625,274.380034,250.138908,220.012022,285.984772,582.084304,488.539784,412.359586,391.501217,294.712714,239.801229,200.906990,153.707683,178.547274,175.355543,579.228111,491.865628,409.779085,338.046460,247.454746,192.660307,140.372720,84.635132,106.418655,144.030651,559.765475,457.338274,375.239597,308.269504,222.620774,184.582491,91.374691,0.000000,75.878239,148.633828
98,953.855239,892.595881,822.306441,785.788600,754.491250,744.373498,690.839861,677.278373,656.295430,674.093008,877.113375,839.602567,782.783037,744.086295,668.979677,650.361786,597.126410,585.716436,608.883670,574.843407,845.097452,790.335299,740.539672,672.728839,625.446600,589.598916,562.557188,521.562146,524.486563,531.274568,796.045550,728.721516,678.441128,623.984053,565.917458,519.943783,495.636755,458.933349,461.023415,430.574190,732.211890,662.640915,609.898139,564.546592,519.218973,459.470381,415.583760,368.146244,358.402706,344.521101,716.094420,652.621790,569.175181,483.553419,452.052396,391.251085,354.935088,327.212669,310.642419,293.865867,665.425741,605.072709,512.897094,473.133705,426.330118,337.088445,290.783353,237.594036,195.901791,235.152125,642.490725,547.909577,471.231051,447.042459,345.907141,275.732927,232.390085,158.728508,146.003005,116.954362,644.416769,557.006938,474.785133,403.196455,308.305119,252.760195,178.357610,91.889862,46.556637,71.270190,630.274271,526.279067,446.411508,378.608961,294.707623,255.597848,163.093228,75.878239,0.000000,80.717349
99,1025.939937,962.246245,888.966400,848.534836,814.601943,797.034086,739.580812,718.787641,692.389756,699.366953,950.280591,911.703676,851.385249,809.860955,729.468018,708.747509,646.034770,627.569433,644.177403,602.604693,919.845909,864.085199,811.811305,740.491787,688.095127,647.655250,617.182075,565.562411,560.470780,556.412490,872.854174,804.244760,750.968450,695.593309,631.786055,584.411360,550.409534,507.930231,496.082738,454.765727,810.602345,739.892721,685.472255,638.537191,588.938426,527.107976,471.700247,420.005044,394.789307,370.113009,796.290071,731.317986,647.758101,560.421352,526.119040,463.290755,419.753106,383.204772,354.802162,318.948409,745.962421,685.153555,593.055875,551.726456,503.683197,412.750885,360.932266,292.554642,244.872424,250.207571,723.181036,628.621021,551.944513,527.677790,426.262977,353.444076,309.505004,229.240077,193.625824,138.719642,724.485907,637.050051,554.811273,483.127971,388.826918,333.270901,257.861142,169.165157,98.602666,76.840646,708.094118,604.969740,523.700916,456.425913,371.195937,332.838111,239.612767,148.633828,80.717349,0.000000
